node_id,initial_energy,remaining_energy,lifetime
0,100,6.22694,300
1,100,0,204.424
2,100,0,232.021
3,100,0,291.38
4,100,4.51653,300
5,100,0,231.276
6,100,0,254.708
7,100,0,223.54
8,100,0,246.499
9,100,6.25741,300
10,100,0,239.683
11,100,0,255.363
12,100,0,288.48
13,100,0,272.401
14,100,9.43432,300
15,100,0,257.437
16,100,0,286.06
17,100,3.30191,300
18,100,0,292.561
19,100,6.72632,300
20,100,0,296.097
21,100,2.74036,300
22,100,4.17655,300
23,100,5.99423,300
24,100,6.29064,300
