node_id,initial_energy,remaining_energy,lifetime
0,100,6.78245,300
1,100,0,218.574
2,100,0,218.116
3,100,0,258.277
4,100,0,298.015
5,100,0,215.416
6,100,0,189.395
7,100,0,202.175
8,100,0,213.838
9,100,0.348629,300
10,100,0,215.571
11,100,0,274.142
12,100,0,243.123
13,100,0,247.324
14,100,9.51449,300
15,100,0,272.513
16,100,0,283.555
17,100,0,276.309
18,100,0,291.855
19,100,9.20681,300
20,100,0,299.273
21,100,6.31329,300
22,100,1.19658,300
23,100,5.3455,300
24,100,6.69033,300
