node_id,initial_energy,remaining_energy,lifetime
0,100,6.26004,300
1,100,0,180.186
2,100,0,215.765
3,100,0,240.312
4,100,1.98054,300
5,100,0,194.461
6,100,0,217.321
7,100,0,241.709
8,100,0,229.056
9,100,0.709267,300
10,100,0,236.435
11,100,0,251.693
12,100,4.32807,300
13,100,0,228.657
14,100,0,294.378
15,100,0,270.877
16,100,0,285.168
17,100,6.83677,300
18,100,0,281.213
19,100,0,294.793
20,100,1.09618,300
21,100,2.73762,300
22,100,7.54231,300
23,100,2.7309,300
24,100,3.98015,300
