node_id,initial_energy,remaining_energy,lifetime
0,100,6.83554,300
1,100,0,217.293
2,100,0,211.06
3,100,0,265.807
4,100,0,299.738
5,100,0,222.478
6,100,0,201.535
7,100,0,216.649
8,100,0,277.031
9,100,9.19327,300
10,100,0,231.003
11,100,0,264.594
12,100,0,262.624
13,100,0,274.698
14,100,0,285.679
15,100,0,263.692
16,100,0,294.039
17,100,0,279.276
18,100,4.32843,300
19,100,3.6304,300
20,100,0,299.517
21,100,0.753228,300
22,100,2.49539,300
23,100,8.79961,300
24,100,8.85836,300
