node_id,initial_energy,remaining_energy,lifetime
0,100,6.08614,300
1,100,0,192.942
2,100,0,254.243
3,100,0,295.152
4,100,8.17945,300
5,100,0,183.761
6,100,0,191.249
7,100,0,201.058
8,100,0,177.556
9,100,0,249.077
10,100,0,242.521
11,100,0,256.356
12,100,0,267.42
13,100,0,246.482
14,100,0,276.138
15,100,0,273.91
16,100,0.0362511,300
17,100,0,270.59
18,100,0.379542,300
19,100,1.02656,300
20,100,1.55767,300
21,100,0.973769,300
22,100,0.684259,300
23,100,0.242697,300
24,100,2.79546,300
