node_id,initial_energy,remaining_energy,lifetime
0,100,7.51607,300
1,100,0,223.913
2,100,0,261.586
3,100,0,263.223
4,100,0,298.33
5,100,0,229.147
6,100,0,275.55
7,100,7.95316,300
8,100,8.46435,300
9,100,8.68478,300
10,100,2.00086,300
11,100,1.60795,300
12,100,7.16195,300
13,100,8.6979,300
14,100,9.14677,300
15,100,1.53691,300
16,100,5.14842,300
17,100,9.17215,300
18,100,8.84376,300
19,100,8.99174,300
20,100,0,298.429
21,100,6.30688,300
22,100,9.61633,300
23,100,9.66152,300
24,100,9.65241,300
