node_id,initial_energy,remaining_energy,lifetime
0,100,6.65314,300
1,100,0,203.591
2,100,0,262.607
3,100,9.68969,300
4,100,9.85813,300
5,100,0,203.677
6,100,0,214.361
7,100,0,238.99
8,100,0,278.351
9,100,9.26454,300
10,100,0,236.185
11,100,0,236.899
12,100,0,272.564
13,100,0,280.503
14,100,0,269.664
15,100,0.255696,300
16,100,0.517503,300
17,100,0,277.862
18,100,6.02044,300
19,100,0,284.996
20,100,9.84987,300
21,100,8.95723,300
22,100,1.73838,300
23,100,8.95591,300
24,100,8.17202,300
