node_id,initial_energy,remaining_energy,lifetime
0,100,6.70937,300
1,100,0,195.732
2,100,0,238.897
3,100,0,268.434
4,100,0,290.649
5,100,0,203.591
6,100,0,202.353
7,100,0,197.059
8,100,0,246.67
9,100,0.388582,300
10,100,0,239.086
11,100,0,286.771
12,100,0,259.758
13,100,0,277.826
14,100,7.4441,300
15,100,0,299.327
16,100,5.45238,300
17,100,0,276.021
18,100,1.68132,300
19,100,7.50269,300
20,100,0.799188,300
21,100,9.37063,300
22,100,1.47969,300
23,100,9.25956,300
24,100,8.80129,300
