node_id,initial_energy,remaining_energy,lifetime
0,100,6.19358,300
1,100,0,201.526
2,100,0,250.198
3,100,0,285.282
4,100,2.52257,300
5,100,0,220.056
6,100,0,195.677
7,100,0,195.814
8,100,0,250.425
9,100,7.05066,300
10,100,0,254.102
11,100,0,260.955
12,100,0,251.49
13,100,0,281.281
14,100,0,290.842
15,100,0,297.338
16,100,0,288.218
17,100,0,298.365
18,100,0,293.749
19,100,3.65849,300
20,100,9.55731,300
21,100,2.49974,300
22,100,7.08701,300
23,100,3.68022,300
24,100,9.86028,300
