node_id,initial_energy,remaining_energy,lifetime
0,100,8.01978,300
1,100,0,267.708
2,100,0,290.286
3,100,0,291.576
4,100,0,293.452
5,100,0,267.627
6,100,0,279.054
7,100,8.13366,300
8,100,8.73939,300
9,100,8.99796,300
10,100,0,286.261
11,100,0,286.424
12,100,9.06453,300
13,100,8.79852,300
14,100,9.32993,300
15,100,9.68058,300
16,100,9.06104,300
17,100,9.16664,300
18,100,9.17734,300
19,100,9.13226,300
20,100,9.86283,300
21,100,9.20072,300
22,100,9.63226,300
23,100,9.67424,300
24,100,9.8592,300
