node_id,initial_energy,remaining_energy,lifetime
0,100,8.21569,300
1,100,1.10459,300
2,100,8.50109,300
3,100,7.90572,300
4,100,9.42118,300
5,100,0,247.701
6,100,0,286.128
7,100,0,274.689
8,100,8.44778,300
9,100,8.82274,300
10,100,0,291.368
11,100,5.58261,300
12,100,0,289.348
13,100,9.06638,300
14,100,9.62887,300
15,100,0,293.439
16,100,6.54775,300
17,100,1.76073,300
18,100,9.08304,300
19,100,9.68155,300
20,100,0,297.259
21,100,9.4618,300
22,100,2.51258,300
23,100,9.11227,300
24,100,9.85973,300
