node_id,initial_energy,remaining_energy,lifetime
0,100,9.04577,300
1,100,0,296.965
2,100,1.84491,300
3,100,7.37912,300
4,100,6.94869,300
5,100,0.269643,300
6,100,0,287.907
7,100,0,283.241
8,100,7.54143,300
9,100,8.40092,300
10,100,3.11185,300
11,100,0,287.776
12,100,0,289.776
13,100,8.6963,300
14,100,9.5954,300
15,100,9.65369,300
16,100,0,289.494
17,100,9.0372,300
18,100,8.75257,300
19,100,9.16447,300
20,100,9.85166,300
21,100,9.18997,300
22,100,9.41168,300
23,100,8.94325,300
24,100,9.3465,300
