node_id,initial_energy,remaining_energy,lifetime
0,100,7.88512,300
1,100,0,265.976
2,100,1.77484,300
3,100,0.784424,300
4,100,9.83568,300
5,100,0,247.801
6,100,0,268.733
7,100,1.66805,300
8,100,0,282.13
9,100,9.21525,300
10,100,1.59733,300
11,100,0,277.194
12,100,5.48068,300
13,100,0,284.726
14,100,9.62431,300
15,100,1.93585,300
16,100,0,281.174
17,100,7.68663,300
18,100,0,290.531
19,100,9.67621,300
20,100,0,295.434
21,100,4.85524,300
22,100,7.67866,300
23,100,8.52286,300
24,100,9.84937,300
