node_id,initial_energy,remaining_energy,lifetime
0,100,8.44319,300
1,100,0,279.638
2,100,6.46323,300
3,100,9.20819,300
4,100,9.86692,300
5,100,0,286.815
6,100,0,259.863
7,100,0,288.518
8,100,0,289.293
9,100,0.272189,300
10,100,8.61008,300
11,100,0,286.4
12,100,8.28851,300
13,100,0,294.138
14,100,9.5485,300
15,100,9.16047,300
16,100,9.1334,300
17,100,8.66627,300
18,100,8.76116,300
19,100,9.18486,300
20,100,9.84529,300
21,100,9.74757,300
22,100,9.44994,300
23,100,9.15751,300
24,100,9.86417,300
