node_id,initial_energy,remaining_energy,lifetime
0,100,7.17252,300
1,100,0,229.216
2,100,0,244.866
3,100,0,292.068
4,100,0,295.799
5,100,0,223.681
6,100,0,195.741
7,100,0,259.278
8,100,0,294.087
9,100,9.69096,300
10,100,0,285.308
11,100,0,265.993
12,100,9.1789,300
13,100,0,293.992
14,100,0,295.35
15,100,6.97635,300
16,100,0,259.028
17,100,9.21754,300
18,100,9.20095,300
19,100,0,295.86
20,100,9.77031,300
21,100,0,295.92
22,100,9.5948,300
23,100,9.65767,300
24,100,9.85065,300
