node_id,initial_energy,remaining_energy,lifetime
0,100,7.57629,300
1,100,0,234.745
2,100,0,245.8
3,100,0,252.67
4,100,0,295.354
5,100,0,247.464
6,100,0,201.048
7,100,0,227.46
8,100,0,293.246
9,100,9.62435,300
10,100,0,264.973
11,100,0,288.63
12,100,0,294.375
13,100,0,292.846
14,100,9.63414,300
15,100,0,290.672
16,100,0,290.477
17,100,9.11312,300
18,100,0,293.085
19,100,9.22974,300
20,100,9.84859,300
21,100,9.7193,300
22,100,9.6326,300
23,100,0,296.215
24,100,9.85998,300
