node_id,initial_energy,remaining_energy,lifetime
0,100,6.38579,300
1,100,0,206.697
2,100,0,263.647
3,100,9.68984,300
4,100,9.77835,300
5,100,0,238.393
6,100,0,230.064
7,100,0,216.72
8,100,0,246.273
9,100,9.25537,300
10,100,0,292.507
11,100,0,263.951
12,100,0,257.816
13,100,0,225.375
14,100,0,261.861
15,100,9.63288,300
16,100,7.6866,300
17,100,0,290.2
18,100,0,292.897
19,100,0,262.782
20,100,9.86416,300
21,100,9.28314,300
22,100,0,294.094
23,100,9.2754,300
24,100,0,297.784
