node_id,initial_energy,remaining_energy,lifetime
0,100,8.70749,300
1,100,0,275.236
2,100,0,275.882
3,100,0,289.326
4,100,0,291.847
5,100,0,267.135
6,100,0.0637621,300
7,100,0,296.139
8,100,0,295.827
9,100,5.15831,300
10,100,0,286.063
11,100,4.26309,300
12,100,4.15449,300
13,100,0.872137,300
14,100,5.60066,300
15,100,0,286.112
16,100,9.0752,300
17,100,8.95757,300
18,100,3.95437,300
19,100,7.15368,300
20,100,0,288.402
21,100,9.12376,300
22,100,9.62204,300
23,100,7.72926,300
24,100,7.92838,300
