node_id,initial_energy,remaining_energy,lifetime
0,100,6.87533,300
1,100,0,206.129
2,100,0,288.663
3,100,0,295.999
4,100,9.81315,300
5,100,0,214.694
6,100,0,232.171
7,100,0,288.999
8,100,0,259.688
9,100,0,296.626
10,100,0,259.187
11,100,0,259.846
12,100,9.12034,300
13,100,0,294.904
14,100,9.62787,300
15,100,0,294.657
16,100,0,296.146
17,100,9.19732,300
18,100,0,296.589
19,100,9.67357,300
20,100,0,298.22
21,100,9.68723,300
22,100,9.62338,300
23,100,9.26339,300
24,100,9.85739,300
