node_id,initial_energy,remaining_energy,lifetime
0,100,6.97721,300
1,100,0,201.608
2,100,0,275.299
3,100,0,275.691
4,100,2.46489,300
5,100,0,208.151
6,100,0,250.233
7,100,0,278.189
8,100,6.1281,300
9,100,0,297.575
10,100,0,260.36
11,100,8.66502,300
12,100,0,296.137
13,100,9.21141,300
14,100,9.63783,300
15,100,0,295.754
16,100,9.04899,300
17,100,0,295.717
18,100,9.20383,300
19,100,9.68893,300
20,100,0,299.255
21,100,9.6723,300
22,100,0,298.56
23,100,9.22679,300
24,100,9.84612,300
