node_id,initial_energy,remaining_energy,lifetime
0,100,6.3472,300
1,100,0,212.159
2,100,0,290.89
3,100,9.29291,300
4,100,9.80186,300
5,100,0,225.404
6,100,0,213.433
7,100,0,222.834
8,100,0,224.993
9,100,0,262.404
10,100,0,292.588
11,100,0,295.248
12,100,8.78054,300
13,100,0,261.544
14,100,0,297.73
15,100,0,292.721
16,100,9.21458,300
17,100,8.95872,300
18,100,0,295.77
19,100,9.24992,300
20,100,0,296.407
21,100,9.71636,300
22,100,9.46696,300
23,100,0,298.151
24,100,9.84324,300
