node_id,initial_energy,remaining_energy,lifetime
0,100,7.19953,300
1,100,0,222.254
2,100,0,268.525
3,100,0,291.654
4,100,0,296.576
5,100,0,234.791
6,100,0,243.167
7,100,0,231.354
8,100,0,223.271
9,100,8.9309,300
10,100,0,278.582
11,100,0,252.065
12,100,0,292.08
13,100,0,257.661
14,100,8.89696,300
15,100,9.62784,300
16,100,0,255.573
17,100,9.21235,300
18,100,0,257.761
19,100,0,293.485
20,100,9.81292,300
21,100,0,293.908
22,100,9.61851,300
23,100,0,295.688
24,100,0,296.883
