node_id,initial_energy,remaining_energy,lifetime
0,100,7.6233,300
1,100,0,243.356
2,100,0,263.864
3,100,0,288.014
4,100,0,293.268
5,100,0,238.284
6,100,0,241.769
7,100,0,229.056
8,100,0,294.87
9,100,9.252,300
10,100,0,250.995
11,100,0,289.414
12,100,0,292.038
13,100,0,291.251
14,100,0,292.99
15,100,0,291.696
16,100,9.16587,300
17,100,8.92001,300
18,100,0,295.275
19,100,0,296.484
20,100,0,293.966
21,100,9.20613,300
22,100,9.3849,300
23,100,0,297.94
24,100,9.8592,300
