node_id,initial_energy,remaining_energy,lifetime
0,100,8.84446,300
1,100,0,289.44
2,100,0,292.342
3,100,0,293.176
4,100,0,294.982
5,100,0,288.574
6,100,3.11468,300
7,100,7.76701,300
8,100,8.34864,300
9,100,8.64593,300
10,100,2.35909,300
11,100,3.30256,300
12,100,8.24661,300
13,100,8.71774,300
14,100,9.2064,300
15,100,1.03746,300
16,100,3.49258,300
17,100,8.67958,300
18,100,8.69417,300
19,100,9.16791,300
20,100,0,293.129
21,100,5.2272,300
22,100,9.62934,300
23,100,9.66489,300
24,100,9.85551,300
