node_id,initial_energy,remaining_energy,lifetime
0,100,6.91013,300
1,100,0,220.89
2,100,0,267.044
3,100,9.42279,300
4,100,9.83402,300
5,100,0,258.058
6,100,0,257.526
7,100,0,241.424
8,100,0,271.128
9,100,9.26639,300
10,100,1.81726,300
11,100,0,273.29
12,100,0,284.746
13,100,0,266.829
14,100,0,266.732
15,100,9.63796,300
16,100,3.6561,300
17,100,0,291.06
18,100,2.00654,300
19,100,0,288.377
20,100,9.8576,300
21,100,8.93456,300
22,100,0,295.511
23,100,9.13092,300
24,100,7.78449,300
