node_id,initial_energy,remaining_energy,lifetime
0,100,6.90798,300
1,100,0,216.576
2,100,0,299.137
3,100,0,295.554
4,100,9.80279,300
5,100,0,215.649
6,100,0,240.204
7,100,0,296.198
8,100,0,258.83
9,100,0.846609,300
10,100,0,274.987
11,100,0,257.155
12,100,4.9674,300
13,100,0,289.226
14,100,9.53242,300
15,100,3.30231,300
16,100,0,291.89
17,100,8.10291,300
18,100,0.53211,300
19,100,9.66917,300
20,100,0.683407,300
21,100,5.74262,300
22,100,8.22845,300
23,100,8.76096,300
24,100,9.86438,300
