node_id,initial_energy,remaining_energy,lifetime
0,100,7.56822,300
1,100,0,243.079
2,100,1.20017,300
3,100,8.70634,300
4,100,9.6678,300
5,100,0,271.326
6,100,0,269.247
7,100,0,266.434
8,100,0,266.946
9,100,9.43004,300
10,100,0,293.191
11,100,0,265.316
12,100,0,297.166
13,100,0.543931,300
14,100,9.36322,300
15,100,9.57293,300
16,100,0,265.962
17,100,8.85671,300
18,100,0.605916,300
19,100,1.3103,300
20,100,9.76551,300
21,100,0,299.584
22,100,9.36568,300
23,100,9.14486,300
24,100,9.40058,300
