node_id,initial_energy,remaining_energy,lifetime
0,100,7.56012,300
1,100,0,245.216
2,100,0,275.06
3,100,0,267.029
4,100,0,297.256
5,100,0,259.116
6,100,0,209.049
7,100,0,235.311
8,100,0,298.186
9,100,6.18715,300
10,100,0,283.68
11,100,5.3024,300
12,100,0,292.877
13,100,6.8711,300
14,100,9.6232,300
15,100,0,289.778
16,100,7.57019,300
17,100,8.77752,300
18,100,8.77819,300
19,100,9.21631,300
20,100,9.85791,300
21,100,9.72765,300
22,100,9.6764,300
23,100,9.1029,300
24,100,9.6657,300
