node_id,initial_energy,remaining_energy,lifetime
0,100,7.53436,300
1,100,0,241.182
2,100,0,268.358
3,100,3.52975,300
4,100,1.87369,300
5,100,0,244.929
6,100,0,214.991
7,100,0,249.622
8,100,0,298.095
9,100,6.87604,300
10,100,0,284.401
11,100,0,296.105
12,100,0,294.375
13,100,3.0186,300
14,100,3.78129,300
15,100,7.72584,300
16,100,0,285.684
17,100,3.94931,300
18,100,9.0938,300
19,100,3.96731,300
20,100,9.04782,300
21,100,1.58993,300
22,100,6.9742,300
23,100,9.66848,300
24,100,9.86975,300
