node_id,initial_energy,remaining_energy,lifetime
0,100,6.66549,300
1,100,0,218.375
2,100,0,285.985
3,100,8.0613,300
4,100,8.51613,300
5,100,0,246.475
6,100,0,239.04
7,100,0,267.592
8,100,0,208.099
9,100,0,274.597
10,100,0,291.737
11,100,0,289.579
12,100,7.30378,300
13,100,0,234.242
14,100,0.91283,300
15,100,0,292.335
16,100,9.07426,300
17,100,8.46243,300
18,100,8.35443,300
19,100,9.22038,300
20,100,0,295.939
21,100,9.61925,300
22,100,9.09089,300
23,100,8.35124,300
24,100,9.83874,300
