node_id,initial_energy,remaining_energy,lifetime
0,100,7.62299,300
1,100,0,253.046
2,100,0,272.557
3,100,0,293.33
4,100,0,295.24
5,100,0,247.951
6,100,0,257.083
7,100,0,258.146
8,100,6.65119,300
9,100,9.09152,300
10,100,0,272.243
11,100,0,280.588
12,100,0,292.437
13,100,2.72165,300
14,100,2.09244,300
15,100,2.53723,300
16,100,3.255,300
17,100,7.21412,300
18,100,8.90599,300
19,100,5.66773,300
20,100,0,297.793
21,100,5.26728,300
22,100,9.523,300
23,100,9.43919,300
24,100,9.84835,300
