node_id,initial_energy,remaining_energy,lifetime
0,100,7.00072,300
1,100,0,201.198
2,100,0,255.568
3,100,0,289.71
4,100,6.44363,300
5,100,0,203.746
6,100,0,203.91
7,100,0,237.486
8,100,0,297.198
9,100,5.42982,300
10,100,0,249.246
11,100,0,280.534
12,100,0,270.932
13,100,9.08433,300
14,100,9.6335,300
15,100,0,298.53
16,100,3.7009,300
17,100,0,270.933
18,100,9.10989,300
19,100,9.67431,300
20,100,0.538392,300
21,100,9.44275,300
22,100,0.586179,300
23,100,9.13066,300
24,100,9.85229,300
