node_id,initial_energy,remaining_energy,lifetime
0,100,7.36005,300
1,100,0,223.986
2,100,2.16309,300
3,100,0.740536,300
4,100,8.20121,300
5,100,0,213.188
6,100,0,252.793
7,100,0,276.271
8,100,6.93437,300
9,100,7.34527,300
10,100,0,260.819
11,100,6.02921,300
12,100,0,290.693
13,100,9.10607,300
14,100,9.64294,300
15,100,0,298.955
16,100,6.85902,300
17,100,1.1586,300
18,100,9.1125,300
19,100,9.68054,300
20,100,0.693384,300
21,100,9.4725,300
22,100,1.86288,300
23,100,9.13675,300
24,100,9.84721,300
