node_id,initial_energy,remaining_energy,lifetime
0,100,7.32576,300
1,100,0,235.912
2,100,0,261.42
3,100,2.2153,300
4,100,1.0193,300
5,100,0,241.842
6,100,0,209.704
7,100,0,252.363
8,100,0,297.45
9,100,7.26303,300
10,100,0,285.314
11,100,0,295.507
12,100,1.47062,300
13,100,2.25539,300
14,100,2.88557,300
15,100,8.16931,300
16,100,0,285.096
17,100,4.19234,300
18,100,9.04105,300
19,100,2.81694,300
20,100,9.27173,300
21,100,2.16605,300
22,100,7.7852,300
23,100,9.66983,300
24,100,9.85728,300
