node_id,initial_energy,remaining_energy,lifetime
0,100,7.50991,300
1,100,0,244.422
2,100,0,276.576
3,100,0,267.631
4,100,0,297.85
5,100,0,255.396
6,100,0,209.531
7,100,0,235.643
8,100,0.57695,300
9,100,6.36423,300
10,100,0,272.499
11,100,0.547826,300
12,100,0,293.978
13,100,8.3366,300
14,100,9.63,300
15,100,0,290.357
16,100,2.55561,300
17,100,8.97653,300
18,100,9.08041,300
19,100,9.21667,300
20,100,9.84859,300
21,100,9.7193,300
22,100,9.54816,300
23,100,9.30785,300
24,100,9.69882,300
