node_id,initial_energy,remaining_energy,lifetime
0,100,6.96906,300
1,100,0,221.762
2,100,0,299.827
3,100,0,294.274
4,100,9.79771,300
5,100,0,214.181
6,100,0,241.894
7,100,0,290.622
8,100,0,256.037
9,100,0.334126,300
10,100,0,273.729
11,100,0,260.485
12,100,5.35675,300
13,100,0,292.271
14,100,9.55604,300
15,100,3.18993,300
16,100,0,292.386
17,100,8.26583,300
18,100,0.0597759,300
19,100,9.65905,300
20,100,0.840393,300
21,100,6.14789,300
22,100,8.53823,300
23,100,8.90264,300
24,100,9.86438,300
