node_id,initial_energy,remaining_energy,lifetime
0,100,6.65479,300
1,100,0,217.054
2,100,0,285.945
3,100,8.59193,300
4,100,9.04303,300
5,100,0,247.408
6,100,0,232.011
7,100,0,259.586
8,100,0,209.384
9,100,0,272.744
10,100,0,292.455
11,100,0,288.794
12,100,6.95219,300
13,100,0,239.714
14,100,0.822068,300
15,100,0,293.091
16,100,9.01453,300
17,100,8.57982,300
18,100,8.73958,300
19,100,9.19093,300
20,100,0,296.36
21,100,9.54506,300
22,100,9.18678,300
23,100,8.85682,300
24,100,9.83014,300
