node_id,initial_energy,remaining_energy,lifetime
0,100,8.3716,300
1,100,0,249.847
2,100,0,295.937
3,100,0.416895,300
4,100,0.844224,300
5,100,0,290.913
6,100,0,287.941
7,100,0,284.172
8,100,0,287.495
9,100,8.79348,300
10,100,0.424291,300
11,100,0,292.9
12,100,0,296.861
13,100,8.47365,300
14,100,9.55247,300
15,100,9.61716,300
16,100,0,294.776
17,100,8.91133,300
18,100,8.5989,300
19,100,8.97223,300
20,100,9.85189,300
21,100,8.97995,300
22,100,9.45237,300
23,100,9.10073,300
24,100,9.30007,300
