node_id,initial_energy,remaining_energy,lifetime
0,100,7.43963,300
1,100,0,235.72
2,100,0,276.383
3,100,9.73783,300
4,100,9.84683,300
5,100,0,263.693
6,100,0,273.246
7,100,0,269.492
8,100,4.64755,300
9,100,9.15102,300
10,100,1.88205,300
11,100,0,277.338
12,100,0,293.38
13,100,4.9674,300
14,100,4.14351,300
15,100,9.66248,300
16,100,2.49868,300
17,100,0,295.898
18,100,7.84902,300
19,100,6.19092,300
20,100,9.85468,300
21,100,9.12567,300
22,100,0.181924,300
23,100,9.19161,300
24,100,9.46488,300
