node_id,initial_energy,remaining_energy,lifetime
0,100,7.9761,300
1,100,0,273.093
2,100,0,299.368
3,100,0.100597,300
4,100,9.83774,300
5,100,0,254.64
6,100,0,272.259
7,100,4.73593,300
8,100,0,284.889
9,100,9.22333,300
10,100,9.25408,300
11,100,0,284.436
12,100,9.11264,300
13,100,0,284.713
14,100,9.62971,300
15,100,9.06167,300
16,100,0,286.744
17,100,9.16296,300
18,100,0,286.804
19,100,9.6798,300
20,100,9.86579,300
21,100,9.66856,300
22,100,9.60449,300
23,100,9.21928,300
24,100,9.84277,300
