node_id,initial_energy,remaining_energy,lifetime
0,100,7.98275,300
1,100,0,269.605
2,100,0,286.255
3,100,0,288.338
4,100,9.85832,300
5,100,0,257.943
6,100,0,285.49
7,100,0,285.631
8,100,9.17655,300
9,100,9.20251,300
10,100,9.53618,300
11,100,9.12645,300
12,100,0,285.601
13,100,9.17998,300
14,100,9.62498,300
15,100,9.20011,300
16,100,9.1325,300
17,100,0,285.514
18,100,9.16873,300
19,100,9.68298,300
20,100,9.85775,300
21,100,9.66504,300
22,100,0,288.799
23,100,9.19519,300
24,100,9.86878,300
