node_id,initial_energy,remaining_energy,lifetime
0,100,7.97968,300
1,100,0,259.221
2,100,1.41485,300
3,100,9.72701,300
4,100,9.82426,300
5,100,0,269.61
6,100,0,291.977
7,100,0,273.264
8,100,0,270.453
9,100,9.20573,300
10,100,2.16822,300
11,100,0.779929,300
12,100,0.837067,300
13,100,0,285.571
14,100,0,287.123
15,100,9.66131,300
16,100,9.1861,300
17,100,9.13215,300
18,100,9.11036,300
19,100,0,289.091
20,100,9.86871,300
21,100,9.2123,300
22,100,9.57131,300
23,100,9.20565,300
24,100,9.86511,300
