node_id,initial_energy,remaining_energy,lifetime
0,100,7.99579,300
1,100,0,273.421
2,100,7.42541,300
3,100,7.56328,300
4,100,9.84169,300
5,100,0,262.155
6,100,0,249.055
7,100,0,250.138
8,100,0,283.07
9,100,9.65918,300
10,100,0,285.001
11,100,7.60259,300
12,100,0,287.241
13,100,0,282.984
14,100,9.62873,300
15,100,0,288.163
16,100,9.16984,300
17,100,9.1004,300
18,100,0,284.918
19,100,9.20558,300
20,100,9.85791,300
21,100,9.72814,300
22,100,9.65813,300
23,100,0,288.405
24,100,9.84923,300
