node_id,initial_energy,remaining_energy,lifetime
0,100,7.9517,300
1,100,0,272.868
2,100,0,297.9
3,100,9.73972,300
4,100,9.86233,300
5,100,0,263.082
6,100,0,272.322
7,100,0,283.869
8,100,0,284.985
9,100,9.21986,300
10,100,0,286.131
11,100,0,285.879
12,100,9.10661,300
13,100,0,284.657
14,100,0,285.849
15,100,9.67207,300
16,100,9.16953,300
17,100,9.18558,300
18,100,9.14427,300
19,100,0,286.948
20,100,9.85546,300
21,100,9.21776,300
22,100,9.64106,300
23,100,9.68067,300
24,100,9.85959,300
