node_id,initial_energy,remaining_energy,lifetime
0,100,8.60834,300
1,100,0,258.202
2,100,0,287.137
3,100,9.21616,300
4,100,9.85432,300
5,100,0,267.208
6,100,0,284.148
7,100,8.96821,300
8,100,9.16769,300
9,100,9.69094,300
10,100,0,286.272
11,100,0,284.534
12,100,9.17081,300
13,100,9.19485,300
14,100,9.64295,300
15,100,9.68086,300
16,100,0,285.602
17,100,9.17179,300
18,100,9.19266,300
19,100,9.19127,300
20,100,9.85642,300
21,100,0,287.946
22,100,9.63024,300
23,100,9.68176,300
24,100,9.87342,300
