node_id,initial_energy,remaining_energy,lifetime
0,100,8.54157,300
1,100,0,269.633
2,100,0,273.306
3,100,0,288.848
4,100,0,288.709
5,100,0,274.011
6,100,0,279.548
7,100,0,280.539
8,100,0,280.658
9,100,7.87696,300
10,100,1.74156,300
11,100,0,284.637
12,100,9.14826,300
13,100,0,286.431
14,100,9.11637,300
15,100,9.65235,300
16,100,0,286.725
17,100,9.17198,300
18,100,0,286.416
19,100,8.66974,300
20,100,9.84226,300
21,100,9.19102,300
22,100,9.63418,300
23,100,0,287.916
24,100,0,288.793
