node_id,initial_energy,remaining_energy,lifetime
0,100,8.01905,300
1,100,0,268.347
2,100,0,286.108
3,100,0,287.785
4,100,0,289.571
5,100,0,266.302
6,100,0,282.043
7,100,7.32444,300
8,100,8.68754,300
9,100,8.99265,300
10,100,0,286.387
11,100,0,289.536
12,100,9.05076,300
13,100,8.88013,300
14,100,9.15974,300
15,100,9.68606,300
16,100,9.14273,300
17,100,9.14469,300
18,100,9.16884,300
19,100,8.88507,300
20,100,9.86981,300
21,100,9.21178,300
22,100,9.6291,300
23,100,9.67546,300
24,100,9.8592,300
