node_id,initial_energy,remaining_energy,lifetime
0,100,8.52149,300
1,100,0,259.023
2,100,0,273.116
3,100,4.60787,300
4,100,2.94728,300
5,100,0,265.471
6,100,0,294.2
7,100,2.00473,300
8,100,5.74737,300
9,100,6.94758,300
10,100,0,286.582
11,100,4.64875,300
12,100,5.08046,300
13,100,8.30233,300
14,100,8.86363,300
15,100,9.69788,300
16,100,4.61353,300
17,100,5.9578,300
18,100,9.1734,300
19,100,9.1952,300
20,100,9.87165,300
21,100,2.83223,300
22,100,7.42756,300
23,100,9.66616,300
24,100,9.85717,300
