node_id,initial_energy,remaining_energy,lifetime
0,100,7.9683,300
1,100,0,289.619
2,100,8.57079,300
3,100,7.76831,300
4,100,9.59294,300
5,100,0,243.343
6,100,0,278.465
7,100,0,269.7
8,100,8.42563,300
9,100,9.22745,300
10,100,0,286.741
11,100,4.54895,300
12,100,0,278.665
13,100,8.96805,300
14,100,9.62611,300
15,100,0,286.696
16,100,5.85565,300
17,100,0,288.554
18,100,9.10005,300
19,100,9.67563,300
20,100,0,290.512
21,100,9.36627,300
22,100,0,291.47
23,100,9.12823,300
24,100,9.85032,300
