node_id,initial_energy,remaining_energy,lifetime
0,100,8.0842,300
1,100,0,249.11
2,100,0,283.314
3,100,9.72622,300
4,100,9.84539,300
5,100,0,290.655
6,100,0,297.218
7,100,0,294.196
8,100,0,294.914
9,100,9.14124,300
10,100,5.91456,300
11,100,2.52276,300
12,100,4.8881,300
13,100,5.06803,300
14,100,6.30095,300
15,100,9.67856,300
16,100,6.99171,300
17,100,9.03476,300
18,100,9.12725,300
19,100,7.13081,300
20,100,9.87085,300
21,100,9.20133,300
22,100,9.50141,300
23,100,9.19126,300
24,100,9.85879,300
