node_id,initial_energy,remaining_energy,lifetime
0,100,8.34336,300
1,100,0,279.198
2,100,7.04426,300
3,100,9.21763,300
4,100,9.86496,300
5,100,0,278.884
6,100,0,253.914
7,100,0,277.05
8,100,0,279.522
9,100,0,288.793
10,100,8.47663,300
11,100,0,285.84
12,100,7.72799,300
13,100,0,282.208
14,100,9.54439,300
15,100,9.1835,300
16,100,9.15409,300
17,100,8.22201,300
18,100,7.79197,300
19,100,9.19377,300
20,100,9.84379,300
21,100,9.73166,300
22,100,8.94162,300
23,100,7.69348,300
24,100,9.84327,300
