node_id,initial_energy,remaining_energy,lifetime
0,100,8.45525,300
1,100,0,291.464
2,100,9.16708,300
3,100,9.20322,300
4,100,9.86782,300
5,100,0,273.08
6,100,0,278.65
7,100,0,293.118
8,100,7.46182,300
9,100,9.68691,300
10,100,0,274.18
11,100,0,281.182
12,100,0,293.568
13,100,7.47669,300
14,100,9.65469,300
15,100,0,286.308
16,100,0,285.055
17,100,8.64877,300
18,100,9.04746,300
19,100,9.19929,300
20,100,9.84564,300
21,100,9.72039,300
22,100,9.56799,300
23,100,9.42191,300
24,100,9.81716,300
