node_id,initial_energy,remaining_energy,lifetime
0,100,7.19096,300
1,100,0,230.18
2,100,0,246.238
3,100,0,261.628
4,100,0,298.51
5,100,0,237.216
6,100,0,217.304
7,100,0,238.017
8,100,4.6774,300
9,100,9.1435,300
10,100,0,269.193
11,100,0,280.203
12,100,0,282.423
13,100,0,289.735
14,100,0,277.449
15,100,2.5092,300
16,100,3.98202,300
17,100,0.910275,300
18,100,6.00926,300
19,100,0.131275,300
20,100,0,298.227
21,100,5.36926,300
22,100,1.61317,300
23,100,9.45722,300
24,100,8.52058,300
