node_id,initial_energy,remaining_energy,lifetime
0,100,6.60801,300
1,100,0,193.421
2,100,0,264.254
3,100,0,294.968
4,100,9.79404,300
5,100,0,203.354
6,100,0,232.082
7,100,0,279.117
8,100,0,248.688
9,100,1.50953,300
10,100,0,242.939
11,100,0,252.806
12,100,4.60647,300
13,100,0,274.55
14,100,3.82192,300
15,100,0,278.675
16,100,0,282.725
17,100,7.04443,300
18,100,0.338722,300
19,100,4.18489,300
20,100,2.09385,300
21,100,0.946319,300
22,100,6.58432,300
23,100,8.13146,300
24,100,9.85087,300
