node_id,initial_energy,remaining_energy,lifetime
0,100,6.89092,300
1,100,0,227.287
2,100,0,237.584
3,100,0,279.024
4,100,2.4835,300
5,100,0,225.241
6,100,0,202.122
7,100,0,211.247
8,100,0,249.601
9,100,7.3479,300
10,100,0,253.946
11,100,0,295.86
12,100,0,293.422
13,100,0,288.367
14,100,0,290.684
15,100,0,295.538
16,100,0,285.663
17,100,3.39973,300
18,100,9.0057,300
19,100,3.55936,300
20,100,9.81751,300
21,100,1.7968,300
22,100,7.19158,300
23,100,9.68455,300
24,100,9.86028,300
