node_id,initial_energy,remaining_energy,lifetime
0,100,6.52917,300
1,100,0,214.198
2,100,0,264.618
3,100,9.6971,300
4,100,9.83785,300
5,100,0,243.252
6,100,0,252.063
7,100,0,237.212
8,100,0,275.518
9,100,9.22784,300
10,100,0,266.601
11,100,0,272.63
12,100,0,273.296
13,100,0,269.812
14,100,0,289.798
15,100,0,294.392
16,100,4.95367,300
17,100,0,268.419
18,100,2.08268,300
19,100,5.50722,300
20,100,9.84762,300
21,100,8.90477,300
22,100,0.332142,300
23,100,9.00323,300
24,100,9.82752,300
