node_id,initial_energy,remaining_energy,lifetime
0,100,6.8946,300
1,100,0,221.184
2,100,0,270.74
3,100,0,293.253
4,100,7.20212,300
5,100,0,237.522
6,100,0,243.5
7,100,0,229.384
8,100,0,276.657
9,100,8.344,300
10,100,0,266.968
11,100,0,237.312
12,100,0,279.083
13,100,1.32865,300
14,100,9.50322,300
15,100,9.28439,300
16,100,0,270.689
17,100,1.19148,300
18,100,2.20628,300
19,100,6.94759,300
20,100,9.76408,300
21,100,0.532952,300
22,100,2.18616,300
23,100,4.39897,300
24,100,5.00562,300
