node_id,initial_energy,remaining_energy,lifetime
0,100,7.15141,300
1,100,0,230.405
2,100,0,227.647
3,100,0,261.743
4,100,0,299.843
5,100,0,245.913
6,100,0,210.352
7,100,0,238.781
8,100,0,281.675
9,100,0,297.766
10,100,0,284.275
11,100,0,292.171
12,100,0.744206,300
13,100,5.82173,300
14,100,9.4604,300
15,100,0,292.282
16,100,0.792211,300
17,100,6.35101,300
18,100,7.98191,300
19,100,9.18051,300
20,100,9.85561,300
21,100,9.66234,300
22,100,6.36516,300
23,100,7.27747,300
24,100,8.09967,300
