node_id,initial_energy,remaining_energy,lifetime
0,100,5.97231,300
1,100,0,205.82
2,100,0,281.485
3,100,8.16277,300
4,100,8.81392,300
5,100,0,232.437
6,100,0,206.093
7,100,0,242.884
8,100,0,189.71
9,100,0,283.083
10,100,0,288.565
11,100,0,236.573
12,100,0,244.589
13,100,0,230.938
14,100,1.86915,300
15,100,0,296.116
16,100,8.61278,300
17,100,0,250.146
18,100,5.32311,300
19,100,9.13213,300
20,100,0.0882064,300
21,100,9.33325,300
22,100,0.302912,300
23,100,5.56521,300
24,100,7.26187,300
