node_id,initial_energy,remaining_energy,lifetime
0,100,8.32023,300
1,100,0,285.684
2,100,8.67187,300
3,100,9.19376,300
4,100,9.84182,300
5,100,0,274.472
6,100,0,264.594
7,100,0,282.265
8,100,5.0013,300
9,100,9.67448,300
10,100,0,289.799
11,100,1.41666,300
12,100,0,281.417
13,100,5.00015,300
14,100,9.63607,300
15,100,0,285.878
16,100,5.30589,300
17,100,7.80956,300
18,100,5.51388,300
19,100,9.19802,300
20,100,9.86103,300
21,100,9.72789,300
22,100,8.59466,300
23,100,5.02787,300
24,100,9.69193,300
