node_id,initial_energy,remaining_energy,lifetime
0,100,8.86808,300
1,100,0,289.451
2,100,2.31954,300
3,100,3.61891,300
4,100,2.74166,300
5,100,0,289.254
6,100,0,291.162
7,100,2.00156,300
8,100,3.29953,300
9,100,7.72414,300
10,100,2.48639,300
11,100,0,284.269
12,100,7.89441,300
13,100,5.05,300
14,100,9.54506,300
15,100,9.66667,300
16,100,0,285.793
17,100,7.94216,300
18,100,4.9811,300
19,100,9.05178,300
20,100,9.8454,300
21,100,9.1912,300
22,100,8.58147,300
23,100,4.30591,300
24,100,4.6592,300
