node_id,initial_energy,remaining_energy,lifetime
0,100,8.05472,300
1,100,0,275.225
2,100,1.15255,300
3,100,0,293.963
4,100,9.48593,300
5,100,0,260.237
6,100,0,284.627
7,100,0,281.114
8,100,6.02604,300
9,100,9.199,300
10,100,6.57703,300
11,100,4.88718,300
12,100,0,287.954
13,100,9.07134,300
14,100,9.6248,300
15,100,9.20011,300
16,100,5.05817,300
17,100,0,285.306
18,100,9.05871,300
19,100,9.67356,300
20,100,9.85775,300
21,100,9.4618,300
22,100,0,287.531
23,100,9.08464,300
24,100,9.85682,300
