node_id,initial_energy,remaining_energy,lifetime
0,100,8.50759,300
1,100,0,287.462
2,100,8.3766,300
3,100,8.74189,300
4,100,9.3708,300
5,100,0,284.87
6,100,0,261.013
7,100,0,287.707
8,100,0,268.625
9,100,0,289.073
10,100,8.78577,300
11,100,0,285.519
12,100,8.63433,300
13,100,0,271.246
14,100,9.54145,300
15,100,9.20088,300
16,100,9.15935,300
17,100,9.09274,300
18,100,9.08403,300
19,100,9.1927,300
20,100,9.84997,300
21,100,9.72603,300
22,100,9.72337,300
23,100,9.72686,300
24,100,9.8501,300
