node_id,initial_energy,remaining_energy,lifetime
0,100,8.04042,300
1,100,0,273.097
2,100,2.341,300
3,100,1.79518,300
4,100,9.85116,300
5,100,0,259.276
6,100,0,269.769
7,100,2.59329,300
8,100,0,284.34
9,100,9.21098,300
10,100,8.8824,300
11,100,0,285.293
12,100,7.4394,300
13,100,0,285.41
14,100,9.63341,300
15,100,8.88245,300
16,100,0,287.533
17,100,8.88827,300
18,100,0,287.678
19,100,9.6868,300
20,100,9.8595,300
21,100,9.67545,300
22,100,9.60067,300
23,100,9.21105,300
24,100,9.85948,300
