node_id,initial_energy,remaining_energy,lifetime
0,100,6.0385,300
1,100,0,206.413
2,100,0,218.174
3,100,0,256.186
4,100,0,291.341
5,100,0,194.168
6,100,0,173.59
7,100,0,181.083
8,100,0,180.4
9,100,0,295.815
10,100,0,235.16
11,100,0,295.122
12,100,0,250.642
13,100,0,205.518
14,100,8.23164,300
15,100,0,270.019
16,100,0,298.733
17,100,0,281.064
18,100,0,251.517
19,100,8.25938,300
20,100,0.857238,300
21,100,9.71612,300
22,100,2.44164,300
23,100,0,278.34
24,100,0.702709,300
