node_id,initial_energy,remaining_energy,lifetime
0,100,6.62183,300
1,100,0,202.702
2,100,0,199.547
3,100,0,243.829
4,100,0,277.344
5,100,0,215.032
6,100,0,191.115
7,100,0,187.563
8,100,0,220.051
9,100,1.00273,300
10,100,0,220.82
11,100,0,264.171
12,100,0,249.4
13,100,0,231.851
14,100,0,261.251
15,100,0,261.618
16,100,0,297.576
17,100,0,277.658
18,100,1.08246,300
19,100,0,273.931
20,100,0,298.176
21,100,0.0814402,300
22,100,2.24296,300
23,100,1.7999,300
24,100,1.95911,300
