node_id,initial_energy,remaining_energy,lifetime
0,100,7.44817,300
1,100,0,215.494
2,100,0,259.491
3,100,0,265.419
4,100,0.589299,300
5,100,0,223.685
6,100,0,272.088
7,100,2.7236,300
8,100,4.70661,300
9,100,6.20897,300
10,100,0,294.661
11,100,3.59434,300
12,100,6.20472,300
13,100,8.90687,300
14,100,6.58465,300
15,100,0,294.561
16,100,6.20746,300
17,100,6.57237,300
18,100,8.93145,300
19,100,7.68862,300
20,100,0,296.825
21,100,7.76634,300
22,100,8.32432,300
23,100,9.55405,300
24,100,8.40774,300
