node_id,initial_energy,remaining_energy,lifetime
0,100,6.2073,300
1,100,0,179.899
2,100,0,247.309
3,100,9.72059,300
4,100,9.80106,300
5,100,0,193.189
6,100,0,200.344
7,100,0,201.738
8,100,0,221
9,100,9.21198,300
10,100,0,215.513
11,100,0,227.628
12,100,0,254.557
13,100,0,202.141
14,100,0,231.685
15,100,0,269.476
16,100,0.061109,300
17,100,0,272.218
18,100,0,283.537
19,100,0,269.072
20,100,0.606719,300
21,100,9.28267,300
22,100,0.813209,300
23,100,2.53164,300
24,100,1.69952,300
