node_id,initial_energy,remaining_energy,lifetime
0,100,7.48108,300
1,100,0,228.85
2,100,7.309,300
3,100,7.32849,300
4,100,7.50212,300
5,100,0,222.698
6,100,0,262.722
7,100,4.82508,300
8,100,6.61994,300
9,100,6.79781,300
10,100,0,221.347
11,100,1.69381,300
12,100,7.43328,300
13,100,7.44008,300
14,100,7.9741,300
15,100,0,259.691
16,100,7.47491,300
17,100,7.49006,300
18,100,7.48842,300
19,100,8.53205,300
20,100,0,297.127
21,100,8.37181,300
22,100,8.80636,300
23,100,8.84896,300
24,100,9.85529,300
