node_id,initial_energy,remaining_energy,lifetime
0,100,6.26527,300
1,100,0,170.657
2,100,0,188.275
3,100,0,221.422
4,100,0,233.069
5,100,0,193.994
6,100,0,191.115
7,100,0,181.937
8,100,0,224.049
9,100,0,243.172
10,100,0,239.093
11,100,0,293.097
12,100,0,254.231
13,100,0,253.585
14,100,0,279.735
15,100,0,298.855
16,100,7.92965,300
17,100,0,273.794
18,100,0,282.998
19,100,0,279.935
20,100,0.61029,300
21,100,9.6641,300
22,100,1.43031,300
23,100,2.42702,300
24,100,1.91784,300
