node_id,initial_energy,remaining_energy,lifetime
0,100,6.27505,300
1,100,0,179.54
2,100,0,213.172
3,100,0,238.382
4,100,0.88235,300
5,100,0,191.606
6,100,0,197.373
7,100,0,214.366
8,100,0,212.8
9,100,0,299.841
10,100,0,235.549
11,100,0,240.653
12,100,0,291.342
13,100,0,212.186
14,100,0,283.892
15,100,0,268.368
16,100,0,273.257
17,100,0,299.132
18,100,0,273.857
19,100,0,284.493
20,100,0.717517,300
21,100,1.82244,300
22,100,0.714696,300
23,100,1.48665,300
24,100,2.48244,300
