node_id,initial_energy,remaining_energy,lifetime
0,100,6.16805,300
1,100,0,194.003
2,100,0,257.802
3,100,0,295.653
4,100,9.41366,300
5,100,0,181.609
6,100,0,192.055
7,100,0,194.021
8,100,0,183.771
9,100,0,243.29
10,100,0,238.132
11,100,0,248.591
12,100,0,230.948
13,100,0,239.735
14,100,0,270.523
15,100,0,269.955
16,100,0,299.035
17,100,0,266.324
18,100,0,271.216
19,100,0.231419,300
20,100,0.832172,300
21,100,0.672114,300
22,100,0.276581,300
23,100,0,273.053
24,100,0.956583,300
