node_id,initial_energy,remaining_energy,lifetime
0,100,6.3325,300
1,100,0,187.881
2,100,0,206.781
3,100,0,248.472
4,100,0,280.642
5,100,0,192.433
6,100,0,219.744
7,100,0,179.558
8,100,0,194.124
9,100,0.552586,300
10,100,0,254.578
11,100,0,239.322
12,100,0,271.428
13,100,0,223.37
14,100,9.20031,300
15,100,0,269.314
16,100,0,270.329
17,100,0.341838,300
18,100,0,252.143
19,100,1.51857,300
20,100,0.605459,300
21,100,0.389089,300
22,100,1.01193,300
23,100,0.81222,300
24,100,1.18718,300
