node_id,initial_energy,remaining_energy,lifetime
0,100,6.2776,300
1,100,0,199.151
2,100,0,227.94
3,100,0,263.372
4,100,0.305829,300
5,100,0,208.893
6,100,0,187.895
7,100,0,185.36
8,100,0,236.424
9,100,9.17004,300
10,100,0,221.157
11,100,0,236.664
12,100,0,255.872
13,100,0,264.973
14,100,0,272.15
15,100,0,260.352
16,100,0,266.952
17,100,0.65044,300
18,100,0,272.901
19,100,0.967075,300
20,100,0,299.07
21,100,0,299.67
22,100,9.59149,300
23,100,1.89257,300
24,100,9.85919,300
