node_id,initial_energy,remaining_energy,lifetime
0,100,7.59171,300
1,100,0,219.128
2,100,0,254.564
3,100,0,294.026
4,100,0,294.026
5,100,0,243.434
6,100,0,297.071
7,100,0,285.953
8,100,0,289.489
9,100,8.60785,300
10,100,0,252.66
11,100,7.65969,300
12,100,8.42607,300
13,100,0,290.305
14,100,0,291.675
15,100,0,293.508
16,100,8.19004,300
17,100,9.26233,300
18,100,9.25393,300
19,100,0,292.219
20,100,0,294.959
21,100,0,292.324
22,100,9.66738,300
23,100,9.68035,300
24,100,9.88255,300
