node_id,initial_energy,remaining_energy,lifetime
0,100,7.97306,300
1,100,0,270.346
2,100,0,274.119
3,100,0,284.456
4,100,0,288.421
5,100,0,224.122
6,100,5.4093,300
7,100,4.05724,300
8,100,6.2333,300
9,100,9.71045,300
10,100,0,225.038
11,100,0,259.276
12,100,0,254.399
13,100,0,283.992
14,100,9.68984,300
15,100,0,258.594
16,100,0,280.445
17,100,8.5069,300
18,100,0,283.928
19,100,9.30699,300
20,100,0,295.661
21,100,0,288.195
22,100,9.46573,300
23,100,0,286.224
24,100,0,289.406
