node_id,initial_energy,remaining_energy,lifetime
0,100,7.33394,300
1,100,0,299.731
2,100,8.06661,300
3,100,9.27847,300
4,100,9.87307,300
5,100,0,215.917
6,100,0,267.695
7,100,4.05196,300
8,100,8.17468,300
9,100,9.71513,300
10,100,0,224.063
11,100,0,259.849
12,100,0,280.332
13,100,8.17108,300
14,100,9.67502,300
15,100,0,288.665
16,100,0,249.279
17,100,0,285.466
18,100,8.16155,300
19,100,9.30861,300
20,100,8.91952,300
21,100,8.80553,300
22,100,0,286.676
23,100,0,288.269
24,100,9.87208,300
