node_id,initial_energy,remaining_energy,lifetime
0,100,5.98622,300
1,100,0,193.912
2,100,0,245.335
3,100,0,279.567
4,100,2.47749,300
5,100,0,182.631
6,100,0,177.311
7,100,0,175.023
8,100,0,212.658
9,100,2.27999,300
10,100,0,236.3
11,100,0,246.969
12,100,0,232.695
13,100,0,261.3
14,100,0,287.23
15,100,0,276.483
16,100,0,283.054
17,100,0,278.761
18,100,0,271.196
19,100,2.79866,300
20,100,1.7504,300
21,100,2.64961,300
22,100,1.26882,300
23,100,0,291.888
24,100,3.58003,300
