node_id,initial_energy,remaining_energy,lifetime
0,100,7.22206,300
1,100,0,206.287
2,100,0,268.754
3,100,0,275.767
4,100,2.05535,300
5,100,0,217.136
6,100,0,267.044
7,100,3.6007,300
8,100,8.29541,300
9,100,8.71598,300
10,100,0,250.608
11,100,0,298.233
12,100,3.93976,300
13,100,8.39003,300
14,100,9.13545,300
15,100,0,273.011
16,100,1.56329,300
17,100,9.06336,300
18,100,8.56468,300
19,100,8.98877,300
20,100,0,299.444
21,100,6.63656,300
22,100,9.5994,300
23,100,9.349,300
24,100,9.65405,300
