node_id,initial_energy,remaining_energy,lifetime
0,100,6.26027,300
1,100,0,195.417
2,100,0,248.838
3,100,0,284.564
4,100,2.09578,300
5,100,0,195.163
6,100,0,189.71
7,100,0,189.291
8,100,0,254.481
9,100,7.2411,300
10,100,0,232.798
11,100,0,251.495
12,100,0,244.346
13,100,0,289.517
14,100,1.31893,300
15,100,0,273.477
16,100,0,285.15
17,100,0,292.353
18,100,0,297.99
19,100,5.77219,300
20,100,1.29551,300
21,100,3.58017,300
22,100,4.87421,300
23,100,4.98959,300
24,100,9.85124,300
