node_id,initial_energy,remaining_energy,lifetime
0,100,6.14311,300
1,100,0,181.045
2,100,0,219.463
3,100,0,239.61
4,100,1.75039,300
5,100,0,192.956
6,100,0,183.597
7,100,0,233.061
8,100,0,221.644
9,100,0.953662,300
10,100,0,234.356
11,100,0,242.461
12,100,0,294.742
13,100,0,226.318
14,100,0,270.997
15,100,0,270.421
16,100,0,272.88
17,100,0.878337,300
18,100,0,288.569
19,100,0,296.657
20,100,1.28756,300
21,100,1.26533,300
22,100,1.77547,300
23,100,3.6109,300
24,100,4.58084,300
