node_id,initial_energy,remaining_energy,lifetime
0,100,6.35755,300
1,100,0,187.412
2,100,0,205.56
3,100,0,252.899
4,100,0,281.186
5,100,0,195.486
6,100,0,201.13
7,100,0,209.171
8,100,0,267.671
9,100,2.04088,300
10,100,0,245.479
11,100,0,271.505
12,100,0,265.193
13,100,0,252.448
14,100,0,253.407
15,100,0,271.805
16,100,0,298.969
17,100,0,285.521
18,100,5.06127,300
19,100,0,284.475
20,100,1.0626,300
21,100,1.72345,300
22,100,3.18074,300
23,100,6.93222,300
24,100,6.27307,300
