node_id,initial_energy,remaining_energy,lifetime
0,100,8.01443,300
1,100,0,241.428
2,100,0,263.456
3,100,1.66189,300
4,100,0,298.179
5,100,0,247.705
6,100,0,269.495
7,100,0,275.412
8,100,0,286.602
9,100,6.23222,300
10,100,0,289.823
11,100,2.28568,300
12,100,2.14332,300
13,100,0,297.384
14,100,0,299.815
15,100,9.68068,300
16,100,1.76664,300
17,100,4.73437,300
18,100,8.94235,300
19,100,0,299.336
20,100,9.87359,300
21,100,0,296.192
22,100,6.07583,300
23,100,9.67457,300
24,100,9.85899,300
