node_id,initial_energy,remaining_energy,lifetime
0,100,7.88321,300
1,100,0,257.866
2,100,0,285.069
3,100,9.23241,300
4,100,9.86398,300
5,100,0,270.864
6,100,0,252.136
7,100,0,278.302
8,100,0,280.53
9,100,0,292.532
10,100,8.50261,300
11,100,0,285.657
12,100,7.91288,300
13,100,0,282.135
14,100,9.56673,300
15,100,9.18881,300
16,100,9.16509,300
17,100,9.0474,300
18,100,6.46558,300
19,100,9.19081,300
20,100,9.84534,300
21,100,9.72332,300
22,100,9.59855,300
23,100,7.02734,300
24,100,9.85764,300
