node_id,initial_energy,remaining_energy,lifetime
0,100,7.44153,300
1,100,0,238.847
2,100,0,296.865
3,100,5.80527,300
4,100,5.70748,300
5,100,0,250.677
6,100,0,252.355
7,100,0,250.288
8,100,0,287.832
9,100,8.65441,300
10,100,0,284.264
11,100,0,257.722
12,100,0,289.573
13,100,0,290.36
14,100,9.3903,300
15,100,9.61277,300
16,100,0,258.965
17,100,7.28481,300
18,100,0,290.459
19,100,2.62786,300
20,100,9.80369,300
21,100,0,295.12
22,100,7.85035,300
23,100,2.63536,300
24,100,3.17108,300
