node_id,initial_energy,remaining_energy,lifetime
0,100,7.22178,300
1,100,0,223.904
2,100,0,272.398
3,100,9.73135,300
4,100,9.83823,300
5,100,0,263.251
6,100,0,272.938
7,100,0,266.091
8,100,0,262.374
9,100,9.21516,300
10,100,1.47964,300
11,100,0,281.715
12,100,0,284.226
13,100,0,257.702
14,100,0,284.012
15,100,9.66394,300
16,100,5.75907,300
17,100,0,292.914
18,100,0,297.839
19,100,0.513291,300
20,100,9.85899,300
21,100,8.94137,300
22,100,0,295.715
23,100,9.20484,300
24,100,9.39336,300
