node_id,initial_energy,remaining_energy,lifetime
0,100,6.96665,300
1,100,0,230.542
2,100,0,295.759
3,100,0,279.008
4,100,4.70084,300
5,100,0,211.191
6,100,0,233.928
7,100,0,260.336
8,100,2.82066,300
9,100,2.17544,300
10,100,0,256.664
11,100,5.2639,300
12,100,0,285.905
13,100,9.09996,300
14,100,9.61839,300
15,100,0,295.248
16,100,6.27807,300
17,100,0,296.931
18,100,9.09003,300
19,100,9.6759,300
20,100,0,298.655
21,100,9.42667,300
22,100,0,299.012
23,100,9.13717,300
24,100,9.84893,300
