node_id,initial_energy,remaining_energy,lifetime
0,100,6.97322,300
1,100,0,245.788
2,100,0,285.923
3,100,9.08217,300
4,100,9.60487,300
5,100,0,239.208
6,100,0,231.185
7,100,0,254.018
8,100,0,223.171
9,100,0,261.885
10,100,0,291.423
11,100,0,291.207
12,100,8.17684,300
13,100,0,258.222
14,100,0,296.813
15,100,0,291.093
16,100,9.03323,300
17,100,8.94905,300
18,100,6.17611,300
19,100,9.21836,300
20,100,0,294.352
21,100,9.56543,300
22,100,9.59016,300
23,100,6.70243,300
24,100,9.8366,300
