node_id,initial_energy,remaining_energy,lifetime
0,100,7.7251,300
1,100,0,251.189
2,100,0,271.656
3,100,0,288.794
4,100,0,292.47
5,100,0,245.231
6,100,0,250.048
7,100,0,246.34
8,100,5.41492,300
9,100,9.11003,300
10,100,0,266.291
11,100,0,279.526
12,100,0,291.357
13,100,4.68421,300
14,100,6.08232,300
15,100,1.10246,300
16,100,3.88856,300
17,100,8.0852,300
18,100,9.12992,300
19,100,6.69305,300
20,100,0,293.366
21,100,5.40182,300
22,100,9.63666,300
23,100,9.67901,300
24,100,9.8592,300
