node_id,initial_energy,remaining_energy,lifetime
0,100,7.64267,300
1,100,0,245.486
2,100,0,296.582
3,100,0.062951,300
4,100,0,294.588
5,100,0,255.048
6,100,0,206.385
7,100,0,234.056
8,100,2.2156,300
9,100,6.15217,300
10,100,0,255.401
11,100,0,287.539
12,100,0,287.521
13,100,5.45851,300
14,100,9.6459,300
15,100,0,289.505
16,100,0,289.405
17,100,7.63205,300
18,100,5.59194,300
19,100,9.22306,300
20,100,9.84859,300
21,100,9.7193,300
22,100,8.417,300
23,100,4.87668,300
24,100,9.64882,300
