node_id,initial_energy,remaining_energy,lifetime
0,100,6.78884,300
1,100,0,242.258
2,100,0,292.737
3,100,0,288.179
4,100,9.80589,300
5,100,0,217.964
6,100,0,232.41
7,100,0,288.177
8,100,0,249.684
9,100,0,296.429
10,100,0,268.224
11,100,0,248.938
12,100,4.08956,300
13,100,0,288.538
14,100,9.59976,300
15,100,1.6659,300
16,100,0,286.042
17,100,8.81332,300
18,100,0,296.536
19,100,9.66003,300
20,100,0,298.663
21,100,6.37507,300
22,100,9.51592,300
23,100,9.2637,300
24,100,9.86438,300
