node_id,initial_energy,remaining_energy,lifetime
0,100,7.73799,300
1,100,0,245.394
2,100,0,297.697
3,100,0,298.623
4,100,0.246173,300
5,100,0,265.095
6,100,0,262.867
7,100,7.39582,300
8,100,8.75081,300
9,100,8.78876,300
10,100,3.27109,300
11,100,0,290.415
12,100,5.97273,300
13,100,9.00875,300
14,100,9.28261,300
15,100,2.74705,300
16,100,2.95989,300
17,100,8.91375,300
18,100,9.06036,300
19,100,9.1592,300
20,100,0,299.599
21,100,5.51705,300
22,100,9.63263,300
23,100,9.6076,300
24,100,9.84596,300
