node_id,initial_energy,remaining_energy,lifetime
0,100,7.04319,300
1,100,0,205.264
2,100,0,256.565
3,100,0,289.564
4,100,4.95973,300
5,100,0,207.721
6,100,0,219.191
7,100,0,258.187
8,100,0,296.717
9,100,2.99217,300
10,100,0,253.977
11,100,0,294.64
12,100,0,293.463
13,100,9.09644,300
14,100,9.6131,300
15,100,0,299.555
16,100,7.75264,300
17,100,1.77862,300
18,100,9.18861,300
19,100,9.69234,300
20,100,0.885621,300
21,100,9.53071,300
22,100,2.57467,300
23,100,9.21863,300
24,100,9.8663,300
