node_id,initial_energy,remaining_energy,lifetime
0,100,6.73632,300
1,100,0,195.081
2,100,0,260.652
3,100,0,294.599
4,100,9.79073,300
5,100,0,204.356
6,100,0,234.181
7,100,0,285.538
8,100,0,235.928
9,100,1.9038,300
10,100,0,246.883
11,100,0,262.564
12,100,7.10104,300
13,100,0,261.109
14,100,3.26128,300
15,100,0,282.887
16,100,0,295.631
17,100,7.9542,300
18,100,0.621712,300
19,100,3.54346,300
20,100,1.5295,300
21,100,6.23912,300
22,100,8.16834,300
23,100,8.76692,300
24,100,9.83941,300
