node_id,initial_energy,remaining_energy,lifetime
0,100,7.13511,300
1,100,0,231.199
2,100,0,261.523
3,100,0,265.442
4,100,0,299.176
5,100,0,246.445
6,100,0,201.521
7,100,0,225.15
8,100,0.340296,300
9,100,4.9641,300
10,100,0,268.139
11,100,0,296.92
12,100,0,274.03
13,100,5.8692,300
14,100,9.58146,300
15,100,0,292.23
16,100,2.09697,300
17,100,1.27584,300
18,100,6.91778,300
19,100,9.12912,300
20,100,9.84859,300
21,100,9.54553,300
22,100,0.693248,300
23,100,3.44954,300
24,100,4.88178,300
