node_id,initial_energy,remaining_energy,lifetime
0,100,7.29633,300
1,100,0,234.126
2,100,0,248.091
3,100,0,263.527
4,100,0.088473,300
5,100,0,241.182
6,100,0,225.395
7,100,0,253.324
8,100,5.45749,300
9,100,9.10313,300
10,100,0,268.683
11,100,0,283.9
12,100,0,291.932
13,100,2.47445,300
14,100,4.26686,300
15,100,2.63901,300
16,100,4.62541,300
17,100,3.0089,300
18,100,7.15814,300
19,100,6.84842,300
20,100,0.19277,300
21,100,5.91689,300
22,100,3.89182,300
23,100,9.53789,300
24,100,9.8592,300
