node_id,initial_energy,remaining_energy,lifetime
0,100,7.31992,300
1,100,0,229.621
2,100,0,272.308
3,100,0,283.833
4,100,4.65274,300
5,100,0,257.917
6,100,0,266.006
7,100,0,286.747
8,100,0,293.676
9,100,8.08522,300
10,100,0,286.514
11,100,0,248.776
12,100,1.71127,300
13,100,6.06621,300
14,100,9.50053,300
15,100,9.56078,300
16,100,0,281.483
17,100,8.34716,300
18,100,6.10081,300
19,100,7.25618,300
20,100,9.81037,300
21,100,1.77681,300
22,100,8.86604,300
23,100,7.78566,300
24,100,8.06436,300
