node_id,initial_energy,remaining_energy,lifetime
0,100,6.72792,300
1,100,0,217.568
2,100,0,274.281
3,100,9.70704,300
4,100,9.83559,300
5,100,0,245.24
6,100,0,253.729
7,100,0,260.752
8,100,0,293.073
9,100,9.21343,300
10,100,0,267.078
11,100,0,267.543
12,100,0,270.768
13,100,0,289.486
14,100,0.40533,300
15,100,0,294.794
16,100,5.59888,300
17,100,0,268.212
18,100,5.97431,300
19,100,5.83157,300
20,100,9.85303,300
21,100,9.03283,300
22,100,0.409238,300
23,100,9.21405,300
24,100,9.48142,300
