node_id,initial_energy,remaining_energy,lifetime
0,100,6.04479,300
1,100,0,182.387
2,100,0,227.249
3,100,0,252.001
4,100,2.5345,300
5,100,0,196.224
6,100,0,193.671
7,100,0,240.91
8,100,0,241.023
9,100,2.21682,300
10,100,0,239.995
11,100,0,251.722
12,100,0,296.457
13,100,0,250.346
14,100,0.987212,300
15,100,0,278.707
16,100,0,280.938
17,100,3.11139,300
18,100,0,296.557
19,100,1.07993,300
20,100,2.43101,300
21,100,2.40535,300
22,100,2.6083,300
23,100,5.26659,300
24,100,4.91485,300
