node_id,initial_energy,remaining_energy,lifetime
0,100,6.42332,300
1,100,0,196.635
2,100,0,238.937
3,100,0,268.627
4,100,0,271.625
5,100,0,199.561
6,100,0,206.084
7,100,0,201.325
8,100,0,256.545
9,100,0,285.258
10,100,0,251.436
11,100,0,291.614
12,100,0,257.431
13,100,0,282.263
14,100,4.57614,300
15,100,0.937014,300
16,100,5.98171,300
17,100,0,280.882
18,100,2.17286,300
19,100,9.6613,300
20,100,1.90434,300
21,100,9.37696,300
22,100,2.53728,300
23,100,9.23243,300
24,100,9.84074,300
