node_id,initial_energy,remaining_energy,lifetime
0,100,7.55498,300
1,100,0,233.164
2,100,6.7475,300
3,100,6.51151,300
4,100,9.71271,300
5,100,0,232.947
6,100,0,247.126
7,100,4.23547,300
8,100,8.74753,300
9,100,9.24617,300
10,100,0,233.901
11,100,0,296.93
12,100,7.68104,300
13,100,9.20013,300
14,100,9.5253,300
15,100,0,274.464
16,100,8.96409,300
17,100,9.17097,300
18,100,9.18088,300
19,100,9.20268,300
20,100,1.24328,300
21,100,9.0604,300
22,100,9.64714,300
23,100,9.6679,300
24,100,9.84712,300
