node_id,initial_energy,remaining_energy,lifetime
0,100,6.99576,300
1,100,0,204.961
2,100,0,255.011
3,100,3.11263,300
4,100,3.20475,300
5,100,0,205.41
6,100,0,224.815
7,100,0,252.35
8,100,0.162091,300
9,100,2.26582,300
10,100,0,228.975
11,100,0,248.666
12,100,0,283.116
13,100,6.90633,300
14,100,6.40331,300
15,100,0,276.103
16,100,0.9247,300
17,100,0,285.811
18,100,9.18721,300
19,100,7.34429,300
20,100,1.7596,300
21,100,9.19516,300
22,100,3.34698,300
23,100,9.2358,300
24,100,9.84045,300
