node_id,initial_energy,remaining_energy,lifetime
0,100,7.56254,300
1,100,0,224.501
2,100,0,271.46
3,100,0,276.665
4,100,2.94349,300
5,100,0,223.767
6,100,0,277.48
7,100,6.62991,300
8,100,8.45373,300
9,100,8.02413,300
10,100,0,272.7
11,100,3.47504,300
12,100,7.09057,300
13,100,9.14651,300
14,100,8.51212,300
15,100,2.80974,300
16,100,5.2935,300
17,100,8.91305,300
18,100,9.17071,300
19,100,8.97888,300
20,100,0.764148,300
21,100,6.36153,300
22,100,9.61197,300
23,100,9.65791,300
24,100,9.65254,300
