node_id,initial_energy,remaining_energy,lifetime
0,100,6.48391,300
1,100,0,200.01
2,100,0,256.255
3,100,0.184472,300
4,100,9.81606,300
5,100,0,194.314
6,100,0,206.501
7,100,0,239.18
8,100,0,248.325
9,100,0,288.757
10,100,0,238.368
11,100,0,269.217
12,100,0,263.378
13,100,0,288.598
14,100,0.958419,300
15,100,0,271.006
16,100,3.19922,300
17,100,0,293.556
18,100,1.45648,300
19,100,5.44867,300
20,100,1.13649,300
21,100,3.75453,300
22,100,3.5419,300
23,100,6.08965,300
24,100,8.49051,300
