node_id,initial_energy,remaining_energy,lifetime
0,100,6.31064,300
1,100,0,207.22
2,100,0,256.434
3,100,0,294.041
4,100,5.24245,300
5,100,0,220.056
6,100,0,207.812
7,100,0,227.696
8,100,0,286.294
9,100,8.57956,300
10,100,0,230.688
11,100,0,261.036
12,100,0,257.51
13,100,2.94267,300
14,100,4.07308,300
15,100,0,267.695
16,100,0,283.923
17,100,0,293.673
18,100,3.71042,300
19,100,9.17214,300
20,100,0.421413,300
21,100,2.34307,300
22,100,4.05873,300
23,100,9.54315,300
24,100,9.85574,300
