node_id,initial_energy,remaining_energy,lifetime
0,100,6.55587,300
1,100,0,207.056
2,100,0,245.662
3,100,1.60472,300
4,100,9.47136,300
5,100,0,207.643
6,100,0,214.703
7,100,0,233.195
8,100,0,256.503
9,100,9.27365,300
10,100,0,259.868
11,100,0,264.611
12,100,0,294.667
13,100,0,277.481
14,100,9.45376,300
15,100,0,273.579
16,100,0,290.239
17,100,5.14607,300
18,100,0,296.768
19,100,5.17693,300
20,100,1.16927,300
21,100,2.67596,300
22,100,4.10349,300
23,100,7.66538,300
24,100,9.70205,300
