node_id,initial_energy,remaining_energy,lifetime
0,100,6.40592,300
1,100,0,194.669
2,100,0,244.473
3,100,0,283.686
4,100,2.96106,300
5,100,0,195.654
6,100,0,185.084
7,100,0,208.788
8,100,0,228.076
9,100,2.5185,300
10,100,0,235.337
11,100,0,282.967
12,100,0,280.022
13,100,0,272.837
14,100,9.45837,300
15,100,0,278.883
16,100,0,291.878
17,100,3.07375,300
18,100,0.160505,300
19,100,9.19138,300
20,100,2.13568,300
21,100,7.79221,300
22,100,6.24776,300
23,100,7.20713,300
24,100,8.22229,300
