node_id,lifetime
0,300.0
1,205.622555556
2,255.053444444
3,286.113333333
4,296.847222222
5,208.397333333
6,218.141777778
7,244.827111111
8,268.529555556
9,297.112777778
10,243.474222222
11,274.084777778
12,281.397888889
13,285.725
14,300.0
15,280.048555556
16,294.108666667
17,294.880222222
18,299.258333333
19,300.0
20,300.0
21,300.0
22,300.0
23,300.0
24,300.0
