node_id,initial_energy,remaining_energy,lifetime
0,100,7.66757,300
1,100,0,249.943
2,100,0,271.911
3,100,0,291.104
4,100,0,293.188
5,100,0,243.106
6,100,0,249.688
7,100,0,245.076
8,100,4.71803,300
9,100,9.08992,300
10,100,0,267.338
11,100,0,280.52
12,100,0,293.717
13,100,4.08682,300
14,100,4.5298,300
15,100,1.20111,300
16,100,3.89792,300
17,100,8.08014,300
18,100,9.06307,300
19,100,5.04563,300
20,100,0,294.073
21,100,5.5477,300
22,100,9.62788,300
23,100,9.67403,300
24,100,9.8592,300
