node_id,initial_energy,remaining_energy,lifetime
0,100,6.32588,300
1,100,0,209.126
2,100,0,260.153
3,100,9.72163,300
4,100,9.82114,300
5,100,0,213.838
6,100,0,242.648
7,100,0,237.22
8,100,0,263.792
9,100,9.12672,300
10,100,0,267.36
11,100,0,220.789
12,100,0,266.856
13,100,0,242.001
14,100,0,270.357
15,100,0,299.687
16,100,0,287.499
17,100,0,275.755
18,100,1.88433,300
19,100,1.57819,300
20,100,9.84537,300
21,100,9.02617,300
22,100,1.46446,300
23,100,8.92954,300
24,100,8.98915,300
