node_id,initial_energy,remaining_energy,lifetime
0,100,6.42696,300
1,100,0,191.938
2,100,0,246.12
3,100,0,275.401
4,100,2.19741,300
5,100,0,197.96
6,100,0,225.707
7,100,0,249.265
8,100,0,250.218
9,100,2.91901,300
10,100,0,242.785
11,100,0,249.004
12,100,1.92649,300
13,100,0,270.822
14,100,2.61465,300
15,100,0,277.173
16,100,0,282.617
17,100,7.0938,300
18,100,0,290.093
19,100,2.86442,300
20,100,2.02519,300
21,100,2.10004,300
22,100,7.78366,300
23,100,3.93618,300
24,100,7.44278,300
