node_id,initial_energy,remaining_energy,lifetime
0,100,7.51332,300
1,100,0,231.181
2,100,0,270.332
3,100,0,274.011
4,100,2.16455,300
5,100,0,234.388
6,100,0,275.698
7,100,8.00912,300
8,100,8.86399,300
9,100,8.71412,300
10,100,3.73748,300
11,100,0,296.962
12,100,6.58793,300
13,100,9.09326,300
14,100,9.17205,300
15,100,3.6521,300
16,100,4.09869,300
17,100,8.94353,300
18,100,9.12651,300
19,100,9.15089,300
20,100,1.2794,300
21,100,6.09176,300
22,100,9.57937,300
23,100,9.6515,300
24,100,9.81258,300
