node_id,initial_energy,remaining_energy,lifetime
0,100,7.55621,300
1,100,0,242.106
2,100,9.66275,300
3,100,9.62619,300
4,100,9.82329,300
5,100,0,229.3
6,100,0,244.594
7,100,0.930663,300
8,100,9.17597,300
9,100,9.21098,300
10,100,0,235.273
11,100,0,295.632
12,100,7.76163,300
13,100,9.08982,300
14,100,9.53025,300
15,100,0,275.76
16,100,8.94979,300
17,100,9.18019,300
18,100,9.17276,300
19,100,9.21049,300
20,100,1.44389,300
21,100,9.0462,300
22,100,9.64049,300
23,100,9.66796,300
24,100,9.84117,300
