node_id,initial_energy,remaining_energy,lifetime
0,100,6.92945,300
1,100,0,217.886
2,100,0,228.545
3,100,0,271.885
4,100,1.56157,300
5,100,0,224.654
6,100,0,195.732
7,100,0,214.954
8,100,0,261.941
9,100,2.13233,300
10,100,0,215.808
11,100,0,272.429
12,100,0,248.344
13,100,5.1644,300
14,100,9.55945,300
15,100,0,274.943
16,100,0,286.015
17,100,0,280.452
18,100,7.52374,300
19,100,9.23438,300
20,100,0.068123,300
21,100,6.24241,300
22,100,1.62924,300
23,100,5.01376,300
24,100,6.8101,300
