node_id,initial_energy,remaining_energy,lifetime
0,100,6.54188,300
1,100,0,206.211
2,100,0,241.707
3,100,0,297.153
4,100,7.98076,300
5,100,0,243.093
6,100,0,248.301
7,100,0,227.383
8,100,0,255.258
9,100,9.33595,300
10,100,0,258.19
11,100,0,270.423
12,100,0.552951,300
13,100,0,278.958
14,100,9.39094,300
15,100,0,266.479
16,100,0.888281,300
17,100,8.38165,300
18,100,0.787653,300
19,100,3.52194,300
20,100,0.575101,300
21,100,8.87446,300
22,100,8.54814,300
23,100,6.48337,300
24,100,7.1635,300
