node_id,initial_energy,remaining_energy,lifetime
0,100,6.35719,300
1,100,0,195.654
2,100,0,289.304
3,100,9.03031,300
4,100,9.76892,300
5,100,0,189.81
6,100,0,194.373
7,100,0,223.625
8,100,0,206.192
9,100,0,266.731
10,100,0,247.997
11,100,0,288.297
12,100,0,291.467
13,100,0,273.59
14,100,0,290.948
15,100,0,279.71
16,100,8.72174,300
17,100,0,293.205
18,100,6.36982,300
19,100,3.88178,300
20,100,2.60002,300
21,100,9.45361,300
22,100,2.40431,300
23,100,6.76154,300
24,100,9.22347,300
