node_id,initial_energy,remaining_energy,lifetime
0,100,7.36146,300
1,100,0,236.271
2,100,0,228.576
3,100,0,269.216
4,100,0.684785,300
5,100,0,239.381
6,100,0,221.921
7,100,0,265.33
8,100,4.90192,300
9,100,9.05974,300
10,100,0,256.945
11,100,0,277.822
12,100,0,294.862
13,100,0,296.95
14,100,0,296.863
15,100,0,299.939
16,100,2.41851,300
17,100,7.21894,300
18,100,8.10762,300
19,100,4.51183,300
20,100,0,299.439
21,100,3.94196,300
22,100,9.44738,300
23,100,9.42765,300
24,100,9.78308,300
