node_id,initial_energy,remaining_energy,lifetime
0,100,6.45375,300
1,100,0,205.082
2,100,0,255.39
3,100,0,294.839
4,100,3.84896,300
5,100,0,229.876
6,100,0,205.583
7,100,0,213.003
8,100,0,268.208
9,100,7.11068,300
10,100,0,260.788
11,100,0,277.291
12,100,0,267.57
13,100,0,296.343
14,100,0.759915,300
15,100,0.999875,300
16,100,0,295.732
17,100,4.38655,300
18,100,3.0804,300
19,100,6.21469,300
20,100,9.85282,300
21,100,3.53719,300
22,100,7.86614,300
23,100,9.68008,300
24,100,9.86028,300
