node_id,initial_energy,remaining_energy,lifetime
0,100,6.2089,300
1,100,0,169.006
2,100,0,183.89
3,100,0,210.681
4,100,0,225.941
5,100,0,191.625
6,100,0,189.371
7,100,0,179.421
8,100,0,220.528
9,100,0,227.923
10,100,0,225.055
11,100,0,258.704
12,100,0,229.375
13,100,0,252.53
14,100,0,260.639
15,100,0,269.099
16,100,0,297.577
17,100,0,275.228
18,100,0,280.677
19,100,0,284.719
20,100,0.707541,300
21,100,9.65675,300
22,100,1.55402,300
23,100,2.34952,300
24,100,2.03119,300
