node_id,initial_energy,remaining_energy,lifetime
0,100,6.35893,300
1,100,0,193.348
2,100,0,230.441
3,100,0,268.596
4,100,0.612465,300
5,100,0,181.359
6,100,0,174.359
7,100,0,176.532
8,100,0,189.358
9,100,0,256.361
10,100,0,238.059
11,100,0,247.887
12,100,0,248.775
13,100,0,219.122
14,100,0,282.66
15,100,0,272.636
16,100,0.55518,300
17,100,0,273.883
18,100,0,249.668
19,100,2.53608,300
20,100,1.2249,300
21,100,1.43781,300
22,100,1.21962,300
23,100,0,278.284
24,100,1.69944,300
