node_id,initial_energy,remaining_energy,lifetime
0,100,6.40331,300
1,100,0,181.27
2,100,0,208.598
3,100,0,249.411
4,100,0,279.338
5,100,0,192.814
6,100,0,193.43
7,100,0,188.244
8,100,0,200.751
9,100,1.06973,300
10,100,0,235.411
11,100,0,267.362
12,100,0,249.376
13,100,0,209.42
14,100,0,247.041
15,100,0,269.47
16,100,0,299.192
17,100,0,278.22
18,100,0,283.206
19,100,0,276.098
20,100,0.599878,300
21,100,0.509569,300
22,100,2.32525,300
23,100,3.12993,300
24,100,3.96829,300
