node_id,initial_energy,remaining_energy,lifetime
0,100,6.23083,300
1,100,0,189.054
2,100,0,234.312
3,100,0,268.767
4,100,0.402151,300
5,100,0,191.929
6,100,0,173.026
7,100,0,179.462
8,100,0,178.786
9,100,0,265.618
10,100,0,231.574
11,100,0,259.132
12,100,0,243.452
13,100,0,204.455
14,100,0,293.993
15,100,0,269.187
16,100,0,294.953
17,100,0,271.18
18,100,0,244.948
19,100,0.991129,300
20,100,0.723168,300
21,100,9.68622,300
22,100,0.918851,300
23,100,0,275.685
24,100,1.20393,300
