node_id,initial_energy,remaining_energy,lifetime
0,100,7.61162,300
1,100,0,211.268
2,100,0,260.495
3,100,0,267.487
4,100,0.913333,300
5,100,0,211.696
6,100,0,276.774
7,100,4.00229,300
8,100,7.4084,300
9,100,8.92899,300
10,100,0,225.97
11,100,3.787,300
12,100,6.23148,300
13,100,8.9031,300
14,100,9.29434,300
15,100,0,263.307
16,100,6.15724,300
17,100,6.59278,300
18,100,8.96009,300
19,100,9.10231,300
20,100,0,298.897
21,100,7.72641,300
22,100,8.31367,300
23,100,9.55417,300
24,100,9.86479,300
