node_id,initial_energy,remaining_energy,lifetime
0,100,6.31681,300
1,100,0,193.257
2,100,0,232.084
3,100,0,270.176
4,100,0.831524,300
5,100,0,183.178
6,100,0,177.802
7,100,0,171.174
8,100,0,199.668
9,100,1.80076,300
10,100,0,236.231
11,100,0,242.235
12,100,0,235.597
13,100,0,251.679
14,100,0,280.28
15,100,0,272.677
16,100,0,275.283
17,100,0,277.093
18,100,0,258.495
19,100,1.52594,300
20,100,1.12997,300
21,100,1.1913,300
22,100,1.73068,300
23,100,0,285.856
24,100,2.38331,300
