node_id,initial_energy,remaining_energy,lifetime
0,100,6.40204,300
1,100,0,183.997
2,100,0,200.841
3,100,0,233.277
4,100,0,259.564
5,100,0,183.032
6,100,0,190.891
7,100,0,177.32
8,100,0,189.803
9,100,0,275.252
10,100,0,228.764
11,100,0,244.022
12,100,0,272.47
13,100,0,221.034
14,100,1.54669,300
15,100,0,272.924
16,100,0,273.87
17,100,0.546903,300
18,100,0,248.9
19,100,2.04923,300
20,100,1.12135,300
21,100,0.876531,300
22,100,1.24178,300
23,100,0,280.191
24,100,1.50391,300
