node_id,initial_energy,remaining_energy,lifetime
0,100,6.25216,300
1,100,0,179.876
2,100,0,211.314
3,100,0,252.891
4,100,0,283.3
5,100,0,188.368
6,100,0,189.041
7,100,0,203.488
8,100,0,236.772
9,100,0.806661,300
10,100,0,213.387
11,100,0,207.245
12,100,0,241.065
13,100,0,216.144
14,100,0,247.49
15,100,0,270.901
16,100,0,270.747
17,100,0,272.687
18,100,0,282.629
19,100,0,275.939
20,100,0.816935,300
21,100,0.665144,300
22,100,0.960991,300
23,100,2.23453,300
24,100,1.51962,300
