node_id,initial_energy,remaining_energy,lifetime
0,100,6.25922,300
1,100,0,175.596
2,100,0,203.72
3,100,0,231.96
4,100,1.61406,300
5,100,0,192.794
6,100,0,184.987
7,100,0,198.427
8,100,0,189.655
9,100,0.91288,300
10,100,0,234.348
11,100,0,240.561
12,100,0,265.125
13,100,0,216.587
14,100,0,250.066
15,100,0,267.719
16,100,0,271.445
17,100,0.371001,300
18,100,0,274.331
19,100,0,278.176
20,100,0.60703,300
21,100,0.98017,300
22,100,1.30293,300
23,100,0.873373,300
24,100,1.66219,300
