num_app_nodes,total_bytes_received,throughput_(bps),no_of_received_packets,packet_delivery_ratio,mean_hop_count,mean_delay_(s),l3_drop_packets,total_initial_energy,total_remaining_energy
1,1249792.0,24995.8,2431.0,0.9959035,3.25,0.003949957125,4.5,250000.0,11470.075
5,5165543.2,103310.86,9934.6,0.8139779,4.01,0.014459127,22.3,250000.0,11525.77
10,9683380.0,193667.62,18380.4,0.7529865,3.788096,0.016820662,36.9,250000.0,11576.92
15,13907388.8,278147.79,25986.5,0.70972287,3.423835,0.0211068877,34.4,250000.0,11623.24
20,14505984.0,290119.77,26946.3,0.55195223,3.241948,0.017604358,56.2,250000.0,11622.87
24,14260145.6,285203.09,26428.5,0.45112137,2.911863,0.0239594824,54.4,250000.0,11612.27
