node_id,initial_energy,remaining_energy,lifetime
0,100,8.73127,300
1,100,0,266.336
2,100,0,285.407
3,100,9.1874,300
4,100,9.85262,300
5,100,0,266.879
6,100,0,294.499
7,100,3.99912,300
8,100,9.00287,300
9,100,9.67641,300
10,100,0,286.234
11,100,3.40094,300
12,100,3.84857,300
13,100,8.8365,300
14,100,9.63325,300
15,100,9.70171,300
16,100,2.54524,300
17,100,4.27837,300
18,100,9.1651,300
19,100,9.18348,300
20,100,9.87165,300
21,100,0,297.98
22,100,5.89423,300
23,100,9.66147,300
24,100,9.85855,300
