node_id,initial_energy,remaining_energy,lifetime
0,100,8.08105,300
1,100,0,277.923
2,100,3.2566,300
3,100,1.80802,300
4,100,9.84463,300
5,100,0,257.538
6,100,0,269.809
7,100,2.65714,300
8,100,0,278.779
9,100,9.21744,300
10,100,8.87643,300
11,100,0,286.223
12,100,7.44388,300
13,100,0,282.613
14,100,9.63734,300
15,100,8.89827,300
16,100,0,288.936
17,100,8.83687,300
18,100,0,289.634
19,100,9.67437,300
20,100,9.85484,300
21,100,9.66502,300
22,100,9.6006,300
23,100,9.19581,300
24,100,9.85006,300
