node_id,initial_energy,remaining_energy,lifetime
0,100,8.46498,300
1,100,0,281.763
2,100,6.85902,300
3,100,8.92014,300
4,100,9.83617,300
5,100,0,283.323
6,100,0,259.276
7,100,0,283.777
8,100,0,283.372
9,100,0,290.148
10,100,8.61587,300
11,100,0,285.069
12,100,8.34049,300
13,100,0,287.06
14,100,9.54665,300
15,100,9.19745,300
16,100,9.16228,300
17,100,8.76385,300
18,100,9.09577,300
19,100,9.1927,300
20,100,9.86248,300
21,100,9.73198,300
22,100,9.71603,300
23,100,9.71312,300
24,100,9.84448,300
