node_id,initial_energy,remaining_energy,lifetime
0,100,8.29897,300
1,100,0,290.206
2,100,4.90854,300
3,100,3.9222,300
4,100,9.49788,300
5,100,0,263.16
6,100,0,282.163
7,100,0,280.529
8,100,8.19534,300
9,100,9.19919,300
10,100,8.10171,300
11,100,4.8259,300
12,100,0,285.242
13,100,9.06538,300
14,100,9.63403,300
15,100,9.19628,300
16,100,5.27665,300
17,100,0,287.256
18,100,9.053,300
19,100,9.67699,300
20,100,9.85775,300
21,100,9.4685,300
22,100,0,289.675
23,100,9.08116,300
24,100,9.86738,300
