node_id,initial_energy,remaining_energy,lifetime
0,100,8.57449,300
1,100,0,297.041
2,100,7.76286,300
3,100,9.72103,300
4,100,9.86183,300
5,100,0,276.13
6,100,0,279.343
7,100,6.8836,300
8,100,8.82947,300
9,100,9.19658,300
10,100,0,284.655
11,100,0,282.957
12,100,9.08444,300
13,100,8.83161,300
14,100,8.99238,300
15,100,9.6828,300
16,100,9.16703,300
17,100,9.15083,300
18,100,9.15274,300
19,100,8.7067,300
20,100,9.86283,300
21,100,9.19534,300
22,100,9.64372,300
23,100,9.67983,300
24,100,9.8592,300
