node_id,initial_energy,remaining_energy,lifetime
0,100,6.71705,300
1,100,0,225.154
2,100,0,241.766
3,100,0,293.904
4,100,0,297.375
5,100,0,214.675
6,100,0,187.89
7,100,0,229.089
8,100,0,261.56
9,100,9.61063,300
10,100,0,251.322
11,100,0,270.186
12,100,9.14052,300
13,100,0,261.471
14,100,0,264.275
15,100,0,288.821
16,100,0,263.985
17,100,9.18135,300
18,100,9.17731,300
19,100,0,297.578
20,100,9.79406,300
21,100,0,298.365
22,100,9.60102,300
23,100,9.68014,300
24,100,9.86028,300
