node_id,initial_energy,remaining_energy,lifetime
0,100,7.76383,300
1,100,0,234.488
2,100,0,282.585
3,100,0,295.636
4,100,0,297.766
5,100,0,245.654
6,100,0,272.107
7,100,1.27317,300
8,100,1.53388,300
9,100,7.01991,300
10,100,0,290.536
11,100,6.85022,300
12,100,6.86616,300
13,100,3.47125,300
14,100,7.41608,300
15,100,0,290.549
16,100,9.16707,300
17,100,9.02357,300
18,100,5.72097,300
19,100,8.0807,300
20,100,0,292.931
21,100,9.2373,300
22,100,9.62489,300
23,100,8.60888,300
24,100,8.79631,300
