node_id,initial_energy,remaining_energy,lifetime
0,100,7.56841,300
1,100,0,233.828
2,100,0,239.485
3,100,0,255.151
4,100,0,295.04
5,100,0,235.643
6,100,0,214.109
7,100,0,230.388
8,100,0,293.942
9,100,9.27576,300
10,100,0,248.057
11,100,0,292.124
12,100,0,294.47
13,100,0,290.248
14,100,0,291.867
15,100,0,292.226
16,100,9.19277,300
17,100,8.96696,300
18,100,0,294.324
19,100,0,295.519
20,100,0,294.673
21,100,9.27345,300
22,100,9.44236,300
23,100,0,296.938
24,100,9.8592,300
