node_id,initial_energy,remaining_energy,lifetime
0,100,6.95304,300
1,100,0,193.098
2,100,0,263.648
3,100,0,298.174
4,100,9.81349,300
5,100,0,207.047
6,100,0,238.457
7,100,0,295.575
8,100,0,263.46
9,100,0,298.468
10,100,0,227.577
11,100,0,263.2
12,100,9.1562,300
13,100,0,296.793
14,100,9.62421,300
15,100,0,263.226
16,100,0,298.245
17,100,9.20713,300
18,100,0,298.359
19,100,9.67104,300
20,100,0,299.65
21,100,9.64775,300
22,100,9.60457,300
23,100,9.24719,300
24,100,9.85048,300
