node_id,initial_energy,remaining_energy,lifetime
0,100,6.06698,300
1,100,0,207.243
2,100,0,291.082
3,100,9.26357,300
4,100,9.7454,300
5,100,0,215.576
6,100,0,197.478
7,100,0,210.76
8,100,0,202.272
9,100,0,267.564
10,100,0,294.558
11,100,0,289.628
12,100,0,295.096
13,100,0,235.269
14,100,0,298.946
15,100,0,294.575
16,100,9.24961,300
17,100,0,297.404
18,100,0,267.701
19,100,8.83718,300
20,100,0,298.112
21,100,9.74994,300
22,100,9.46587,300
23,100,0,269.609
24,100,0.392134,300
