node_id,initial_energy,remaining_energy,lifetime
0,100,6.46382,300
1,100,0,221.033
2,100,0,263.455
3,100,0,290.716
4,100,0,298.031
5,100,0,211.437
6,100,0,230.524
7,100,0,209.868
8,100,0,230.636
9,100,8.90667,300
10,100,0,267.944
11,100,0,227.469
12,100,0,264.329
13,100,0,264.881
14,100,8.874,300
15,100,9.67029,300
16,100,0,262.507
17,100,0,296.827
18,100,0,264.888
19,100,0,296.978
20,100,9.84371,300
21,100,0,297.358
22,100,0,299.703
23,100,0,299.103
24,100,0,299.903
