node_id,initial_energy,remaining_energy,lifetime
0,100,6.73984,300
1,100,0,217.408
2,100,0,245.475
3,100,0,245.632
4,100,0,297.188
5,100,0,233.152
6,100,0,181.359
7,100,0,189.555
8,100,0,256.767
9,100,0,297.588
10,100,0,259.01
11,100,0,284.204
12,100,0,266.778
13,100,0,291.119
14,100,9.60185,300
15,100,0,293.623
16,100,0,288.979
17,100,0,296.309
18,100,0,296.461
19,100,9.23884,300
20,100,9.86018,300
21,100,9.70747,300
22,100,0,299.38
23,100,0,299.28
24,100,9.84978,300
