node_id,initial_energy,remaining_energy,lifetime
0,100,6.54625,300
1,100,0,193.585
2,100,0,214.241
3,100,0,255.359
4,100,0,284.897
5,100,0,201.767
6,100,0,210.644
7,100,0,232.995
8,100,0,275.82
9,100,2.25476,300
10,100,0,246.385
11,100,0,271.766
12,100,0,272.468
13,100,0,273.768
14,100,0,287.257
15,100,0,271.966
16,100,0,298.184
17,100,0,293.899
18,100,4.28898,300
19,100,3.90674,300
20,100,1.02359,300
21,100,2.01533,300
22,100,5.05334,300
23,100,9.66742,300
24,100,9.35092,300
