node_id,initial_energy,remaining_energy,lifetime
0,100,6.47555,300
1,100,0,189.564
2,100,0,230.568
3,100,0,282.875
4,100,0,284.457
5,100,0,195.689
6,100,0,207.371
7,100,0,249.357
8,100,0,290.719
9,100,3.00468,300
10,100,0,225.995
11,100,0,231.488
12,100,0,273.542
13,100,0,250.474
14,100,0,264.701
15,100,0,273.522
16,100,0,278.761
17,100,0,282.816
18,100,3.15703,300
19,100,2.37144,300
20,100,0.980834,300
21,100,1.8457,300
22,100,2.63613,300
23,100,7.12071,300
24,100,9.44928,300
