node_id,initial_energy,remaining_energy,lifetime
0,100,5.91864,300
1,100,0,193.44
2,100,0,247.03
3,100,0,282.924
4,100,2.68246,300
5,100,0,189.063
6,100,0,185.325
7,100,0,179.066
8,100,0,240.382
9,100,7.58726,300
10,100,0,238.325
11,100,0,252.68
12,100,0,238.513
13,100,0,277.521
14,100,0,299.93
15,100,0,273.762
16,100,0,280.742
17,100,0,283.406
18,100,0,289.764
19,100,4.85031,300
20,100,1.35343,300
21,100,1.98404,300
22,100,2.21072,300
23,100,1.45876,300
24,100,5.75075,300
