node_id,initial_energy,remaining_energy,lifetime
0,100,6.47452,300
1,100,0,195.081
2,100,0,231.381
3,100,0,270.231
4,100,0.852496,300
5,100,0,194.858
6,100,0,187.159
7,100,0,202.311
8,100,0,209.428
9,100,0,277.098
10,100,0,227.286
11,100,0,253.03
12,100,0,258.944
13,100,0,252.102
14,100,1.41556,300
15,100,0,277.293
16,100,0,291.585
17,100,0,288.895
18,100,0.502695,300
19,100,9.24217,300
20,100,0.840611,300
21,100,7.19708,300
22,100,3.20366,300
23,100,6.94432,300
24,100,7.86735,300
