node_id,initial_energy,remaining_energy,lifetime
0,100,6.45878,300
1,100,0,187.718
2,100,0,213.113
3,100,0,238.615
4,100,0,235.478
5,100,0,198.882
6,100,0,213.502
7,100,0,204.603
8,100,0,273.083
9,100,0,252.453
10,100,0,229.449
11,100,0,293.43
12,100,0,251.094
13,100,0,296.893
14,100,1.10835,300
15,100,0,268.391
16,100,7.22907,300
17,100,0,294.469
18,100,4.77082,300
19,100,9.01966,300
20,100,0.615113,300
21,100,9.45315,300
22,100,4.25923,300
23,100,9.2741,300
24,100,9.52011,300
