node_id,initial_energy,remaining_energy,lifetime
0,100,6.40689,300
1,100,0,195.076
2,100,0,231.564
3,100,0,292.364
4,100,6.21362,300
5,100,0,190.279
6,100,0,197.591
7,100,0,197.091
8,100,0,224.045
9,100,7.03638,300
10,100,0,226.811
11,100,0,250.176
12,100,0,276.477
13,100,0,249.568
14,100,9.35081,300
15,100,0,274.509
16,100,0,279.095
17,100,0.835147,300
18,100,0,273.391
19,100,2.79411,300
20,100,1.24817,300
21,100,1.52076,300
22,100,1.70387,300
23,100,2.46021,300
24,100,5.96914,300
