node_id,initial_energy,remaining_energy,lifetime
0,100,6.18512,300
1,100,0,193.343
2,100,0,256.468
3,100,0,299.659
4,100,9.73393,300
5,100,0,188.465
6,100,0,177.889
7,100,0,189.782
8,100,0,187.476
9,100,0,261.757
10,100,0,237.827
11,100,0,236.091
12,100,0,247.13
13,100,0,233.739
14,100,0,286.437
15,100,0,271.494
16,100,0.0679439,300
17,100,0,272.695
18,100,0,290.271
19,100,3.03123,300
20,100,1.24974,300
21,100,0.977957,300
22,100,1.09327,300
23,100,5.28281,300
24,100,7.31492,300
