node_id,initial_energy,remaining_energy,lifetime
0,100,6.18611,300
1,100,0,181.691
2,100,0,214.087
3,100,0,232.953
4,100,2.18043,300
5,100,0,195.076
6,100,0,193.093
7,100,0,207.746
8,100,0,233.051
9,100,1.60425,300
10,100,0,236.887
11,100,0,245.267
12,100,0,259.474
13,100,0,246.316
14,100,0,284.782
15,100,0,272.627
16,100,0,273.764
17,100,1.39561,300
18,100,0,299.786
19,100,2.49555,300
20,100,1.34849,300
21,100,1.37715,300
22,100,1.71657,300
23,100,4.53832,300
24,100,6.17724,300
