node_id,initial_energy,remaining_energy,lifetime
0,100,7.31595,300
1,100,0,259.23
2,100,4.30168,300
3,100,2.68292,300
4,100,8.55199,300
5,100,0,217.891
6,100,0,239.199
7,100,0,254.766
8,100,6.94037,300
9,100,8.32582,300
10,100,0,257.672
11,100,5.09129,300
12,100,0,281.838
13,100,9.10648,300
14,100,9.64859,300
15,100,0,297.421
16,100,6.09513,300
17,100,0.704125,300
18,100,9.08403,300
19,100,9.68948,300
20,100,0.257612,300
21,100,9.473,300
22,100,2.30315,300
23,100,9.11121,300
24,100,9.84471,300
