node_id,initial_energy,remaining_energy,lifetime
0,100,7.68784,300
1,100,0,263.993
2,100,0.944456,300
3,100,1.28929,300
4,100,0,295.545
5,100,0,257.159
6,100,0,237.949
7,100,0,274.57
8,100,3.32126,300
9,100,5.82453,300
10,100,0,266.206
11,100,0,286.726
12,100,0,288.944
13,100,7.34282,300
14,100,9.63919,300
15,100,0,290.936
16,100,0,291.534
17,100,8.91147,300
18,100,8.86884,300
19,100,9.21031,300
20,100,9.84859,300
21,100,9.7193,300
22,100,9.65938,300
23,100,9.28407,300
24,100,9.74182,300
