node_id,initial_energy,remaining_energy,lifetime
0,100,7.70422,300
1,100,0,254.899
2,100,0,281.145
3,100,0,292.535
4,100,0,294.64
5,100,0,247.637
6,100,0,253.75
7,100,0,291.42
8,100,7.86977,300
9,100,9.10206,300
10,100,0,271.321
11,100,0,278.134
12,100,0,299.717
13,100,3.2791,300
14,100,2.48463,300
15,100,2.39174,300
16,100,2.99877,300
17,100,7.54398,300
18,100,8.86623,300
19,100,6.56184,300
20,100,0,295.976
21,100,4.90293,300
22,100,9.64547,300
23,100,9.67788,300
24,100,9.8592,300
