node_id,initial_energy,remaining_energy,lifetime
0,100,6.4625,300
1,100,0,210.546
2,100,0,244.62
3,100,0,246.337
4,100,0,298.597
5,100,0,225.978
6,100,0,169.825
7,100,0,179.316
8,100,0,232.122
9,100,0,298.897
10,100,0,260.151
11,100,0,285.581
12,100,0,270.579
13,100,0,265.157
14,100,9.36916,300
15,100,0,294.321
16,100,0,289.978
17,100,0,298.452
18,100,0,269.757
19,100,9.01984,300
20,100,9.8448,300
21,100,9.71302,300
22,100,0.464504,300
23,100,0,272.164
24,100,0.890341,300
