node_id,initial_energy,remaining_energy,lifetime
0,100,7.76468,300
1,100,0,234.488
2,100,0,282.767
3,100,0,295.683
4,100,0,297.829
5,100,0,245.89
6,100,0,269.683
7,100,1.98611,300
8,100,2.34842,300
9,100,7.27038,300
10,100,0,290.582
11,100,4.48037,300
12,100,6.60856,300
13,100,3.84519,300
14,100,7.66582,300
15,100,0,290.549
16,100,6.96523,300
17,100,9.02962,300
18,100,5.98909,300
19,100,8.20415,300
20,100,0,292.931
21,100,9.2373,300
22,100,9.62489,300
23,100,8.73857,300
24,100,8.926,300
