node_id,initial_energy,remaining_energy,lifetime
0,100,6.70898,300
1,100,0,224.919
2,100,0,246.167
3,100,0,287.831
4,100,0,296.733
5,100,0,214.105
6,100,0,186.24
7,100,0,206.351
8,100,0,229.122
9,100,9.57995,300
10,100,0,252.519
11,100,0,268.635
12,100,6.21018,300
13,100,0,261.356
14,100,0,264.045
15,100,0,289.721
16,100,0,262.997
17,100,9.20607,300
18,100,9.1867,300
19,100,0,297.49
20,100,9.78837,300
21,100,0,297.962
22,100,9.6135,300
23,100,9.67293,300
24,100,9.86028,300
