node_id,initial_energy,remaining_energy,lifetime
0,100,6.04735,300
1,100,0,207.157
2,100,0,291.898
3,100,9.26874,300
4,100,9.72949,300
5,100,0,213.679
6,100,0,204.001
7,100,0,210.881
8,100,0,200.942
9,100,0,266.334
10,100,0,293.446
11,100,0,266.472
12,100,0,261.996
13,100,0,233.126
14,100,0,298.323
15,100,0,294.994
16,100,9.04999,300
17,100,0,263.676
18,100,0,266.238
19,100,8.84548,300
20,100,0,298.46
21,100,9.72696,300
22,100,0,299.16
23,100,0,268.202
24,100,0.193875,300
