node_id,initial_energy,remaining_energy,lifetime
0,100,6.58361,300
1,100,0,183.938
2,100,0,256.043
3,100,0,289.452
4,100,9.78377,300
5,100,0,201.535
6,100,0,227.386
7,100,0,275.924
8,100,0,235.578
9,100,0,299.544
10,100,0,230.872
11,100,0,265.095
12,100,8.99033,300
13,100,0,266.983
14,100,0.527378,300
15,100,0,265.415
16,100,0,299.301
17,100,9.18796,300
18,100,0,298.16
19,100,0.612738,300
20,100,0.198925,300
21,100,9.6792,300
22,100,9.61182,300
23,100,9.2885,300
24,100,9.86197,300
