node_id,initial_energy,remaining_energy,lifetime
0,100,5.91681,300
1,100,0,193.362
2,100,0,252.166
3,100,9.38196,300
4,100,9.82903,300
5,100,0,223.995
6,100,0,229.967
7,100,0,200.692
8,100,0,231.338
9,100,9.21864,300
10,100,0,254.231
11,100,0,257.448
12,100,0,233.437
13,100,0,217.714
14,100,0,224.666
15,100,0,296.408
16,100,6.40088,300
17,100,0,257.548
18,100,0,296.142
19,100,0,260.587
20,100,9.85552,300
21,100,9.27482,300
22,100,0,296.695
23,100,9.27392,300
24,100,0,299.386
