node_id,initial_energy,remaining_energy,lifetime
0,100,6.8995,300
1,100,0,194.943
2,100,0,244.285
3,100,0,273.649
4,100,1.78386,300
5,100,0,209.208
6,100,0,207.316
7,100,0,245.115
8,100,0,290.939
9,100,0,298.829
10,100,0,252.821
11,100,0,295.549
12,100,0,290.455
13,100,9.18924,300
14,100,9.62328,300
15,100,0,295.749
16,100,8.9961,300
17,100,0,296.513
18,100,9.19609,300
19,100,9.68907,300
20,100,0,299.255
21,100,9.6596,300
22,100,0,299.234
23,100,9.22541,300
24,100,9.84853,300
