node_id,initial_energy,remaining_energy,lifetime
0,100,6.11802,300
1,100,0,193.343
2,100,0,252.226
3,100,0,288.95
4,100,4.34008,300
5,100,0,198.542
6,100,0,191.688
7,100,0,186.574
8,100,0,266.153
9,100,4.63407,300
10,100,0,251.809
11,100,0,273.119
12,100,0,239.8
13,100,0,287.139
14,100,0,299.759
15,100,0,284.431
16,100,0,297.595
17,100,0.709921,300
18,100,1.72212,300
19,100,4.92889,300
20,100,1.88795,300
21,100,6.42624,300
22,100,5.19331,300
23,100,6.85784,300
24,100,7.67068,300
