node_id,initial_energy,remaining_energy,lifetime
0,100,7.49182,300
1,100,0,224.257
2,100,0,285.625
3,100,6.74858,300
4,100,9.61912,300
5,100,0,227.133
6,100,0,256.03
7,100,6.3302,300
8,100,8.6066,300
9,100,9.23259,300
10,100,0,230.856
11,100,0,298.212
12,100,7.53611,300
13,100,9.17124,300
14,100,9.51289,300
15,100,0,270.191
16,100,8.64926,300
17,100,9.15742,300
18,100,9.18683,300
19,100,9.20545,300
20,100,0.893971,300
21,100,8.96195,300
22,100,9.65358,300
23,100,9.6749,300
24,100,9.8464,300
