node_id,initial_energy,remaining_energy,lifetime
0,100,6.81656,300
1,100,0,207.07
2,100,0,261.767
3,100,0,298.45
4,100,6.35116,300
5,100,0,203.773
6,100,0,207.046
7,100,0,214.325
8,100,0,285.165
9,100,5.88345,300
10,100,0,232.723
11,100,0,266.897
12,100,0,247.524
13,100,1.96844,300
14,100,9.35154,300
15,100,0,271.149
16,100,0,298.552
17,100,0,294.855
18,100,8.34961,300
19,100,9.54677,300
20,100,1.30292,300
21,100,9.48753,300
22,100,4.27186,300
23,100,8.74293,300
24,100,9.84991,300
