node_id,initial_energy,remaining_energy,lifetime
0,100,6.13477,300
1,100,0,189.314
2,100,0,229.484
3,100,0,247.685
4,100,4.49375,300
5,100,0,197.551
6,100,0,197.396
7,100,0,215.387
8,100,0,240.072
9,100,2.57348,300
10,100,0,239.634
11,100,0,250.722
12,100,0,260.677
13,100,0,277.33
14,100,3.70211,300
15,100,0,274.563
16,100,0,280.543
17,100,3.94919,300
18,100,5.29251,300
19,100,3.8039,300
20,100,1.72821,300
21,100,2.40967,300
22,100,2.99067,300
23,100,7.31812,300
24,100,6.93232,300
