node_id,initial_energy,remaining_energy,lifetime
0,100,6.11123,300
1,100,0,190.969
2,100,0,252.867
3,100,0,292.186
4,100,4.12234,300
5,100,0,194.095
6,100,0,184.02
7,100,0,207.496
8,100,0,214.84
9,100,1.17336,300
10,100,0,232.674
11,100,0,249.952
12,100,0,267.207
13,100,0,254.955
14,100,5.01508,300
15,100,0,283.731
16,100,0,284.368
17,100,0,292.709
18,100,1.10565,300
19,100,4.96943,300
20,100,1.51209,300
21,100,6.56336,300
22,100,3.50258,300
23,100,7.39225,300
24,100,9.38139,300
