node_id,initial_energy,remaining_energy,lifetime
0,100,6.68171,300
1,100,0,198.047
2,100,0,222.747
3,100,0,268.466
4,100,0,296.846
5,100,0,205.651
6,100,0,215.599
7,100,0,245.199
8,100,0,287.22
9,100,3.63223,300
10,100,0,249.796
11,100,0,272.429
12,100,0,285.57
13,100,0,296.431
14,100,0.243007,300
15,100,0,275.246
16,100,0.062327,300
17,100,0,299.223
18,100,5.88662,300
19,100,5.90863,300
20,100,1.94068,300
21,100,2.95703,300
22,100,5.244,300
23,100,9.64647,300
24,100,9.83529,300
