node_id,initial_energy,remaining_energy,lifetime
0,100,6.46052,300
1,100,0,197.15
2,100,0,219.626
3,100,0,267.783
4,100,0,297.546
5,100,0,201.271
6,100,0,210.738
7,100,0,243.334
8,100,0,287.944
9,100,4.79397,300
10,100,0,225.387
11,100,0,238.899
12,100,0,279.757
13,100,0,268.784
14,100,0,284.107
15,100,0,273.57
16,100,0,282.996
17,100,0,290.077
18,100,2.96212,300
19,100,4.21336,300
20,100,1.30923,300
21,100,2.25618,300
22,100,4.78415,300
23,100,7.90146,300
24,100,9.52507,300
