node_id,initial_energy,remaining_energy,lifetime
0,100,6.8329,300
1,100,0,205.651
2,100,0,264.408
3,100,0,299.758
4,100,7.72102,300
5,100,0,207.056
6,100,0,205.254
7,100,0,216.685
8,100,0.412649,300
9,100,6.97745,300
10,100,0,251.68
11,100,0,287.064
12,100,0,266.671
13,100,8.85281,300
14,100,8.97198,300
15,100,0.533406,300
16,100,5.58739,300
17,100,0,286.348
18,100,9.06194,300
19,100,8.91455,300
20,100,1.49758,300
21,100,9.46354,300
22,100,2.94712,300
23,100,9.1266,300
24,100,9.42117,300
