node_id,initial_energy,remaining_energy,lifetime
0,100,6.85993,300
1,100,0,213.174
2,100,0,292.899
3,100,9.04338,300
4,100,9.79586,300
5,100,0,219.219
6,100,0,226.215
7,100,0,253.342
8,100,0,249.206
9,100,0,296.265
10,100,0,271.022
11,100,0,289.655
12,100,3.492,300
13,100,1.51313,300
14,100,3.58532,300
15,100,0,272.89
16,100,8.92784,300
17,100,3.83828,300
18,100,8.55416,300
19,100,8.10385,300
20,100,2.10441,300
21,100,9.5781,300
22,100,9.25137,300
23,100,8.71578,300
24,100,9.7859,300
