node_id,initial_energy,remaining_energy,lifetime
0,100,6.31982,300
1,100,0,203.254
2,100,0,241.545
3,100,0,297.646
4,100,8.07172,300
5,100,0,238.905
6,100,0,242.767
7,100,0,232.926
8,100,0,275.241
9,100,9.33356,300
10,100,0,254.872
11,100,0,257.931
12,100,0,287.294
13,100,0,296.013
14,100,9.39197,300
15,100,0,270.418
16,100,0,286.484
17,100,2.70385,300
18,100,0,297.143
19,100,3.54231,300
20,100,1.07272,300
21,100,3.24177,300
22,100,3.21123,300
23,100,5.14477,300
24,100,5.87087,300
