node_id,initial_energy,remaining_energy,lifetime
0,100,6.45175,300
1,100,0,190.116
2,100,0,249.44
3,100,0,277.83
4,100,2.38351,300
5,100,0,196.924
6,100,0,223.623
7,100,0,254.869
8,100,0,247.465
9,100,2.7472,300
10,100,0,236.394
11,100,0,249.085
12,100,4.35898,300
13,100,0,269.179
14,100,4.10716,300
15,100,0,274.709
16,100,0,284.215
17,100,7.30028,300
18,100,0,289.101
19,100,4.47992,300
20,100,1.64016,300
21,100,2.60885,300
22,100,7.95473,300
23,100,3.6055,300
24,100,9.84589,300
