node_id,initial_energy,remaining_energy,lifetime
0,100,7.00771,300
1,100,0,219.533
2,100,0,232.927
3,100,0,276.589
4,100,2.03739,300
5,100,0,224.001
6,100,0,197.551
7,100,0,218.496
8,100,0,254.816
9,100,1.50128,300
10,100,0,223.007
11,100,0,280.791
12,100,0,280.655
13,100,2.68631,300
14,100,9.52128,300
15,100,0,275.881
16,100,0,285.075
17,100,3.76882,300
18,100,6.8424,300
19,100,9.24768,300
20,100,0.279813,300
21,100,6.27902,300
22,100,2.0826,300
23,100,5.2727,300
24,100,7.85759,300
