node_id,initial_energy,remaining_energy,lifetime
0,100,7.0841,300
1,100,0,224.108
2,100,0,220.994
3,100,0,268.254
4,100,0.951103,300
5,100,0,235.479
6,100,0,214.332
7,100,0,235.538
8,100,1.61642,300
9,100,9.12393,300
10,100,0,268
11,100,0,283.279
12,100,0,275.583
13,100,0,292.555
14,100,2.69198,300
15,100,2.64088,300
16,100,3.8336,300
17,100,0,279.921
18,100,3.72099,300
19,100,6.9917,300
20,100,0.640826,300
21,100,6.21258,300
22,100,2.44732,300
23,100,9.33697,300
24,100,9.78321,300
