node_id,initial_energy,remaining_energy,lifetime
0,100,6.68943,300
1,100,0,213.092
2,100,0,258.431
3,100,9.69668,300
4,100,9.80778,300
5,100,0,246.346
6,100,0,246.242
7,100,0,239.695
8,100,0,299.971
9,100,9.20033,300
10,100,0,259.594
11,100,0,229.944
12,100,0,267.544
13,100,6.92404,300
14,100,5.81123,300
15,100,0,291.437
16,100,0,292.602
17,100,0,271.017
18,100,9.01606,300
19,100,7.69075,300
20,100,9.8319,300
21,100,9.14447,300
22,100,0.786799,300
23,100,9.22188,300
24,100,9.79123,300
