node_id,lifetime
0,300.0
1,211.837444444
2,254.006777778
3,286.878333333
4,300.0
5,227.453666667
6,223.709777778
7,240.097222222
8,276.459888889
9,299.585
10,257.724333333
11,272.044888889
12,281.667888889
13,294.679888889
14,299.854444444
15,287.256333333
16,293.243777778
17,293.031777778
18,298.471555556
19,300.0
20,300.0
21,300.0
22,300.0
23,300.0
24,300.0
