node_id,initial_energy,remaining_energy,lifetime
0,100,7.43559,300
1,100,0,245.727
2,100,0,243.657
3,100,0,258.296
4,100,0,296.484
5,100,0,247.882
6,100,0,249.207
7,100,0,249.907
8,100,5.99104,300
9,100,9.12482,300
10,100,0,269.268
11,100,0,277.7
12,100,0,293.675
13,100,2.78192,300
14,100,3.14097,300
15,100,2.09668,300
16,100,3.59335,300
17,100,7.20784,300
18,100,8.11953,300
19,100,6.00786,300
20,100,0,295.984
21,100,5.12566,300
22,100,9.2758,300
23,100,8.95531,300
24,100,9.8592,300
