node_id,initial_energy,remaining_energy,lifetime
0,100,7.00302,300
1,100,0,203.586
2,100,0,267.589
3,100,0.62765,300
4,100,9.82776,300
5,100,0,211.924
6,100,0,241.839
7,100,0,297.193
8,100,0,262.604
9,100,0.984166,300
10,100,0,276.389
11,100,0,261.05
12,100,6.14012,300
13,100,0,290.422
14,100,9.6012,300
15,100,3.52268,300
16,100,0,294.195
17,100,8.03401,300
18,100,0.506725,300
19,100,9.66968,300
20,100,0.964313,300
21,100,5.74462,300
22,100,8.18388,300
23,100,8.78198,300
24,100,9.85383,300
