node_id,initial_energy,remaining_energy,lifetime
0,100,7.32272,300
1,100,0,233.169
2,100,0,280.295
3,100,9.69846,300
4,100,9.82861,300
5,100,0,253.254
6,100,0,264.271
7,100,0,275.167
8,100,5.92474,300
9,100,9.18712,300
10,100,0,273.922
11,100,0,290.702
12,100,0,292.696
13,100,3.52241,300
14,100,1.45783,300
15,100,0,292.751
16,100,7.01855,300
17,100,0,293.396
18,100,7.84153,300
19,100,4.79491,300
20,100,9.85468,300
21,100,9.06649,300
22,100,0,297.039
23,100,9.17534,300
24,100,9.45983,300
