node_id,initial_energy,remaining_energy,lifetime
0,100,7.5471,300
1,100,0,249.62
2,100,2.6992,300
3,100,8.51512,300
4,100,9.44037,300
5,100,0,266.362
6,100,0,276.696
7,100,0,283.74
8,100,0,289.599
9,100,9.45404,300
10,100,0,296.383
11,100,0,264.214
12,100,0,299.108
13,100,6.08633,300
14,100,9.52874,300
15,100,9.6003,300
16,100,0,299.2
17,100,8.96707,300
18,100,6.14932,300
19,100,6.36287,300
20,100,9.81257,300
21,100,0.38516,300
22,100,9.41585,300
23,100,9.43857,300
24,100,9.65042,300
