node_id,initial_energy,remaining_energy,lifetime
0,100,7.23079,300
1,100,0,232.196
2,100,0,268.403
3,100,0,269.219
4,100,0,297.537
5,100,0,248.643
6,100,0,200.041
7,100,0,223.84
8,100,0,299.662
9,100,5.85606,300
10,100,0,279.572
11,100,2.18532,300
12,100,0,269.679
13,100,5.61376,300
14,100,9.52805,300
15,100,0,291.75
16,100,5.58583,300
17,100,0.796459,300
18,100,6.69746,300
19,100,9.22436,300
20,100,9.84859,300
21,100,9.55073,300
22,100,0,297.482
23,100,4.56136,300
24,100,7.21134,300
