node_id,initial_energy,remaining_energy,lifetime
0,100,6.63417,300
1,100,0,217.627
2,100,0,286.691
3,100,7.6666,300
4,100,8.13585,300
5,100,0,244.614
6,100,0,235.029
7,100,0,258.484
8,100,0,217.488
9,100,0,268.936
10,100,0,293.095
11,100,0,292.541
12,100,7.55172,300
13,100,0,249.642
14,100,0.22237,300
15,100,0,294.375
16,100,9.07749,300
17,100,8.84802,300
18,100,8.3513,300
19,100,9.20263,300
20,100,0,297.812
21,100,9.61475,300
22,100,9.5317,300
23,100,8.7951,300
24,100,9.70508,300
