node_id,initial_energy,remaining_energy,lifetime
0,100,7.64325,300
1,100,0,241.592
2,100,9.67236,300
3,100,9.64902,300
4,100,9.8404,300
5,100,0,227.633
6,100,0,251.087
7,100,3.07246,300
8,100,9.18548,300
9,100,9.20057,300
10,100,0,232.244
11,100,0,298.807
12,100,7.54826,300
13,100,9.18267,300
14,100,9.53791,300
15,100,0,273.05
16,100,9.00559,300
17,100,9.17492,300
18,100,9.19392,300
19,100,9.20508,300
20,100,1.31821,300
21,100,9.04116,300
22,100,9.63851,300
23,100,9.66894,300
24,100,9.8598,300
