node_id,initial_energy,remaining_energy,lifetime
0,100,6.69802,300
1,100,0,209.139
2,100,0,251.399
3,100,0,287.538
4,100,2.66771,300
5,100,0,230.665
6,100,0,217.24
7,100,0,206.698
8,100,0,264.989
9,100,7.22425,300
10,100,0,261.707
11,100,1.3294,300
12,100,0,258.669
13,100,4.30104,300
14,100,5.29128,300
15,100,0,299.709
16,100,0,297.013
17,100,3.3435,300
18,100,9.19597,300
19,100,8.41361,300
20,100,9.85239,300
21,100,4.21975,300
22,100,7.44267,300
23,100,9.69,300
24,100,9.85204,300
