node_id,initial_energy,remaining_energy,lifetime
0,100,6.94906,300
1,100,0,223.999
2,100,0,229.681
3,100,0,272.393
4,100,1.73895,300
5,100,0,235
6,100,0,200.966
7,100,0,222.746
8,100,0,256.548
9,100,1.43024,300
10,100,0,250.26
11,100,0,277.144
12,100,0,277.351
13,100,2.92114,300
14,100,9.53465,300
15,100,0,269.719
16,100,0,287.081
17,100,2.87901,300
18,100,7.49968,300
19,100,9.13729,300
20,100,0,298.85
21,100,6.67369,300
22,100,2.58758,300
23,100,4.56621,300
24,100,5.41922,300
