node_id,initial_energy,remaining_energy,lifetime
0,100,7.01011,300
1,100,0,226.156
2,100,0,223.003
3,100,0,271.206
4,100,1.51398,300
5,100,0,231.354
6,100,0,214.011
7,100,0,244.928
8,100,4.75881,300
9,100,9.15565,300
10,100,0,258.722
11,100,0,273.898
12,100,0,281.643
13,100,1.09257,300
14,100,3.72655,300
15,100,0.198511,300
16,100,0.843036,300
17,100,0.87668,300
18,100,6.62002,300
19,100,7.26606,300
20,100,0.868996,300
21,100,1.69681,300
22,100,2.35912,300
23,100,9.19345,300
24,100,9.74712,300
