node_id,initial_energy,remaining_energy,lifetime
0,100,7.73179,300
1,100,0,242.802
2,100,0,296.301
3,100,0,297.303
4,100,0,299.248
5,100,0,261.436
6,100,0,268.557
7,100,7.9602,300
8,100,8.88663,300
9,100,8.89648,300
10,100,1.93451,300
11,100,1.80255,300
12,100,7.42883,300
13,100,9.15604,300
14,100,9.3965,300
15,100,2.06074,300
16,100,4.85155,300
17,100,8.97966,300
18,100,9.16994,300
19,100,9.1562,300
20,100,0,297.225
21,100,5.51185,300
22,100,9.62171,300
23,100,9.66628,300
24,100,9.83019,300
