node_id,initial_energy,remaining_energy,lifetime
0,100,7.27039,300
1,100,0,237.458
2,100,0,285.921
3,100,0,298.468
4,100,9.35064,300
5,100,0,249.761
6,100,0,262.858
7,100,0,273.49
8,100,1.49383,300
9,100,9.31994,300
10,100,0,248.83
11,100,0,252.033
12,100,1.92118,300
13,100,8.68354,300
14,100,9.59581,300
15,100,0,259.58
16,100,0,282.509
17,100,8.85461,300
18,100,8.82483,300
19,100,9.1293,300
20,100,0,297.976
21,100,2.35501,300
22,100,9.30548,300
23,100,9.19215,300
24,100,9.51707,300
