node_id,initial_energy,remaining_energy,lifetime
0,100,6.56814,300
1,100,0,188.066
2,100,0,243.415
3,100,0,271.707
4,100,1.77452,300
5,100,0,201.768
6,100,0,235.61
7,100,0,259.847
8,100,0,248.446
9,100,1.4788,300
10,100,0,247.005
11,100,0,264.041
12,100,4.1299,300
13,100,0,273.907
14,100,3.25368,300
15,100,0,282.257
16,100,0,294.907
17,100,7.75601,300
18,100,1.24581,300
19,100,3.67487,300
20,100,1.9212,300
21,100,5.63113,300
22,100,7.95702,300
23,100,8.75712,300
24,100,9.84592,300
