node_id,initial_energy,remaining_energy,lifetime
0,100,6.6761,300
1,100,0,218.624
2,100,0,267.312
3,100,9.72006,300
4,100,9.82298,300
5,100,0,245.727
6,100,0,258.681
7,100,0,254.907
8,100,0,294.133
9,100,9.22599,300
10,100,0,268.456
11,100,0,251.112
12,100,0,279.637
13,100,0,290.155
14,100,0,297.158
15,100,0,294.031
16,100,5.64029,300
17,100,0,275.628
18,100,6.94085,300
19,100,4.72652,300
20,100,9.8722,300
21,100,9.10525,300
22,100,1.34352,300
23,100,8.93896,300
24,100,9.46981,300
