node_id,initial_energy,remaining_energy,lifetime
0,100,6.56251,300
1,100,0,243.912
2,100,0,267.707
3,100,0,254.426
4,100,0,294.132
5,100,0,204.916
6,100,0,245.891
7,100,7.16071,300
8,100,8.68594,300
9,100,0,292.132
10,100,0,249.276
11,100,0,284.471
12,100,7.69645,300
13,100,9.27462,300
14,100,9.6572,300
15,100,0,290.367
16,100,0,294.657
17,100,0,290.382
18,100,9.26826,300
19,100,9.69174,300
20,100,0,293.992
21,100,9.71698,300
22,100,0,293.367
23,100,9.28403,300
24,100,9.8808,300
