node_id,initial_energy,remaining_energy,lifetime
0,100,6.89701,300
1,100,0,211.76
2,100,0,264.231
3,100,9.70918,300
4,100,9.80382,300
5,100,0,248.993
6,100,0,259.402
7,100,0,243.015
8,100,0,265.689
9,100,9.23283,300
10,100,0,269.943
11,100,0,291.873
12,100,0,292.976
13,100,0,255.871
14,100,0,289.887
15,100,0,292.261
16,100,7.8503,300
17,100,0,296.714
18,100,0,298.853
19,100,3.60342,300
20,100,9.86014,300
21,100,8.97684,300
22,100,0,299.547
23,100,9.22721,300
24,100,8.76909,300
