node_id,initial_energy,remaining_energy,lifetime
0,100,7.30092,300
1,100,0,235.402
2,100,0,265.545
3,100,0,261.697
4,100,0,296.262
5,100,0,238.406
6,100,0,199.62
7,100,0,219.978
8,100,0,293.348
9,100,6.54771,300
10,100,0,254.843
11,100,0,285.232
12,100,0,264.24
13,100,3.70819,300
14,100,9.63029,300
15,100,0,291.685
16,100,0,289.876
17,100,0,298.397
18,100,4.51435,300
19,100,9.2398,300
20,100,9.85561,300
21,100,9.51162,300
22,100,0,296.821
23,100,3.9611,300
24,100,8.67632,300
