node_id,initial_energy,remaining_energy,lifetime
0,100,7.19678,300
1,100,0,232.335
2,100,0,258.584
3,100,1.70912,300
4,100,0.39117,300
5,100,0,232.004
6,100,0,205.096
7,100,0,230.069
8,100,0,284.786
9,100,7.09683,300
10,100,0,248.088
11,100,0,288.845
12,100,0,287.866
13,100,0.27438,300
14,100,1.14321,300
15,100,0,291.787
16,100,0,274.987
17,100,2.63857,300
18,100,8.99141,300
19,100,1.01587,300
20,100,9.55117,300
21,100,0.521807,300
22,100,7.74658,300
23,100,9.66986,300
24,100,9.86209,300
