node_id,initial_energy,remaining_energy,lifetime
0,100,8.29199,300
1,100,0,251.275
2,100,0,291.778
3,100,0,292.443
4,100,0,293.976
5,100,0,281.349
6,100,2.58083,300
7,100,6.97007,300
8,100,8.50377,300
9,100,8.92218,300
10,100,1.13534,300
11,100,2.02609,300
12,100,7.96842,300
13,100,8.75383,300
14,100,9.52586,300
15,100,0,299.473
16,100,3.27155,300
17,100,9.16444,300
18,100,8.9742,300
19,100,9.18272,300
20,100,0,287.029
21,100,4.62609,300
22,100,9.61475,300
23,100,9.66495,300
24,100,9.85551,300
