node_id,initial_energy,remaining_energy,lifetime
0,100,7.09705,300
1,100,0,223.999
2,100,0,239.132
3,100,0,262.899
4,100,0,298.622
5,100,0,234.488
6,100,0,214.988
7,100,0,231.033
8,100,3.0507,300
9,100,9.14964,300
10,100,0,266.67
11,100,0,280.203
12,100,0,279.798
13,100,0,287.192
14,100,0.998967,300
15,100,2.62655,300
16,100,4.02626,300
17,100,0.475589,300
18,100,2.69074,300
19,100,7.42957,300
20,100,0,299.939
21,100,5.71457,300
22,100,1.78604,300
23,100,4.19807,300
24,100,9.8592,300
