node_id,initial_energy,remaining_energy,lifetime
0,100,6.76406,300
1,100,0,223.658
2,100,0,270.143
3,100,9.73114,300
4,100,9.84325,300
5,100,0,242.558
6,100,0,262.248
7,100,0,261.079
8,100,0,296.113
9,100,9.18404,300
10,100,0,263.243
11,100,0,268.646
12,100,0,279.537
13,100,0,285.639
14,100,0,289.865
15,100,0,295.666
16,100,3.93613,300
17,100,0,269.665
18,100,5.34486,300
19,100,4.24789,300
20,100,9.8722,300
21,100,8.90011,300
22,100,0.29038,300
23,100,9.19469,300
24,100,9.83852,300
