node_id,initial_energy,remaining_energy,lifetime
0,100,6.88523,300
1,100,0,197.058
2,100,0,267.533
3,100,0.386791,300
4,100,9.80195,300
5,100,0,207.725
6,100,0,238.559
7,100,0,292.616
8,100,0,257.315
9,100,0.760805,300
10,100,0,245.684
11,100,0,258.655
12,100,5.9356,300
13,100,0,284.891
14,100,8.59847,300
15,100,0,282.931
16,100,0,292.571
17,100,8.15959,300
18,100,0.346772,300
19,100,8.7273,300
20,100,1.14248,300
21,100,5.88479,300
22,100,8.41324,300
23,100,8.87026,300
24,100,9.85137,300
