node_id,initial_energy,remaining_energy,lifetime
0,100,7.29161,300
1,100,0,241.674
2,100,0,269.329
3,100,4.1814,300
4,100,2.03751,300
5,100,0,236.869
6,100,0,208.908
7,100,0,244.246
8,100,0,288.191
9,100,6.4036,300
10,100,0,251.764
11,100,0,298.317
12,100,2.74649,300
13,100,8.53502,300
14,100,9.19945,300
15,100,0,293.108
16,100,0,284.76
17,100,4.32141,300
18,100,9.18838,300
19,100,9.09612,300
20,100,9.07412,300
21,100,1.93767,300
22,100,8.1571,300
23,100,9.67212,300
24,100,9.86028,300
