node_id,initial_energy,remaining_energy,lifetime
0,100,7.06778,300
1,100,0,229.047
2,100,0,255.1
3,100,0,262.817
4,100,0,298.888
5,100,0,244.57
6,100,0,203.596
7,100,0,227.879
8,100,0,288.049
9,100,0.890406,300
10,100,0,270.266
11,100,0,291.561
12,100,0,275.651
13,100,5.16904,300
14,100,9.50444,300
15,100,0,292.943
16,100,5.2302,300
17,100,2.74815,300
18,100,6.75869,300
19,100,9.20071,300
20,100,9.85561,300
21,100,9.64039,300
22,100,1.7185,300
23,100,4.30517,300
24,100,6.5839,300
