node_id,initial_energy,remaining_energy,lifetime
0,100,7.16064,300
1,100,0,225.631
2,100,0,268.547
3,100,0,283.211
4,100,4.97987,300
5,100,0,245.49
6,100,0,252.992
7,100,0,264.766
8,100,0,287.925
9,100,8.8849,300
10,100,0,280.407
11,100,0,242.316
12,100,0,283.992
13,100,5.06156,300
14,100,9.56108,300
15,100,9.27225,300
16,100,0,274.057
17,100,3.2798,300
18,100,5.08034,300
19,100,8.80738,300
20,100,9.7914,300
21,100,0.763841,300
22,100,2.02008,300
23,100,3.6379,300
24,100,5.89654,300
