node_id,initial_energy,remaining_energy,lifetime
0,100,6.25577,300
1,100,0,208.085
2,100,0,289.252
3,100,9.01856,300
4,100,9.59662,300
5,100,0,240.961
6,100,0,223.021
7,100,0,251.02
8,100,0,225.994
9,100,0,277.41
10,100,0,292.877
11,100,0,248.368
12,100,0,249.432
13,100,0,252.103
14,100,1.15439,300
15,100,0,295.194
16,100,8.68609,300
17,100,0,255.757
18,100,3.52513,300
19,100,8.87486,300
20,100,0,299.068
21,100,9.38009,300
22,100,0.662072,300
23,100,3.61763,300
24,100,4.50959,300
