node_id,initial_energy,remaining_energy,lifetime
0,100,8.55682,300
1,100,0,293.964
2,100,7.17636,300
3,100,9.71123,300
4,100,9.84987,300
5,100,0,276.8
6,100,0,282.853
7,100,6.54965,300
8,100,9.15091,300
9,100,9.18091,300
10,100,0,284.655
11,100,0,284.855
12,100,9.08311,300
13,100,9.16923,300
14,100,9.50077,300
15,100,9.69015,300
16,100,9.17799,300
17,100,9.17686,300
18,100,9.16972,300
19,100,9.1835,300
20,100,9.86283,300
21,100,9.19496,300
22,100,9.64066,300
23,100,9.6763,300
24,100,9.8592,300
