node_id,initial_energy,remaining_energy,lifetime
0,100,8.67302,300
1,100,0,286.682
2,100,1.1569,300
3,100,0,293.892
4,100,9.48344,300
5,100,0,291.26
6,100,0,287.515
7,100,0,277.248
8,100,6.01859,300
9,100,9.19199,300
10,100,5.2742,300
11,100,4.58403,300
12,100,0,283.822
13,100,9.04541,300
14,100,9.62833,300
15,100,9.18093,300
16,100,4.72142,300
17,100,0,283.533
18,100,9.02351,300
19,100,9.67371,300
20,100,9.85531,300
21,100,9.43171,300
22,100,0,285.829
23,100,9.0528,300
24,100,9.84726,300
