node_id,initial_energy,remaining_energy,lifetime
0,100,6.92408,300
1,100,0,201.845
2,100,0,260.553
3,100,0,292.006
4,100,6.89037,300
5,100,0,203.418
6,100,0,201.945
7,100,0,208.368
8,100,0,299.069
9,100,5.71184,300
10,100,0,244.386
11,100,0,281.153
12,100,0,264.249
13,100,9.07581,300
14,100,9.30837,300
15,100,0,299.03
16,100,3.74074,300
17,100,0,272.043
18,100,9.11109,300
19,100,9.37441,300
20,100,0.654896,300
21,100,9.4188,300
22,100,0.954562,300
23,100,9.14212,300
24,100,9.87194,300
