node_id,initial_energy,remaining_energy,lifetime
0,100,6.18417,300
1,100,0,196.597
2,100,0,287.263
3,100,8.64902,300
4,100,9.32353,300
5,100,0,210.49
6,100,0,198.384
7,100,0,221.579
8,100,0,179.13
9,100,0,256.069
10,100,0,297.437
11,100,0,247.856
12,100,0,261.201
13,100,0,243.448
14,100,0,281.262
15,100,0,297.537
16,100,8.60438,300
17,100,0,263.623
18,100,3.43575,300
19,100,1.77911,300
20,100,0.273287,300
21,100,9.42343,300
22,100,0.834796,300
23,100,4.11159,300
24,100,5.95285,300
