node_id,initial_energy,remaining_energy,lifetime
0,100,6.97875,300
1,100,0,224.176
2,100,0,219.291
3,100,0,257.482
4,100,0,298.647
5,100,0,225.819
6,100,0,191.77
7,100,0,206.704
8,100,0,244.422
9,100,0,298.447
10,100,0,248.13
11,100,0,279.369
12,100,0,270.84
13,100,3.58675,300
14,100,9.54767,300
15,100,0,269.231
16,100,0,286.095
17,100,0.836083,300
18,100,5.74063,300
19,100,9.22842,300
20,100,0,297.398
21,100,6.33891,300
22,100,0.631445,300
23,100,4.09315,300
24,100,6.33168,300
