node_id,initial_energy,remaining_energy,lifetime
0,100,7.27495,300
1,100,0,215.958
2,100,0,271.522
3,100,0,273.853
4,100,1.85632,300
5,100,0,215.653
6,100,0,267.237
7,100,7.38506,300
8,100,7.67519,300
9,100,8.49698,300
10,100,0,247.974
11,100,0,297.385
12,100,6.79859,300
13,100,8.60912,300
14,100,9.11073,300
15,100,0,275.68
16,100,2.94365,300
17,100,9.16416,300
18,100,8.82358,300
19,100,9.07239,300
20,100,0.400976,300
21,100,6.96968,300
22,100,9.62743,300
23,100,9.52635,300
24,100,9.85551,300
