node_id,initial_energy,remaining_energy,lifetime
0,100,6.62027,300
1,100,0,195.153
2,100,0,217.08
3,100,0,258.463
4,100,0,289.468
5,100,0,196.886
6,100,0,211.17
7,100,0,242.098
8,100,0,278.417
9,100,2.49289,300
10,100,0,222.24
11,100,0,238.595
12,100,0,275.862
13,100,0,267.027
14,100,0,295.903
15,100,0,270.517
16,100,0,281.645
17,100,0,285.365
18,100,3.88991,300
19,100,5.94369,300
20,100,0.751262,300
21,100,2.11725,300
22,100,2.9085,300
23,100,7.45945,300
24,100,9.48411,300
