node_id,initial_energy,remaining_energy,lifetime
0,100,5.96025,300
1,100,0,194.641
2,100,0,248.465
3,100,0,281.657
4,100,2.68165,300
5,100,0,184.015
6,100,0,179.48
7,100,0,189.246
8,100,0,221.786
9,100,2.83448,300
10,100,0,244.991
11,100,0,254.182
12,100,0,242.325
13,100,0,264.774
14,100,0,289.925
15,100,0,277.672
16,100,0,282.743
17,100,0,280.894
18,100,0,271.597
19,100,3.14562,300
20,100,1.8358,300
21,100,2.45874,300
22,100,1.88261,300
23,100,0,292.371
24,100,3.76859,300
