node_id,initial_energy,remaining_energy,lifetime
0,100,5.88477,300
1,100,0,177.738
2,100,0,210.56
3,100,0,237.026
4,100,2.08476,300
5,100,0,192.481
6,100,0,189.386
7,100,0,194.039
8,100,0,202.163
9,100,1.13757,300
10,100,0,241.66
11,100,0,248.425
12,100,0,252.694
13,100,0,229.408
14,100,0,274.159
15,100,0,275.163
16,100,0,276.588
17,100,0.824952,300
18,100,0,285.396
19,100,0,297.651
20,100,1.90524,300
21,100,1.74466,300
22,100,1.65867,300
23,100,3.11248,300
24,100,3.09689,300
