node_id,initial_energy,remaining_energy,lifetime
0,100,6.0472,300
1,100,0,187.417
2,100,0,221.929
3,100,0,240.836
4,100,0,226.485
5,100,0,199.206
6,100,0,203.648
7,100,0,197.465
8,100,0,282.227
9,100,0,241.532
10,100,0,231.169
11,100,0,269.937
12,100,0,245.751
13,100,2.00563,300
14,100,0.150677,300
15,100,0,271.935
16,100,0.279394,300
17,100,1.82223,300
18,100,5.85429,300
19,100,7.06613,300
20,100,1.1335,300
21,100,9.45728,300
22,100,5.85173,300
23,100,9.26564,300
24,100,9.52079,300
