node_id,initial_energy,remaining_energy,lifetime
0,100,6.30622,300
1,100,0,189.919
2,100,0,229.16
3,100,0,272.232
4,100,1.1432,300
5,100,0,187.563
6,100,0,177.981
7,100,0,194.723
8,100,0,227.308
9,100,0,276.844
10,100,0,238.535
11,100,0,272.965
12,100,0,253.334
13,100,0,264.056
14,100,0,298.871
15,100,0,270.108
16,100,0.591715,300
17,100,0,279.188
18,100,0,286.464
19,100,5.06017,300
20,100,1.00641,300
21,100,1.57969,300
22,100,1.82395,300
23,100,2.09655,300
24,100,5.89651,300
