node_id,initial_energy,remaining_energy,lifetime
0,100,6.69303,300
1,100,0,195.173
2,100,0,216.07
3,100,0,255.213
4,100,0,284.471
5,100,0,200.277
6,100,0,210.902
7,100,0,230.885
8,100,0,270.858
9,100,2.47762,300
10,100,0,243.078
11,100,0,274.543
12,100,0,271.438
13,100,0,284.38
14,100,0.461761,300
15,100,0,268.47
16,100,0,299.186
17,100,0,294.344
18,100,3.11097,300
19,100,2.40019,300
20,100,0.513071,300
21,100,2.64192,300
22,100,5.1558,300
23,100,8.31178,300
24,100,9.71364,300
