node_id,initial_energy,remaining_energy,lifetime
0,100,6.34657,300
1,100,0,189.43
2,100,0,218.947
3,100,0,259.132
4,100,0,264.377
5,100,0,193.111
6,100,0,203.684
7,100,0,209.175
8,100,0,233.933
9,100,0,270.795
10,100,0,226.032
11,100,0,253.112
12,100,0,278.52
13,100,0,261.869
14,100,3.32166,300
15,100,0,275.429
16,100,0,280.399
17,100,1.04458,300
18,100,0,284.625
19,100,6.73457,300
20,100,1.3874,300
21,100,1.91612,300
22,100,2.01263,300
23,100,4.0525,300
24,100,7.60155,300
