node_id,initial_energy,remaining_energy,lifetime
0,100,6.12511,300
1,100,0,195.754
2,100,0,255.884
3,100,0,298.364
4,100,9.29337,300
5,100,0,186.257
6,100,0,194.431
7,100,0,208.008
8,100,0,183.424
9,100,0,254.023
10,100,0,241.781
11,100,0,237.775
12,100,0,240.347
13,100,0,230.592
14,100,0,281.621
15,100,0,273.294
16,100,0.212893,300
17,100,0,271.326
18,100,0,284.977
19,100,2.20837,300
20,100,1.32129,300
21,100,1.19852,300
22,100,0.958669,300
23,100,4.14509,300
24,100,7.5014,300
