node_id,initial_energy,remaining_energy,lifetime
0,100,7.51983,300
1,100,0,221.266
2,100,0,266.921
3,100,0,268.307
4,100,0.943485,300
5,100,0,221.93
6,100,0,276.928
7,100,7.74135,300
8,100,8.25559,300
9,100,8.63979,300
10,100,0,270.019
11,100,3.23253,300
12,100,7.89417,300
13,100,9.19547,300
14,100,9.1256,300
15,100,1.68833,300
16,100,5.42827,300
17,100,9.16104,300
18,100,9.20146,300
19,100,8.99613,300
20,100,0,299.094
21,100,6.38925,300
22,100,9.61647,300
23,100,9.66854,300
24,100,9.66682,300
