node_id,initial_energy,remaining_energy,lifetime
0,100,6.8189,300
1,100,0,197.314
2,100,0,247.317
3,100,2.39801,300
4,100,2.52311,300
5,100,0,201.207
6,100,0,212.607
7,100,0,242.374
8,100,0,290.741
9,100,1.97827,300
10,100,0,223.678
11,100,0,244.329
12,100,0,275.496
13,100,2.33609,300
14,100,1.22605,300
15,100,0,269.055
16,100,0.836451,300
17,100,0,277.964
18,100,9.14242,300
19,100,4.23919,300
20,100,0.557395,300
21,100,9.05221,300
22,100,1.65878,300
23,100,9.23483,300
24,100,8.87359,300
