node_id,initial_energy,remaining_energy,lifetime
0,100,6.75251,300
1,100,0,205.328
2,100,0,253.455
3,100,0,284.9
4,100,2.96048,300
5,100,0,203.095
6,100,0,220.206
7,100,0,214.039
8,100,0,290.491
9,100,3.43603,300
10,100,0,243.896
11,100,0,290.304
12,100,0,260.236
13,100,4.08959,300
14,100,7.38577,300
15,100,0,299.055
16,100,6.30215,300
17,100,0,293.466
18,100,8.95682,300
19,100,9.01303,300
20,100,0.724079,300
21,100,9.48141,300
22,100,3.99949,300
23,100,9.20489,300
24,100,9.49298,300
