node_id,initial_energy,remaining_energy,lifetime
0,100,7.3893,300
1,100,0,228.287
2,100,2.01175,300
3,100,0,297.171
4,100,9.51311,300
5,100,0,221.347
6,100,0,255.292
7,100,2.61776,300
8,100,5.75471,300
9,100,9.12106,300
10,100,0,229.46
11,100,2.59127,300
12,100,7.8124,300
13,100,9.0265,300
14,100,9.43382,300
15,100,0,269.764
16,100,8.74997,300
17,100,9.06817,300
18,100,9.01184,300
19,100,9.20667,300
20,100,0.488962,300
21,100,8.95242,300
22,100,9.56211,300
23,100,9.59007,300
24,100,9.84683,300
