node_id,initial_energy,remaining_energy,lifetime
0,100,6.45882,300
1,100,0,200.929
2,100,0,242.45
3,100,0,296.255
4,100,7.48019,300
5,100,0,201.189
6,100,0,204.637
7,100,0,208.005
8,100,0,235.689
9,100,9.22754,300
10,100,0,255.182
11,100,0,254.195
12,100,0,278.156
13,100,0,261.66
14,100,9.56345,300
15,100,0,270.455
16,100,0,281.059
17,100,0.990873,300
18,100,0,285.435
19,100,7.13124,300
20,100,0.712124,300
21,100,1.62898,300
22,100,1.89271,300
23,100,4.5949,300
24,100,5.00899,300
