node_id,initial_energy,remaining_energy,lifetime
0,100,5.9434,300
1,100,0,201.156
2,100,0,250.119
3,100,0,285.605
4,100,3.09012,300
5,100,0,214.308
6,100,0,193.844
7,100,0,195.982
8,100,0,259.014
9,100,7.62509,300
10,100,0,227.173
11,100,0,256.295
12,100,0,245.002
13,100,0,286.473
14,100,0,295.155
15,100,0,263.129
16,100,0,277.287
17,100,0,287.238
18,100,0,292.477
19,100,4.00723,300
20,100,0.272465,300
21,100,1.53512,300
22,100,3.19694,300
23,100,4.1567,300
24,100,9.85803,300
