node_id,initial_energy,remaining_energy,lifetime
0,100,6.30543,300
1,100,0,193.512
2,100,0,213.217
3,100,0,255.711
4,100,0,285.279
5,100,0,217.886
6,100,0,202.349
7,100,0,217.648
8,100,0,275.206
9,100,2.53511,300
10,100,0,236.109
11,100,0,267.803
12,100,0,266.248
13,100,0,272.113
14,100,0,270.775
15,100,0,265.27
16,100,0,295.089
17,100,0,286.264
18,100,5.95318,300
19,100,0,294.698
20,100,0,299.938
21,100,1.59644,300
22,100,3.32572,300
23,100,8.91031,300
24,100,7.73851,300
