node_id,initial_energy,remaining_energy,lifetime
0,100,6.51832,300
1,100,0,197.241
2,100,0,231.716
3,100,0,269.467
4,100,0.673935,300
5,100,0,194.522
6,100,0,187.727
7,100,0,202.91
8,100,0,219.122
9,100,1.33507,300
10,100,0,229.018
11,100,0,281.983
12,100,0,261.986
13,100,0,253.316
14,100,9.5411,300
15,100,0,277.349
16,100,0,291.098
17,100,0,292.013
18,100,0,296.608
19,100,9.23024,300
20,100,0.803275,300
21,100,7.14009,300
22,100,4.3014,300
23,100,6.16482,300
24,100,7.37349,300
