node_id,initial_energy,remaining_energy,lifetime
0,100,6.20991,300
1,100,0,203.418
2,100,0,252.562
3,100,9.68884,300
4,100,9.78973,300
5,100,0,238.235
6,100,0,244.156
7,100,0,225.328
8,100,0,253.171
9,100,9.16901,300
10,100,0,250.967
11,100,0,219.041
12,100,0,262.606
13,100,0,227.967
14,100,0,257.947
15,100,0,292.694
16,100,0,295.764
17,100,0,270.327
18,100,0,296.499
19,100,0,296.171
20,100,9.8722,300
21,100,8.94393,300
22,100,1.22931,300
23,100,6.01571,300
24,100,8.84319,300
