node_id,initial_energy,remaining_energy,lifetime
0,100,6.15274,300
1,100,0,197.469
2,100,0,288.759
3,100,8.08719,300
4,100,9.05998,300
5,100,0,206.094
6,100,0,198.278
7,100,0,218.88
8,100,0,185.816
9,100,0,253.832
10,100,0,264.417
11,100,0,260.663
12,100,0,262.121
13,100,0,252.503
14,100,0,278.178
15,100,0,264.682
16,100,8.548,300
17,100,0,264.993
18,100,4.30706,300
19,100,1.50512,300
20,100,0.12965,300
21,100,9.42407,300
22,100,0.480327,300
23,100,5.05801,300
24,100,6.89651,300
