node_id,initial_energy,remaining_energy,lifetime
0,100,7.62479,300
1,100,0,243.243
2,100,9.25856,300
3,100,9.46576,300
4,100,9.66127,300
5,100,0,225.969
6,100,0,259.823
7,100,4.34325,300
8,100,8.99849,300
9,100,9.03415,300
10,100,0,225.973
11,100,0,299.633
12,100,8.28351,300
13,100,9.08089,300
14,100,9.4273,300
15,100,0,266.066
16,100,8.85653,300
17,100,9.06062,300
18,100,9.09985,300
19,100,9.11999,300
20,100,0,299.886
21,100,9.0159,300
22,100,9.56586,300
23,100,9.67145,300
24,100,9.84409,300
