node_id,initial_energy,remaining_energy,lifetime
0,100,7.27061,300
1,100,0,234.131
2,100,0,262.021
3,100,1.76828,300
4,100,0.423327,300
5,100,0,237.626
6,100,0,204.692
7,100,0,234.181
8,100,0,285.581
9,100,6.79133,300
10,100,0,280.414
11,100,0,290.131
12,100,0,289.231
13,100,0,299.797
14,100,0.570153,300
15,100,7.01296,300
16,100,0,274.022
17,100,2.47753,300
18,100,8.9765,300
19,100,0.492192,300
20,100,8.7613,300
21,100,0,297.801
22,100,7.3548,300
23,100,9.67021,300
24,100,9.86209,300
