node_id,initial_energy,remaining_energy,lifetime
0,100,7.07639,300
1,100,0,208.478
2,100,0,297.184
3,100,0,279.476
4,100,3.83152,300
5,100,0,207.143
6,100,0,242.268
7,100,0,270.554
8,100,2.19104,300
9,100,0.454584,300
10,100,0,261.164
11,100,6.50107,300
12,100,0,291.909
13,100,9.11302,300
14,100,9.63181,300
15,100,0,297.172
16,100,6.61426,300
17,100,0,297.98
18,100,9.12219,300
19,100,9.69845,300
20,100,0.211905,300
21,100,9.46677,300
22,100,0,299.979
23,100,9.14328,300
24,100,9.86631,300
