node_id,initial_energy,remaining_energy,lifetime
0,100,8.86622,300
1,100,0,285.392
2,100,0,290.093
3,100,0,290.804
4,100,0,292.576
5,100,0,285.56
6,100,3.21665,300
7,100,8.36193,300
8,100,8.5163,300
9,100,8.97865,300
10,100,1.12134,300
11,100,0.977763,300
12,100,6.61863,300
13,100,8.65466,300
14,100,9.53498,300
15,100,0,298.811
16,100,3.15341,300
17,100,9.14156,300
18,100,8.84441,300
19,100,9.17852,300
20,100,0,286.652
21,100,4.67173,300
22,100,9.61625,300
23,100,9.66315,300
24,100,9.85551,300
