node_id,initial_energy,remaining_energy,lifetime
0,100,6.92394,300
1,100,0,214.688
2,100,0,295.542
3,100,0,290.28
4,100,9.80873,300
5,100,0,213.415
6,100,0,232.33
7,100,0,291.736
8,100,0,251.146
9,100,0,296.729
10,100,0,270.326
11,100,0,251.266
12,100,5.53176,300
13,100,0,289.863
14,100,9.59281,300
15,100,1.77584,300
16,100,0,286.157
17,100,8.94659,300
18,100,0,296.908
19,100,9.66366,300
20,100,0,298.929
21,100,6.44705,300
22,100,9.60421,300
23,100,9.25354,300
24,100,9.84503,300
