node_id,initial_energy,remaining_energy,lifetime
0,100,7.54832,300
1,100,0,213.424
2,100,0,261.091
3,100,0,267.612
4,100,0.932689,300
5,100,0,212.067
6,100,0,274.788
7,100,3.14117,300
8,100,4.69408,300
9,100,6.20938,300
10,100,0,260.013
11,100,3.20172,300
12,100,6.23511,300
13,100,8.91266,300
14,100,6.57409,300
15,100,0,296.657
16,100,6.20457,300
17,100,6.58453,300
18,100,8.93852,300
19,100,7.69637,300
20,100,0,298.726
21,100,7.74519,300
22,100,8.32769,300
23,100,9.54062,300
24,100,8.39712,300
