node_id,initial_energy,remaining_energy,lifetime
0,100,6.35019,300
1,100,0,187.718
2,100,0,203.918
3,100,0,247.503
4,100,0,280.22
5,100,0,188.725
6,100,0,193.904
7,100,0,179.216
8,100,0,192.887
9,100,0.547353,300
10,100,0,255.932
11,100,0,239.684
12,100,0,271.777
13,100,0,221.624
14,100,9.19119,300
15,100,0,270.688
16,100,0,270.08
17,100,0.409353,300
18,100,0,249.906
19,100,0.811898,300
20,100,0.820981,300
21,100,0.435121,300
22,100,1.07046,300
23,100,0.880837,300
24,100,1.24169,300
