node_id,initial_energy,remaining_energy,lifetime
0,100,6.36965,300
1,100,0,201.599
2,100,0,229.687
3,100,0,266.914
4,100,0.801529,300
5,100,0,212.193
6,100,0,191.192
7,100,0,198.523
8,100,0,256.051
9,100,9.55027,300
10,100,0,221.84
11,100,0,240.778
12,100,0,238.614
13,100,0,279.188
14,100,0,284.452
15,100,0,259.405
16,100,0,268.791
17,100,0,280.771
18,100,0,285.207
19,100,2.34937,300
20,100,0,298.409
21,100,0.156817,300
22,100,2.22232,300
23,100,3.55813,300
24,100,9.84252,300
