node_id,initial_energy,remaining_energy,lifetime
0,100,6.30128,300
1,100,0,177.884
2,100,0,206.822
3,100,0,231.402
4,100,1.44449,300
5,100,0,193.235
6,100,0,179.066
7,100,0,231.817
8,100,0,218.016
9,100,0.798442,300
10,100,0,231.493
11,100,0,238.252
12,100,0,296.062
13,100,0,216.736
14,100,0,285.455
15,100,0,266.23
16,100,0,269.547
17,100,0,298.871
18,100,0,277
19,100,0,285.892
20,100,0.612595,300
21,100,0.647865,300
22,100,0.614524,300
23,100,2.00501,300
24,100,2.62972,300
