node_id,initial_energy,remaining_energy,lifetime
0,100,6.20597,300
1,100,0,195.486
2,100,0,259.21
3,100,0,298.033
4,100,9.48695,300
5,100,0,183.178
6,100,0,191.554
7,100,0,199.439
8,100,0,183.617
9,100,0,255.005
10,100,0,239.035
11,100,0,247.641
12,100,0,236.739
13,100,0,211.143
14,100,0,280.96
15,100,0,270.786
16,100,0.324069,300
17,100,0,270.244
18,100,0,245.336
19,100,2.61645,300
20,100,0.933813,300
21,100,1.23619,300
22,100,0.819713,300
23,100,0,275.325
24,100,1.24422,300
