node_id,initial_energy,remaining_energy,lifetime
0,100,6.33404,300
1,100,0,171.28
2,100,0,191.147
3,100,0,218.511
4,100,0,234.481
5,100,0,194.008
6,100,0,188.391
7,100,0,181.936
8,100,0,219.924
9,100,0,229.42
10,100,0,240.262
11,100,0,295.997
12,100,0,260.836
13,100,0,254.539
14,100,0,263.049
15,100,0,298.955
16,100,8.39303,300
17,100,0,274.282
18,100,0,282.602
19,100,0,288.368
20,100,0.61029,300
21,100,9.67544,300
22,100,1.26679,300
23,100,2.43624,300
24,100,2.30819,300
