node_id,initial_energy,remaining_energy,lifetime
0,100,7.47087,300
1,100,0,219.692
2,100,0,290.323
3,100,0,290.871
4,100,7.97757,300
5,100,0,220.574
6,100,0,266.518
7,100,4.73959,300
8,100,6.32366,300
9,100,7.30955,300
10,100,0,221.52
11,100,2.08496,300
12,100,7.23016,300
13,100,7.25499,300
14,100,8.5919,300
15,100,0,260.054
16,100,7.25428,300
17,100,7.28101,300
18,100,7.29494,300
19,100,9.21857,300
20,100,0,297.391
21,100,8.25583,300
22,100,8.72179,300
23,100,8.75434,300
24,100,9.86263,300
