node_id,initial_energy,remaining_energy,lifetime
0,100,6.18075,300
1,100,0,181.951
2,100,0,207.515
3,100,0,251.305
4,100,0,281.53
5,100,0,210.736
6,100,0,191.529
7,100,0,188.478
8,100,0,221.345
9,100,1.28837,300
10,100,0,220.832
11,100,0,259.571
12,100,0,248.963
13,100,0,234.142
14,100,0,264.942
15,100,0,263.114
16,100,0,295.094
17,100,0,274.846
18,100,1.07028,300
19,100,0,276.476
20,100,0,298.938
21,100,0.0851473,300
22,100,1.78661,300
23,100,1.8159,300
24,100,1.81547,300
