node_id,initial_energy,remaining_energy,lifetime
0,100,6.31467,300
1,100,0,187.804
2,100,0,234.052
3,100,0,269.117
4,100,0.630129,300
5,100,0,192.686
6,100,0,173.604
7,100,0,181.019
8,100,0,180.383
9,100,0.65879,300
10,100,0,234.518
11,100,0,295.323
12,100,0,251.584
13,100,0,206.012
14,100,9.09777,300
15,100,0,268.419
16,100,0,298.033
17,100,0,282.279
18,100,0,251.647
19,100,9.11331,300
20,100,0.611091,300
21,100,9.70759,300
22,100,2.49416,300
23,100,0,278.42
24,100,1.49381,300
