node_id,initial_energy,remaining_energy,lifetime
0,100,6.29631,300
1,100,0,181.063
2,100,0,241.197
3,100,2.73547,300
4,100,2.82851,300
5,100,0,191.602
6,100,0,198.42
7,100,0,203.889
8,100,0,220.654
9,100,1.3381,300
10,100,0,218.845
11,100,0,229.079
12,100,0,255.038
13,100,0,204.291
14,100,0,232.722
15,100,0,271.649
16,100,0.144418,300
17,100,0,272.573
18,100,0,284.487
19,100,0,270.962
20,100,0.962187,300
21,100,9.31384,300
22,100,0.886201,300
23,100,2.41286,300
24,100,1.93724,300
