node_id,initial_energy,remaining_energy,lifetime
0,100,6.35447,300
1,100,0,199.534
2,100,0,231.311
3,100,0,277.843
4,100,0,282.342
5,100,0,197.797
6,100,0,217.843
7,100,0,233.348
8,100,0,257.456
9,100,0,280.642
10,100,0,232.817
11,100,0,267.098
12,100,0,295.697
13,100,0,282.243
14,100,4.00208,300
15,100,0,280.732
16,100,0,291.917
17,100,5.51569,300
18,100,0.443206,300
19,100,7.16737,300
20,100,2.59081,300
21,100,3.67019,300
22,100,4.86683,300
23,100,6.72277,300
24,100,8.56472,300
