node_id,initial_energy,remaining_energy,lifetime
0,100,6.02601,300
1,100,0,191.697
2,100,0,231.878
3,100,0,275.742
4,100,1.81977,300
5,100,0,184.273
6,100,0,175.419
7,100,0,191.129
8,100,0,227.471
9,100,0,279.009
10,100,0,245.936
11,100,0,275.139
12,100,0,251.36
13,100,0,265.42
14,100,0.47127,300
15,100,0,277.77
16,100,1.19114,300
17,100,0,280.873
18,100,0,290.687
19,100,6.89477,300
20,100,2.29921,300
21,100,1.77146,300
22,100,2.61059,300
23,100,3.42687,300
24,100,6.63978,300
