node_id,initial_energy,remaining_energy,lifetime
0,100,6.64281,300
1,100,0,197.801
2,100,0,243.967
3,100,0,281.368
4,100,2.75211,300
5,100,0,199.288
6,100,0,195.103
7,100,0,222.298
8,100,0,242.767
9,100,0.998463,300
10,100,0,233.855
11,100,0,262.047
12,100,0,288.191
13,100,0,294.77
14,100,6.54666,300
15,100,0,281.203
16,100,0,294.3
17,100,5.03846,300
18,100,4.93234,300
19,100,6.23019,300
20,100,1.35685,300
21,100,7.21404,300
22,100,7.20135,300
23,100,7.34125,300
24,100,8.88385,300
