node_id,initial_energy,remaining_energy,lifetime
0,100,6.42959,300
1,100,0,196.897
2,100,0,232.875
3,100,0,280.162
4,100,2.25953,300
5,100,0,200.071
6,100,0,206.122
7,100,0,243.418
8,100,0,287.314
9,100,9.15594,300
10,100,0,248.21
11,100,0,271.647
12,100,0,283.055
13,100,0,291.367
14,100,0,297.964
15,100,0,273.991
16,100,0,297.46
17,100,0.46923,300
18,100,2.80361,300
19,100,4.68027,300
20,100,1.38858,300
21,100,2.18671,300
22,100,2.93823,300
23,100,9.58107,300
24,100,9.83529,300
