node_id,initial_energy,remaining_energy,lifetime
0,100,7.20774,300
1,100,0,215.162
2,100,0,268.234
3,100,0,273.259
4,100,1.77568,300
5,100,0,223.258
6,100,0,261.97
7,100,6.26798,300
8,100,8.87849,300
9,100,8.71935,300
10,100,0,260.995
11,100,0,295.51
12,100,7.44592,300
13,100,9.08036,300
14,100,9.19984,300
15,100,0,290.089
16,100,3.49081,300
17,100,8.87615,300
18,100,9.13761,300
19,100,9.18158,300
20,100,3.50572,300
21,100,7.42783,300
22,100,9.5809,300
23,100,9.61438,300
24,100,9.82098,300
