node_id,initial_energy,remaining_energy,lifetime
0,100,6.68802,300
1,100,0,197.414
2,100,0,222.503
3,100,0,270.962
4,100,0,297.454
5,100,0,199.384
6,100,0,215.254
7,100,0,233.816
8,100,0,286.394
9,100,1.78004,300
10,100,0,222.553
11,100,0,236.495
12,100,0,274.114
13,100,3.23321,300
14,100,5.37881,300
15,100,0,272.522
16,100,0,277.446
17,100,0,278.897
18,100,8.28736,300
19,100,9.07553,300
20,100,1.14511,300
21,100,1.71114,300
22,100,2.10385,300
23,100,9.11685,300
24,100,9.83944,300
