node_id,initial_energy,remaining_energy,lifetime
0,100,6.1584,300
1,100,0,188.684
2,100,0,229.227
3,100,0,254.145
4,100,2.88815,300
5,100,0,197.901
6,100,0,200.554
7,100,0,216.831
8,100,0,232.488
9,100,1.50312,300
10,100,0,245.71
11,100,0,256.026
12,100,0,266.805
13,100,0,259.758
14,100,0,297.278
15,100,0,278.609
16,100,0,283.282
17,100,2.66436,300
18,100,0,299.393
19,100,5.45406,300
20,100,2.35758,300
21,100,2.15337,300
22,100,1.56271,300
23,100,6.29257,300
24,100,5.36484,300
