node_id,initial_energy,remaining_energy,lifetime
0,100,6.37385,300
1,100,0,195.043
2,100,0,239.897
3,100,0,269.668
4,100,0,265.685
5,100,0,197.56
6,100,0,201.062
7,100,0,194.112
8,100,0,261.234
9,100,0,273.169
10,100,0,236.005
11,100,0,270.554
12,100,0,228.088
13,100,0,284.886
14,100,4.33769,300
15,100,0,275.026
16,100,0.143848,300
17,100,0,285.563
18,100,2.44496,300
19,100,9.1445,300
20,100,1.42521,300
21,100,9.30647,300
22,100,2.40846,300
23,100,9.2637,300
24,100,9.5961,300
