node_id,initial_energy,remaining_energy,lifetime
0,100,7.53873,300
1,100,0,223.171
2,100,0,268.516
3,100,1.83528,300
4,100,8.80798,300
5,100,0,220.912
6,100,0,273.219
7,100,7.04818,300
8,100,8.32441,300
9,100,8.14519,300
10,100,0,233.237
11,100,3.61287,300
12,100,7.78966,300
13,100,8.9496,300
14,100,9.331,300
15,100,0,274.416
16,100,8.61417,300
17,100,9.0059,300
18,100,9.07448,300
19,100,9.05657,300
20,100,1.16562,300
21,100,8.9308,300
22,100,9.51608,300
23,100,9.60306,300
24,100,9.79753,300
