node_id,initial_energy,remaining_energy,lifetime
0,100,7.00055,300
1,100,0,194.643
2,100,0,247.173
3,100,0,272.145
4,100,1.111,300
5,100,0,205.328
6,100,0,193.093
7,100,0,229.576
8,100,0,297.848
9,100,0.250809,300
10,100,0,252.6
11,100,0,297.059
12,100,0,262.876
13,100,9.22549,300
14,100,9.63154,300
15,100,0,296.559
16,100,8.75236,300
17,100,0,268.428
18,100,9.21587,300
19,100,9.67527,300
20,100,0,299.955
21,100,9.64245,300
22,100,0.372744,300
23,100,9.23879,300
24,100,9.84893,300
