node_id,initial_energy,remaining_energy,lifetime
0,100,5.86388,300
1,100,0,203.427
2,100,0,282.011
3,100,6.41138,300
4,100,7.74767,300
5,100,0,213.998
6,100,0,187.149
7,100,0,195.927
8,100,0,185.834
9,100,0,267.009
10,100,0,286.228
11,100,0,261.789
12,100,0,257.294
13,100,0,241.803
14,100,0,297.26
15,100,0,294.711
16,100,8.98226,300
17,100,0,260.55
18,100,0,269.897
19,100,8.35241,300
20,100,0,298.664
21,100,9.71569,300
22,100,0,298.825
23,100,0,271.944
24,100,0.543276,300
