node_id,initial_energy,remaining_energy,lifetime
0,100,7.82265,300
1,100,0,238.068
2,100,0,283.395
3,100,0,296.053
4,100,0,298.148
5,100,0,247.869
6,100,0,277.589
7,100,3.63041,300
8,100,3.88876,300
9,100,8.31277,300
10,100,0,290.132
11,100,6.36733,300
12,100,8.03169,300
13,100,5.41051,300
14,100,8.71812,300
15,100,0,290.193
16,100,7.48033,300
17,100,8.63009,300
18,100,7.06022,300
19,100,8.73207,300
20,100,0,292.646
21,100,9.20467,300
22,100,9.18049,300
23,100,9.24261,300
24,100,9.44107,300
