node_id,initial_energy,remaining_energy,lifetime
0,100,6.77569,300
1,100,0,223.25
2,100,0,217.9
3,100,0,257.842
4,100,0,298.139
5,100,0,211.519
6,100,0,186.576
7,100,0,206.164
8,100,0,231.758
9,100,9.58931,300
10,100,0,253.162
11,100,0,267.754
12,100,6.22923,300
13,100,0,263.929
14,100,0,267.063
15,100,0,291.103
16,100,0,263.837
17,100,9.22952,300
18,100,9.22194,300
19,100,0,299.052
20,100,9.79707,300
21,100,0,298.365
22,100,9.6251,300
23,100,9.68607,300
24,100,9.86028,300
