node_id,initial_energy,remaining_energy,lifetime
0,100,6.33341,300
1,100,0,207.894
2,100,0,215.026
3,100,0,252.175
4,100,0,298.806
5,100,0,223.683
6,100,0,171.716
7,100,0,182.632
8,100,0,233.954
9,100,0,298.441
10,100,0,258.322
11,100,0,281.754
12,100,0,269.71
13,100,0,266.1
14,100,9.37086,300
15,100,0,294.957
16,100,0,290.324
17,100,0,297.851
18,100,0,270.299
19,100,9.02691,300
20,100,9.86018,300
21,100,9.72196,300
22,100,0.316205,300
23,100,0,272.658
24,100,0.807563,300
