node_id,initial_energy,remaining_energy,lifetime
0,100,6.60252,300
1,100,0,207.098
2,100,0,236.472
3,100,0,262.129
4,100,0,299.927
5,100,0,207.725
6,100,0,229.596
7,100,0,191.624
8,100,0,242.276
9,100,8.95133,300
10,100,0,258.085
11,100,0,228.475
12,100,0,272.835
13,100,0,270.161
14,100,8.91818,300
15,100,9.67665,300
16,100,0,263.889
17,100,0,299.074
18,100,0,270.144
19,100,0,299.335
20,100,9.83742,300
21,100,0,298.311
22,100,0.519735,300
23,100,0.61737,300
24,100,0.854362,300
