node_id,initial_energy,remaining_energy,lifetime
0,100,6.87749,300
1,100,0,213.533
2,100,0,230.52
3,100,0,257.554
4,100,0,298.505
5,100,0,221.996
6,100,0,201.53
7,100,0,195.065
8,100,0,267.088
9,100,9.32668,300
10,100,0,250.345
11,100,0,289.872
12,100,0,276.273
13,100,0,265.217
14,100,0,267.466
15,100,0,294.608
16,100,7.89799,300
17,100,0,299.517
18,100,0,298.717
19,100,0,267.715
20,100,0,296.981
21,100,9.31064,300
22,100,0.854906,300
23,100,0.354366,300
24,100,0.544135,300
