node_id,initial_energy,remaining_energy,lifetime
0,100,5.91159,300
1,100,0,194.014
2,100,0,253.997
3,100,9.70897,300
4,100,9.82583,300
5,100,0,224.571
6,100,0,229.562
7,100,0,199.543
8,100,0,229.763
9,100,9.21584,300
10,100,0,256.286
11,100,0,258.461
12,100,0,239.939
13,100,0,214.648
14,100,0,229.291
15,100,0,295.854
16,100,5.57223,300
17,100,0,256.417
18,100,0,269.867
19,100,0,266.554
20,100,9.8722,300
21,100,9.23025,300
22,100,0,296.585
23,100,1.43671,300
24,100,0.092901,300
