node_id,initial_energy,remaining_energy,lifetime
0,100,6.61253,300
1,100,0,181.372
2,100,0,251.32
3,100,0,284.882
4,100,9.80131,300
5,100,0,199.866
6,100,0,223.15
7,100,0,283.162
8,100,0,239.239
9,100,0.2865,300
10,100,0,231.812
11,100,0,236.058
12,100,8.72611,300
13,100,0,269.082
14,100,0.782496,300
15,100,0,266.089
16,100,0,267.535
17,100,9.22184,300
18,100,0,299.696
19,100,0.853675,300
20,100,0.30513,300
21,100,0.348464,300
22,100,9.61119,300
23,100,9.28977,300
24,100,9.83457,300
