node_id,initial_energy,remaining_energy,lifetime
0,100,6.75915,300
1,100,0,189.532
2,100,0,267.078
3,100,0.130964,300
4,100,9.75894,300
5,100,0,203.586
6,100,0,229.746
7,100,0,278.166
8,100,0,232.337
9,100,0.645897,300
10,100,0,242.63
11,100,0,263.33
12,100,7.74859,300
13,100,0,259.214
14,100,1.73948,300
15,100,0,278.051
16,100,0,294.622
17,100,8.74549,300
18,100,0.505613,300
19,100,2.12015,300
20,100,0.93687,300
21,100,7.31984,300
22,100,9.49549,300
23,100,9.29355,300
24,100,9.84072,300
