node_id,initial_energy,remaining_energy,lifetime
0,100,7.05167,300
1,100,0,232.846
2,100,0,250.357
3,100,0,251.73
4,100,0,296.466
5,100,0,237.389
6,100,0,199.005
7,100,0,213.998
8,100,0,276.764
9,100,0,298.642
10,100,0,254.076
11,100,0,287.045
12,100,0,275.483
13,100,3.87546,300
14,100,9.59105,300
15,100,0,291.559
16,100,0,292.358
17,100,3.00523,300
18,100,6.21413,300
19,100,9.21387,300
20,100,9.85561,300
21,100,9.55876,300
22,100,2.7012,300
23,100,4.79766,300
24,100,7.00644,300
