node_id,initial_energy,remaining_energy,lifetime
0,100,6.74211,300
1,100,0,215.071
2,100,0,263.88
3,100,0,290.8
4,100,6.57057,300
5,100,0,228.245
6,100,0,247.816
7,100,0,229.052
8,100,0,255.157
9,100,9.03239,300
10,100,0,268.924
11,100,0,241.919
12,100,0,274.584
13,100,0,282.966
14,100,9.3624,300
15,100,9.60359,300
16,100,0,271.673
17,100,0,299.711
18,100,0,283.066
19,100,3.16169,300
20,100,9.80627,300
21,100,0.562081,300
22,100,0.781945,300
23,100,1.49119,300
24,100,2.01327,300
