node_id,initial_energy,remaining_energy,lifetime
0,100,6.59429,300
1,100,0,209.859
2,100,0,267.171
3,100,9.71239,300
4,100,9.84622,300
5,100,0,247.218
6,100,0,255.293
7,100,0,243.821
8,100,0,283.189
9,100,9.24019,300
10,100,0,261.255
11,100,0,273.345
12,100,0,278.413
13,100,0,295.858
14,100,0,294.472
15,100,0,292.865
16,100,4.44029,300
17,100,0,266.906
18,100,7.48678,300
19,100,4.38166,300
20,100,9.8611,300
21,100,8.9112,300
22,100,0.129907,300
23,100,9.21202,300
24,100,8.90908,300
