node_id,initial_energy,remaining_energy,lifetime
0,100,6.0255,300
1,100,0,203.277
2,100,0,291.98
3,100,9.25225,300
4,100,9.714,300
5,100,0,228.326
6,100,0,210.285
7,100,0,233.55
8,100,0,201.53
9,100,0,273.248
10,100,0,288.846
11,100,0,233.811
12,100,0,239.177
13,100,0,230.627
14,100,0.511154,300
15,100,0,291.536
16,100,8.45336,300
17,100,0,246.836
18,100,0,291.111
19,100,8.95135,300
20,100,0,295.818
21,100,9.33819,300
22,100,0,295.078
23,100,0,289.493
24,100,1.94402,300
