node_id,initial_energy,remaining_energy,lifetime
0,100,6.21202,300
1,100,0,191.616
2,100,0,235.928
3,100,0,263.469
4,100,0,262.769
5,100,0,193.371
6,100,0,195.021
7,100,0,185.83
8,100,0,252.763
9,100,0,276.686
10,100,0,232.205
11,100,0,262.737
12,100,0,225.652
13,100,0,282.353
14,100,3.95786,300
15,100,0,272.849
16,100,0,299.646
17,100,0,291.465
18,100,2.28854,300
19,100,9.25401,300
20,100,1.45168,300
21,100,9.37349,300
22,100,4.09996,300
23,100,8.86212,300
24,100,9.72594,300
