node_id,initial_energy,remaining_energy,lifetime
0,100,6.00607,300
1,100,0,190.448
2,100,0,232.347
3,100,0,274.964
4,100,1.66565,300
5,100,0,189.295
6,100,0,179.949
7,100,0,196.095
8,100,0,228.763
9,100,0,273.766
10,100,0,241.131
11,100,0,273.247
12,100,0,256.965
13,100,0,270.717
14,100,0,296.267
15,100,0,277.671
16,100,1.65447,300
17,100,0,283.365
18,100,0,293.705
19,100,4.77895,300
20,100,2.45069,300
21,100,2.63433,300
22,100,1.92383,300
23,100,4.67351,300
24,100,7.31424,300
