node_id,initial_energy,remaining_energy,lifetime
0,100,5.98074,300
1,100,0,193.112
2,100,0,244.523
3,100,0,281.827
4,100,3.69833,300
5,100,0,186.911
6,100,0,179.325
7,100,0,188.716
8,100,0,223.429
9,100,3.20604,300
10,100,0,248.975
11,100,0,260.582
12,100,0,275.598
13,100,0,270.901
14,100,0,292.455
15,100,0,281.418
16,100,0,283.341
17,100,3.99875,300
18,100,0,288.623
19,100,3.92755,300
20,100,2.39855,300
21,100,2.52208,300
22,100,7.21433,300
23,100,2.04817,300
24,100,5.17291,300
