node_id,initial_energy,remaining_energy,lifetime
0,100,6.11012,300
1,100,0,198.186
2,100,0,234.379
3,100,0,279.719
4,100,0,277.203
5,100,0,193.534
6,100,0,218.312
7,100,0,231.38
8,100,0,255.286
9,100,0,278.45
10,100,0,232.635
11,100,0,270.999
12,100,0,291.856
13,100,0,278.666
14,100,4.66741,300
15,100,0,281.61
16,100,0,294.026
17,100,3.84444,300
18,100,0,296.828
19,100,5.68121,300
20,100,1.85756,300
21,100,4.25472,300
22,100,4.41807,300
23,100,6.6382,300
24,100,9.03801,300
