node_id,initial_energy,remaining_energy,lifetime
0,100,7.495,300
1,100,0,221.12
2,100,0,276.858
3,100,2.17284,300
4,100,9.07368,300
5,100,0,225.896
6,100,0,256.963
7,100,6.09787,300
8,100,7.14134,300
9,100,8.91882,300
10,100,0,235.678
11,100,0,299.417
12,100,8.41985,300
13,100,9.13236,300
14,100,9.50662,300
15,100,0,274.564
16,100,8.7418,300
17,100,9.11964,300
18,100,9.18133,300
19,100,9.21074,300
20,100,1.23139,300
21,100,8.9971,300
22,100,9.64582,300
23,100,9.67411,300
24,100,9.86217,300
