node_id,initial_energy,remaining_energy,lifetime
0,100,6.69502,300
1,100,0,194.301
2,100,0,220.814
3,100,0,259.431
4,100,0,289.558
5,100,0,200.259
6,100,0,210.735
7,100,0,234.3
8,100,0,267.417
9,100,1.61048,300
10,100,0,220.401
11,100,0,233.052
12,100,0,278.02
13,100,0,274.596
14,100,6.54494,300
15,100,0,271.776
16,100,0,276.522
17,100,0,281.617
18,100,2.64419,300
19,100,9.08362,300
20,100,1.06352,300
21,100,1.2348,300
22,100,2.93604,300
23,100,9.06048,300
24,100,9.85862,300
