node_id,initial_energy,remaining_energy,lifetime
0,100,6.05901,300
1,100,0,189.782
2,100,0,244.379
3,100,0,281.357
4,100,2.91076,300
5,100,0,191.11
6,100,0,179.712
7,100,0,196.344
8,100,0,199.251
9,100,0,294.938
10,100,0,234.794
11,100,0,259.812
12,100,0,271.176
13,100,0,241.848
14,100,5.05676,300
15,100,0,283.541
16,100,0,290.257
17,100,0,298.339
18,100,0,284.885
19,100,2.89597,300
20,100,1.50537,300
21,100,6.58092,300
22,100,4.23652,300
23,100,7.93089,300
24,100,9.79778,300
