node_id,initial_energy,remaining_energy,lifetime
0,100,6.40498,300
1,100,0,189.323
2,100,0,248.121
3,100,0,277.875
4,100,2.81721,300
5,100,0,202.164
6,100,0,223.089
7,100,0,249.217
8,100,0,237.396
9,100,1.14187,300
10,100,0,243.12
11,100,0,250.98
12,100,3.28806,300
13,100,0,264.567
14,100,5.69609,300
15,100,0,279.299
16,100,0,285.576
17,100,5.7856,300
18,100,0,290.404
19,100,5.91881,300
20,100,2.35202,300
21,100,1.31023,300
22,100,6.43942,300
23,100,4.68785,300
24,100,9.55113,300
