node_id,initial_energy,remaining_energy,lifetime
0,100,7.60265,300
1,100,0,241.101
2,100,9.67271,300
3,100,9.64095,300
4,100,9.842,300
5,100,0,231.681
6,100,0,246.891
7,100,3.46289,300
8,100,9.16798,300
9,100,9.22948,300
10,100,0,237.192
11,100,0,296.53
12,100,8.64569,300
13,100,9.18705,300
14,100,9.53191,300
15,100,0,277.346
16,100,8.9244,300
17,100,9.18662,300
18,100,9.17247,300
19,100,9.2116,300
20,100,1.84366,300
21,100,9.06607,300
22,100,9.64992,300
23,100,9.66611,300
24,100,9.84318,300
