node_id,initial_energy,remaining_energy,lifetime
0,100,6.34052,300
1,100,0,209.217
2,100,0,242.564
3,100,0,286.186
4,100,4.7881,300
5,100,0,229.543
6,100,0,237.404
7,100,0,231.161
8,100,0,270.504
9,100,8.97618,300
10,100,0,243.512
11,100,0,254.308
12,100,0,288.399
13,100,0,296.092
14,100,9.57538,300
15,100,0,261.203
16,100,0,282.49
17,100,2.99703,300
18,100,4.80965,300
19,100,7.74181,300
20,100,0,297.682
21,100,2.3423,300
22,100,2.86109,300
23,100,6.50634,300
24,100,7.71297,300
