node_id,initial_energy,remaining_energy,lifetime
0,100,6.92835,300
1,100,0,213.497
2,100,0,262.824
3,100,0,299.411
4,100,4.10304,300
5,100,0,239.438
6,100,0,220.89
7,100,0,244.128
8,100,0,285.359
9,100,7.43966,300
10,100,0,253.319
11,100,0,284.963
12,100,0,284.963
13,100,6.3813,300
14,100,7.1268,300
15,100,0,293.315
16,100,0,296.859
17,100,5.23574,300
18,100,8.81181,300
19,100,7.19234,300
20,100,9.65075,300
21,100,4.06448,300
22,100,8.22119,300
23,100,9.69344,300
24,100,9.85682,300
