node_id,initial_energy,remaining_energy,lifetime
0,100,6.3539,300
1,100,0,202.68
2,100,0,287.221
3,100,8.97663,300
4,100,9.79912,300
5,100,0,190.633
6,100,0,197.567
7,100,0,219.924
8,100,0,231.201
9,100,0,276.34
10,100,0,245.169
11,100,0,294.617
12,100,0,273.194
13,100,0,290.327
14,100,0.226237,300
15,100,0,276.705
16,100,8.67658,300
17,100,0,274.54
18,100,4.97767,300
19,100,6.72667,300
20,100,1.91976,300
21,100,9.44814,300
22,100,0.967716,300
23,100,5.13762,300
24,100,7.8316,300
