node_id,initial_energy,remaining_energy,lifetime
0,100,6.78485,300
1,100,0,215.894
2,100,0,228.425
3,100,0,271.522
4,100,1.91896,300
5,100,0,224.071
6,100,0,194.466
7,100,0,215.08
8,100,0,264.661
9,100,1.53603,300
10,100,0,224.172
11,100,0,269.62
12,100,0,251.252
13,100,6.69176,300
14,100,9.59238,300
15,100,0,274.735
16,100,0,281.524
17,100,0,282.799
18,100,6.93514,300
19,100,9.2342,300
20,100,0.396658,300
21,100,6.26434,300
22,100,2.72019,300
23,100,3.5648,300
24,100,5.69751,300
