node_id,initial_energy,remaining_energy,lifetime
0,100,6.67097,300
1,100,0,200.056
2,100,0,259.374
3,100,0,292.24
4,100,4.11896,300
5,100,0,203.345
6,100,0,203.013
7,100,0,200.784
8,100,0,276.774
9,100,2.69011,300
10,100,0,253.89
11,100,0,288.123
12,100,0,256.62
13,100,1.27779,300
14,100,7.89025,300
15,100,0.507288,300
16,100,5.04734,300
17,100,0,280.302
18,100,1.82129,300
19,100,7.92481,300
20,100,1.47259,300
21,100,9.37626,300
22,100,2.3329,300
23,100,9.21473,300
24,100,9.21744,300
