node_id,initial_energy,remaining_energy,lifetime
0,100,6.35711,300
1,100,0,194.148
2,100,0,231.735
3,100,0,271.85
4,100,1.07166,300
5,100,0,185.416
6,100,0,178.947
7,100,0,195.374
8,100,0,223.713
9,100,0,273.534
10,100,0,232.315
11,100,0,240.91
12,100,0,259.078
13,100,0,261.186
14,100,0,294.859
15,100,0,273.831
16,100,0,280.865
17,100,0,285.137
18,100,0,283.859
19,100,4.30583,300
20,100,1.47214,300
21,100,3.15365,300
22,100,2.59733,300
23,100,0.970555,300
24,100,5.19659,300
