node_id,initial_energy,remaining_energy,lifetime
0,100,6.01762,300
1,100,0,173.677
2,100,0.0231775,300
3,100,9.34428,300
4,100,9.85593,300
5,100,0,223.694
6,100,0,193.539
7,100,0,199.798
8,100,0,267.04
9,100,0,299.217
10,100,0,252.546
11,100,0,290.797
12,100,0,207.143
13,100,0,269.742
14,100,0,299.817
15,100,0,256.697
16,100,9.37222,300
17,100,0,208.717
18,100,0,297.996
19,100,0,298.144
20,100,0,295.603
21,100,9.37833,300
22,100,0,241.486
23,100,0,270.687
24,100,0.199217,300
