node_id,initial_energy,remaining_energy,lifetime
0,100,6.31316,300
1,100,0,183.455
2,100,0,169.392
3,100,0,270.116
4,100,0.632244,300
5,100,0,215.425
6,100,0,215.812
7,100,0,183.915
8,100,6.43212,300
9,100,9.29769,300
10,100,0,259.622
11,100,0,242.478
12,100,0,195.258
13,100,7.50809,300
14,100,9.14282,300
15,100,0,296.118
16,100,0,275.776
17,100,0,205.92
18,100,0,268.129
19,100,0,270.671
20,100,0,298.218
21,100,0,293.838
22,100,0,272.026
23,100,0.383756,300
24,100,0.262556,300
