node_id,initial_energy,remaining_energy,lifetime
0,100,5.664,300
1,100,0,252.472
2,100,2.56206,300
3,100,3.11445,300
4,100,4.92211,300
5,100,0,177.092
6,100,0,205.16
7,100,0,223.995
8,100,0,249.847
9,100,0,286.872
10,100,0,177.975
11,100,0,201.03
12,100,0,215.527
13,100,0,236.114
14,100,7.32374,300
15,100,0,264.702
16,100,0,286.278
17,100,0,262.066
18,100,0,237.63
19,100,0,268.058
20,100,0,299.153
21,100,8.71056,300
22,100,0,297.887
23,100,8.78969,300
24,100,0.344865,300
