node_id,initial_energy,remaining_energy,lifetime
0,100,6.58973,300
1,100,0,229.052
2,100,0,245.101
3,100,0,284.064
4,100,2.76984,300
5,100,0,232.018
6,100,0,213.088
7,100,0,205.854
8,100,0,253.766
9,100,6.91786,300
10,100,0,256.217
11,100,0,297.503
12,100,0,262.772
13,100,0,295.491
14,100,0.227711,300
15,100,0,298.409
16,100,0,292.644
17,100,4.98074,300
18,100,9.09173,300
19,100,5.52053,300
20,100,9.56,300
21,100,3.0662,300
22,100,7.92025,300
23,100,9.68244,300
24,100,9.86849,300
