node_id,initial_energy,remaining_energy,lifetime
0,100,6.69753,300
1,100,0,220.577
2,100,0,267.098
3,100,9.70911,300
4,100,9.82021,300
5,100,0,244.983
6,100,0,252.359
7,100,0,252.923
8,100,1.98582,300
9,100,9.1743,300
10,100,0,267.576
11,100,0,268.732
12,100,0,274.08
13,100,2.07938,300
14,100,1.76389,300
15,100,0,294.377
16,100,4.5252,300
17,100,0,267.176
18,100,8.33351,300
19,100,6.06224,300
20,100,9.8722,300
21,100,9.06533,300
22,100,0.588159,300
23,100,8.57881,300
24,100,9.8011,300
