node_id,initial_energy,remaining_energy,lifetime
0,100,7.31148,300
1,100,0,241.515
2,100,0,251.908
3,100,0,263.125
4,100,0,298.915
5,100,0,239.618
6,100,0,223.999
7,100,0,260.864
8,100,7.41773,300
9,100,9.10066,300
10,100,0,256.365
11,100,0,275.487
12,100,0,296.631
13,100,1.91024,300
14,100,0,295.39
15,100,0,298.159
16,100,1.38487,300
17,100,7.02725,300
18,100,8.0791,300
19,100,3.62045,300
20,100,0.120228,300
21,100,2.09892,300
22,100,8.66618,300
23,100,9.38956,300
24,100,9.5939,300
