node_id,initial_energy,remaining_energy,lifetime
0,100,6.9036,300
1,100,0,205.811
2,100,0,261.221
3,100,0,299.103
4,100,6.22682,300
5,100,0,204.37
6,100,0,204.325
7,100,0,242.44
8,100,0.531498,300
9,100,5.5503,300
10,100,0,254.462
11,100,0,284.053
12,100,0,272.37
13,100,8.91481,300
14,100,9.48026,300
15,100,0,299.643
16,100,4.73164,300
17,100,0,274.871
18,100,9.12734,300
19,100,9.50011,300
20,100,0.895235,300
21,100,9.42757,300
22,100,1.26149,300
23,100,9.19769,300
24,100,9.85149,300
