node_id,initial_energy,remaining_energy,lifetime
0,100,5.86194,300
1,100,0,205.729
2,100,0,279.368
3,100,7.25988,300
4,100,8.51793,300
5,100,0,239.213
6,100,0,204.737
7,100,0,241.241
8,100,0,189.054
9,100,0,278.254
10,100,0,293.375
11,100,0,248.748
12,100,0,253.903
13,100,0,234.929
14,100,0.262553,300
15,100,0,298.976
16,100,8.70097,300
17,100,0,258.551
18,100,6.32645,300
19,100,6.43903,300
20,100,0.775396,300
21,100,9.44245,300
22,100,2.14179,300
23,100,6.62919,300
24,100,9.11669,300
