node_id,initial_energy,remaining_energy,lifetime
0,100,7.13997,300
1,100,0,228.998
2,100,0,226.235
3,100,0,266.15
4,100,0.946712,300
5,100,0,247.878
6,100,0,209.285
7,100,0,234.854
8,100,0,246.058
9,100,2.04283,300
10,100,0,254.869
11,100,0,279.915
12,100,0,290.635
13,100,0.414936,300
14,100,9.53481,300
15,100,0,291.085
16,100,0,288.512
17,100,8.61043,300
18,100,8.47494,300
19,100,9.21535,300
20,100,9.84859,300
21,100,9.71441,300
22,100,9.06128,300
23,100,8.22947,300
24,100,8.94536,300
