node_id,initial_energy,remaining_energy,lifetime
0,100,6.59394,300
1,100,0,193.735
2,100,0,259.162
3,100,0,289.155
4,100,9.79088,300
5,100,0,203.459
6,100,0,239.254
7,100,0,272.972
8,100,0,249.788
9,100,2.17336,300
10,100,0,242.939
11,100,0,257.144
12,100,6.28643,300
13,100,0,272.812
14,100,3.45485,300
15,100,0,277.976
16,100,0,286.243
17,100,8.00642,300
18,100,0.808882,300
19,100,3.909,300
20,100,2.04547,300
21,100,2.1676,300
22,100,7.32252,300
23,100,7.88753,300
24,100,9.8508,300
