node_id,initial_energy,remaining_energy,lifetime
0,100,6.28724,300
1,100,0,191.729
2,100,0,245.291
3,100,0,281.489
4,100,2.54783,300
5,100,0,197.237
6,100,0,188.208
7,100,0,212.994
8,100,0,228.604
9,100,0,292.842
10,100,0,231.531
11,100,0,257.443
12,100,0,270.682
13,100,0,268.089
14,100,4.54618,300
15,100,0,283.174
16,100,0,290.224
17,100,0,297.255
18,100,2.11518,300
19,100,9.16186,300
20,100,1.42164,300
21,100,6.51501,300
22,100,4.85174,300
23,100,6.73002,300
24,100,7.72614,300
