node_id,initial_energy,remaining_energy,lifetime
0,100,6.07344,300
1,100,0,193.68
2,100,0,259.521
3,100,0.4957,300
4,100,9.73912,300
5,100,0,198.141
6,100,0,183.842
7,100,0,225.072
8,100,0,213.831
9,100,0,291.302
10,100,0,242.787
11,100,0,263.808
12,100,0,289.689
13,100,0,250.878
14,100,2.04748,300
15,100,0,277.958
16,100,5.08612,300
17,100,2.06172,300
18,100,4.09308,300
19,100,6.85874,300
20,100,1.88841,300
21,100,3.75485,300
22,100,6.3239,300
23,100,8.05857,300
24,100,9.76609,300
