node_id,initial_energy,remaining_energy,lifetime
0,100,6.32785,300
1,100,0,191.611
2,100,0,246.071
3,100,0,278.625
4,100,0,279.825
5,100,0,199.37
6,100,0,200.089
7,100,0,189.714
8,100,0,260.879
9,100,0,277.702
10,100,0,236.448
11,100,0,294.997
12,100,0,225.283
13,100,0,282.865
14,100,1.46688,300
15,100,0,276.793
16,100,7.32801,300
17,100,0,285.138
18,100,1.97165,300
19,100,5.99325,300
20,100,1.93819,300
21,100,9.37992,300
22,100,2.83649,300
23,100,8.55087,300
24,100,9.40415,300
