node_id,initial_energy,remaining_energy,lifetime
0,100,6.62092,300
1,100,0,203.755
2,100,0,240.337
3,100,0.638208,300
4,100,9.33895,300
5,100,0,202.314
6,100,0,211.864
7,100,0,226.578
8,100,0,257.815
9,100,9.11374,300
10,100,0,238.097
11,100,0,257.568
12,100,0,292.18
13,100,0,283.118
14,100,9.5253,300
15,100,0,286.146
16,100,0,286.276
17,100,5.32355,300
18,100,1.99515,300
19,100,8.78911,300
20,100,4.04295,300
21,100,2.79316,300
22,100,5.71563,300
23,100,6.80326,300
24,100,8.36474,300
