node_id,initial_energy,remaining_energy,lifetime
0,100,6.88842,300
1,100,0,197.564
2,100,0,241.115
3,100,0,292.555
4,100,0,294.218
5,100,0,205.052
6,100,0,236.21
7,100,0,267.615
8,100,1.48033,300
9,100,3.1291,300
10,100,0,233.856
11,100,0,279.294
12,100,0,299.478
13,100,0,297.956
14,100,3.42344,300
15,100,0,272.522
16,100,8.36109,300
17,100,2.5845,300
18,100,8.96131,300
19,100,6.08727,300
20,100,1.03321,300
21,100,8.90933,300
22,100,3.58661,300
23,100,9.11882,300
24,100,8.73735,300
