node_id,initial_energy,remaining_energy,lifetime
0,100,6.53369,300
1,100,0,195.24
2,100,0,219.135
3,100,0,269.967
4,100,0,295.774
5,100,0,203.273
6,100,0,213.35
7,100,0,230.807
8,100,0,285.465
9,100,3.37155,300
10,100,0,249.749
11,100,0,274.579
12,100,0,274.945
13,100,0.745252,300
14,100,5.20997,300
15,100,0,276.039
16,100,0.230168,300
17,100,0,285.804
18,100,5.43545,300
19,100,7.83728,300
20,100,2.22995,300
21,100,3.2119,300
22,100,3.36264,300
23,100,9.64356,300
24,100,9.78701,300
