node_id,initial_energy,remaining_energy,lifetime
0,100,6.01368,300
1,100,0,192.433
2,100,0,262.291
3,100,0,299.592
4,100,8.90257,300
5,100,0,197.478
6,100,0,190.483
7,100,0,184.503
8,100,0,250.972
9,100,9.05878,300
10,100,0,247.415
11,100,0,260.282
12,100,0,237.544
13,100,0,276.777
14,100,0,295.553
15,100,0,279.818
16,100,0,284.005
17,100,0,296.738
18,100,0,294.563
19,100,4.36856,300
20,100,1.98521,300
21,100,2.54255,300
22,100,4.91361,300
23,100,4.31152,300
24,100,6.59251,300
