node_id,initial_energy,remaining_energy,lifetime
0,100,7.22723,300
1,100,0,216.967
2,100,0,272.048
3,100,0,275.173
4,100,1.85889,300
5,100,0,219.869
6,100,0,264.523
7,100,7.4158,300
8,100,8.6383,300
9,100,7.7302,300
10,100,0,258.445
11,100,0.0792349,300
12,100,7.60166,300
13,100,9.06097,300
14,100,8.18616,300
15,100,0,287.229
16,100,2.85375,300
17,100,8.56158,300
18,100,9.11418,300
19,100,8.95834,300
20,100,2.02045,300
21,100,6.37025,300
22,100,9.58733,300
23,100,9.63548,300
24,100,9.75032,300
