node_id,initial_energy,remaining_energy,lifetime
0,100,6.90371,300
1,100,0,205.902
2,100,0,259.561
3,100,9.73259,300
4,100,9.82862,300
5,100,0,209.376
6,100,0,259.311
7,100,0,255.562
8,100,0,289.091
9,100,9.2285,300
10,100,0,242.488
11,100,0,242.688
12,100,0,282.876
13,100,0,271.178
14,100,0,289.169
15,100,0.896614,300
16,100,0.175058,300
17,100,0,285.022
18,100,5.98784,300
19,100,7.71741,300
20,100,9.868,300
21,100,9.01473,300
22,100,2.6887,300
23,100,8.07608,300
24,100,9.61545,300
