node_id,initial_energy,remaining_energy,lifetime
0,100,6.75484,300
1,100,0,221.511
2,100,0,228.002
3,100,0,274.87
4,100,1.44224,300
5,100,0,223.653
6,100,0,197.307
7,100,0,214.247
8,100,0,250.67
9,100,2.98924,300
10,100,0,221.782
11,100,0,277.083
12,100,0,259.354
13,100,0,287.991
14,100,9.54403,300
15,100,0,274.674
16,100,0,288.658
17,100,0,292.109
18,100,7.60639,300
19,100,9.18501,300
20,100,0.183486,300
21,100,6.61683,300
22,100,3.78585,300
23,100,4.70432,300
24,100,5.92096,300
