node_id,initial_energy,remaining_energy,lifetime
0,100,6.82637,300
1,100,0,221.037
2,100,0,214.783
3,100,0,267.5
4,100,0.669069,300
5,100,0,226.046
6,100,0,210.409
7,100,0,234.634
8,100,2.35052,300
9,100,9.12164,300
10,100,0,237.151
11,100,0,270.803
12,100,0,278.697
13,100,0,293.315
14,100,1.66143,300
15,100,0,269.874
16,100,0,298.687
17,100,0,286.362
18,100,4.31639,300
19,100,6.45087,300
20,100,0.808019,300
21,100,2.42726,300
22,100,3.17878,300
23,100,9.54331,300
24,100,9.80072,300
