node_id,initial_energy,remaining_energy,lifetime
0,100,6.56669,300
1,100,0,203.664
2,100,0,253.339
3,100,0,290.085
4,100,2.62837,300
5,100,0,227.301
6,100,0,199.229
7,100,0,216.085
8,100,0,255.985
9,100,6.67864,300
10,100,0,262.064
11,100,0,278.551
12,100,0,276.651
13,100,0,288.923
14,100,0,295.384
15,100,0.630105,300
16,100,0,292.793
17,100,4.13863,300
18,100,3.46044,300
19,100,4.0158,300
20,100,9.86181,300
21,100,3.76152,300
22,100,8.08762,300
23,100,9.44272,300
24,100,9.86641,300
