node_id,initial_energy,remaining_energy,lifetime
0,100,5.93982,300
1,100,0,193.049
2,100,0,290.479
3,100,8.88761,300
4,100,9.5874,300
5,100,0,187.822
6,100,0,189.623
7,100,0,213.849
8,100,0,185.614
9,100,0,264.292
10,100,0,244.887
11,100,0,263.059
12,100,0,276.223
13,100,0,248.596
14,100,0,288.876
15,100,0,278.039
16,100,1.37023,300
17,100,0,277.794
18,100,2.03577,300
19,100,3.08279,300
20,100,2.20478,300
21,100,2.28224,300
22,100,1.70565,300
23,100,2.21993,300
24,100,4.28396,300
