node_id,initial_energy,remaining_energy,lifetime
0,100,6.45751,300
1,100,0,211.523
2,100,0,242.201
3,100,0.0129747,300
4,100,9.58231,300
5,100,0,241.21
6,100,0,257.432
7,100,0,243.943
8,100,0,268.048
9,100,9.3211,300
10,100,0,247.127
11,100,0,260.344
12,100,1.7291,300
13,100,0,290.327
14,100,9.4331,300
15,100,0,263.367
16,100,0,288.874
17,100,8.3268,300
18,100,3.6773,300
19,100,5.71337,300
20,100,0,299.675
21,100,3.1365,300
22,100,8.78646,300
23,100,6.94397,300
24,100,7.35008,300
