node_id,initial_energy,remaining_energy,lifetime
0,100,6.00349,300
1,100,0,182.144
2,100,0,220.223
3,100,0,251.267
4,100,3.03148,300
5,100,0,195.163
6,100,0,216.321
7,100,0,239.044
8,100,0,224.308
9,100,1.80005,300
10,100,0,245.981
11,100,0,253.808
12,100,1.00336,300
13,100,0,248.198
14,100,0,293.914
15,100,0,280.126
16,100,0,285.322
17,100,5.8653,300
18,100,0,286.474
19,100,0,294.965
20,100,2.11276,300
21,100,1.81675,300
22,100,6.59968,300
23,100,3.34707,300
24,100,5.00618,300
