node_id,initial_energy,remaining_energy,lifetime
0,100,6.77497,300
1,100,0,208.151
2,100,0,263.827
3,100,0,299.535
4,100,6.17269,300
5,100,0,206.212
6,100,0,209.11
7,100,0,216.101
8,100,0,290.648
9,100,5.7907,300
10,100,0,252.7
11,100,0,291.209
12,100,0,268.014
13,100,2.8631,300
14,100,8.97468,300
15,100,0.407299,300
16,100,6.51024,300
17,100,0,291.554
18,100,3.18372,300
19,100,8.97545,300
20,100,1.44607,300
21,100,9.41876,300
22,100,3.6133,300
23,100,9.18822,300
24,100,9.28047,300
