node_id,initial_energy,remaining_energy,lifetime
0,100,7.49818,300
1,100,0,249.611
2,100,0,286.489
3,100,9.18694,300
4,100,9.75049,300
5,100,0,260.691
6,100,0,255.978
7,100,0,289.256
8,100,0,247.623
9,100,0,297.955
10,100,0,290.954
11,100,0,288.758
12,100,6.60511,300
13,100,0,251.928
14,100,9.44079,300
15,100,0,290.454
16,100,8.97289,300
17,100,7.67152,300
18,100,8.72725,300
19,100,9.20021,300
20,100,0,294.035
21,100,9.57975,300
22,100,9.39359,300
23,100,9.02259,300
24,100,9.83546,300
