node_id,initial_energy,remaining_energy,lifetime
0,100,7.65369,300
1,100,0,250.042
2,100,0,282.832
3,100,0,293.363
4,100,0,295.287
5,100,0,247.623
6,100,0,254.786
7,100,0,288.737
8,100,5.6932,300
9,100,9.12584,300
10,100,0,270.271
11,100,0,280.183
12,100,0,292.657
13,100,3.3526,300
14,100,6.06139,300
15,100,2.25444,300
16,100,3.79507,300
17,100,6.68494,300
18,100,8.41339,300
19,100,8.07314,300
20,100,0,297.774
21,100,5.56111,300
22,100,9.62396,300
23,100,9.67954,300
24,100,9.8592,300
