node_id,initial_energy,remaining_energy,lifetime
0,100,8.17971,300
1,100,0,275.618
2,100,0,297.259
3,100,8.66305,300
4,100,8.79179,300
5,100,0,272.79
6,100,0,262.574
7,100,0,263.492
8,100,0,295.553
9,100,8.91385,300
10,100,0.768438,300
11,100,0,264.449
12,100,0,292.793
13,100,0,297.882
14,100,9.38222,300
15,100,9.62939,300
16,100,0,265.566
17,100,8.78834,300
18,100,0,298.366
19,100,0.246854,300
20,100,9.80822,300
21,100,0,299.052
22,100,9.09373,300
23,100,8.92701,300
24,100,9.39046,300
