node_id,initial_energy,remaining_energy,lifetime
0,100,7.15491,300
1,100,0,255.403
2,100,1.4371,300
3,100,0,292.13
4,100,9.83354,300
5,100,0,223.658
6,100,0,243.344
7,100,0.229213,300
8,100,0,282.581
9,100,9.2404,300
10,100,0,270.554
11,100,0,247.663
12,100,2.00132,300
13,100,0,294.261
14,100,9.63493,300
15,100,3.08471,300
16,100,0,286.487
17,100,7.95646,300
18,100,0,296.111
19,100,9.70589,300
20,100,0,298.793
21,100,4.8215,300
22,100,8.017,300
23,100,8.61774,300
24,100,9.84643,300
