node_id,initial_energy,remaining_energy,lifetime
0,100,7.7445,300
1,100,0,265.739
2,100,0.192834,300
3,100,1.26589,300
4,100,0,294.893
5,100,0,263.251
6,100,0,238.901
7,100,0,275.774
8,100,3.67126,300
9,100,5.64102,300
10,100,0,285.555
11,100,1.31089,300
12,100,0,291.242
13,100,7.31866,300
14,100,9.65411,300
15,100,0,289.356
16,100,2.66208,300
17,100,9.0666,300
18,100,8.8228,300
19,100,9.20675,300
20,100,9.85561,300
21,100,9.72672,300
22,100,9.66481,300
23,100,9.17702,300
24,100,9.68233,300
