node_id,initial_energy,remaining_energy,lifetime
0,100,7.38466,300
1,100,0,214.007
2,100,0,240.803
3,100,0,279.947
4,100,2.09566,300
5,100,0,219.364
6,100,0,269.748
7,100,7.34175,300
8,100,8.61052,300
9,100,8.49742,300
10,100,0,260.784
11,100,0,296.452
12,100,5.18136,300
13,100,8.98248,300
14,100,8.97455,300
15,100,0,289.095
16,100,2.49764,300
17,100,8.78572,300
18,100,9.18068,300
19,100,9.034,300
20,100,1.95235,300
21,100,6.29071,300
22,100,9.61545,300
23,100,9.67666,300
24,100,9.77132,300
