node_id,initial_energy,remaining_energy,lifetime
0,100,6.39344,300
1,100,0,194.122
2,100,0,213.317
3,100,0,266.606
4,100,0,291.678
5,100,0,201.51
6,100,0,204.731
7,100,0,217.843
8,100,0,273.126
9,100,3.60876,300
10,100,0,245.093
11,100,0,256.071
12,100,0,274.355
13,100,0,259.285
14,100,0,281.376
15,100,0,279.515
16,100,0,283.039
17,100,0,291.039
18,100,3.04137,300
19,100,4.39369,300
20,100,3.0324,300
21,100,2.76161,300
22,100,4.43343,300
23,100,9.66623,300
24,100,9.85439,300
