node_id,initial_energy,remaining_energy,lifetime
0,100,5.9768,300
1,100,0,191.437
2,100,0,249.248
3,100,0,285.379
4,100,4.12971,300
5,100,0,195.586
6,100,0,188.88
7,100,0,183.997
8,100,0,240.247
9,100,4.43866,300
10,100,0,248.514
11,100,0,264.478
12,100,0,244.357
13,100,0,268.64
14,100,0,299.573
15,100,0,280.3
16,100,0,288.01
17,100,0,296.687
18,100,0.793914,300
19,100,4.5138,300
20,100,2.49488,300
21,100,3.56305,300
22,100,4.62269,300
23,100,6.45273,300
24,100,6.93907,300
