node_id,initial_energy,remaining_energy,lifetime
0,100,5.92336,300
1,100,0,189.559
2,100,0,234.068
3,100,0,278.928
4,100,2.74722,300
5,100,0,192.085
6,100,0,179.336
7,100,0,199.372
8,100,0,214.004
9,100,0,269.346
10,100,0,246.139
11,100,0,232.822
12,100,0,259.178
13,100,0,256.387
14,100,0,290.385
15,100,0,279.383
16,100,0,278.71
17,100,0,287.589
18,100,0,299.639
19,100,3.75261,300
20,100,3.03924,300
21,100,2.70177,300
22,100,3.38924,300
23,100,6.80342,300
24,100,9.75169,300
