node_id,initial_energy,remaining_energy,lifetime
0,100,6.16494,300
1,100,0,188.361
2,100,0,249.769
3,100,0,287.381
4,100,3.44762,300
5,100,0,192.042
6,100,0,183.014
7,100,0,204.005
8,100,0,216.162
9,100,0,292.22
10,100,0,225.931
11,100,0,246.841
12,100,0,265.548
13,100,0,263.474
14,100,3.5652,300
15,100,0,276.069
16,100,0,278.743
17,100,0,290.944
18,100,1.20749,300
19,100,3.81861,300
20,100,1.60783,300
21,100,4.22502,300
22,100,3.87127,300
23,100,6.53659,300
24,100,7.20284,300
