node_id,initial_energy,remaining_energy,lifetime
0,100,6.45758,300
1,100,0,191.602
2,100,0,212.787
3,100,0,259.231
4,100,0,288.027
5,100,0,197.974
6,100,0,206.807
7,100,0,229.633
8,100,0,267.353
9,100,2.43874,300
10,100,0,221.213
11,100,0,228.185
12,100,0,261.157
13,100,0,264.309
14,100,6.11987,300
15,100,0,271.119
16,100,0,274.109
17,100,0.69805,300
18,100,0.187252,300
19,100,8.84474,300
20,100,1.05331,300
21,100,1.85174,300
22,100,8.46877,300
23,100,6.96507,300
24,100,9.68562,300
