node_id,initial_energy,remaining_energy,lifetime
0,100,6.43065,300
1,100,0,197.879
2,100,0,229.287
3,100,0,272.332
4,100,0,286.472
5,100,0,198.175
6,100,0,209.547
7,100,0,228.96
8,100,0,275.002
9,100,0,288.831
10,100,0,235.366
11,100,0,260.073
12,100,0,267.177
13,100,1.43904,300
14,100,4.04198,300
15,100,0,286.103
16,100,0,287.561
17,100,0,292.185
18,100,2.01101,300
19,100,8.79139,300
20,100,4.13389,300
21,100,2.96142,300
22,100,4.31306,300
23,100,6.54368,300
24,100,7.45723,300
