node_id,initial_energy,remaining_energy,lifetime
0,100,6.12198,300
1,100,0,201.112
2,100,0,284.884
3,100,6.89764,300
4,100,7.67777,300
5,100,0,195.327
6,100,0,186.909
7,100,0,195.877
8,100,0,185.19
9,100,0,247.479
10,100,0,296.899
11,100,0,271.748
12,100,0,264.244
13,100,0,240.613
14,100,0,276.103
15,100,0,298.267
16,100,9.1346,300
17,100,0,268.608
18,100,0,271.492
19,100,2.05133,300
20,100,0.506121,300
21,100,9.74389,300
22,100,0.558888,300
23,100,0,273.376
24,100,0.588801,300
