node_id,initial_energy,remaining_energy,lifetime
0,100,6.53728,300
1,100,0,201.69
2,100,0,230.306
3,100,0,268.442
4,100,0.570962,300
5,100,0,207.143
6,100,0,187.39
7,100,0,208.116
8,100,0,241.24
9,100,9.62315,300
10,100,0,258.255
11,100,0,270.441
12,100,0,288.61
13,100,0,270.004
14,100,0,272.497
15,100,0,294.123
16,100,0,267.264
17,100,9.23698,300
18,100,9.21936,300
19,100,0.505249,300
20,100,9.81921,300
21,100,0.166504,300
22,100,9.63689,300
23,100,9.68072,300
24,100,9.84739,300
