node_id,initial_energy,remaining_energy,lifetime
0,100,6.30321,300
1,100,0,204.952
2,100,0,217.221
3,100,0,254.871
4,100,0,296.92
5,100,0,222.727
6,100,0,171.289
7,100,0,181.868
8,100,0,203.09
9,100,0,295.975
10,100,0,246.936
11,100,0,280.837
12,100,0,264.18
13,100,0,257.713
14,100,8.08895,300
15,100,0,258.057
16,100,0,289.163
17,100,0,296.252
18,100,0,270.18
19,100,9.05612,300
20,100,0,296.969
21,100,9.71825,300
22,100,0,299.452
23,100,0,272.164
24,100,0.929168,300
