node_id,initial_energy,remaining_energy,lifetime
0,100,6.65083,300
1,100,0,185.671
2,100,0,235.562
3,100,0,261.151
4,100,0,290.04
5,100,0,202.829
6,100,0,195.818
7,100,0,200.102
8,100,0,284.868
9,100,0,272.345
10,100,0,248.528
11,100,0,296.79
12,100,0,265.756
13,100,9.17338,300
14,100,0.705038,300
15,100,0,296.978
16,100,8.69961,300
17,100,0,271.491
18,100,9.1827,300
19,100,1.12225,300
20,100,0.0840241,300
21,100,9.66009,300
22,100,0.945712,300
23,100,9.27071,300
24,100,9.87124,300
