node_id,initial_energy,remaining_energy,lifetime
0,100,6.64264,300
1,100,0,183.838
2,100,0,238.524
3,100,0,269.593
4,100,0.489214,300
5,100,0,199.625
6,100,0,222.454
7,100,0,244.648
8,100,0,241.012
9,100,0,298.075
10,100,0,232.401
11,100,0,240.885
12,100,8.98006,300
13,100,0,271.993
14,100,1.87192,300
15,100,0,266.595
16,100,0,272.212
17,100,9.20145,300
18,100,0,298.94
19,100,1.9637,300
20,100,0.365573,300
21,100,1.67868,300
22,100,9.63076,300
23,100,9.29491,300
24,100,9.86373,300
