node_id,initial_energy,remaining_energy,lifetime
0,100,5.96923,300
1,100,0,192.288
2,100,0,252.588
3,100,9.4141,300
4,100,9.47788,300
5,100,0,226.654
6,100,0,233.278
7,100,0,203.664
8,100,0,225.038
9,100,8.7361,300
10,100,0,253.515
11,100,0,225.764
12,100,0,240.937
13,100,0,197.555
14,100,0,232.742
15,100,0,295.392
16,100,5.54878,300
17,100,0,255.833
18,100,0,277.099
19,100,0,270.842
20,100,9.8722,300
21,100,9.21756,300
22,100,0,294.521
23,100,1.95629,300
24,100,1.70277,300
