node_id,initial_energy,remaining_energy,lifetime
0,100,6.39454,300
1,100,0,203.418
2,100,0,233.908
3,100,0,261.532
4,100,0.062602,300
5,100,0,217.968
6,100,0,219.892
7,100,0,191.21
8,100,0,237.282
9,100,8.91646,300
10,100,0,245.804
11,100,0,223.799
12,100,0,270.251
13,100,0,267.106
14,100,8.89634,300
15,100,0,260.61
16,100,0,258.754
17,100,0,296.259
18,100,0,267.894
19,100,0,298.154
20,100,0,297.746
21,100,0,296.846
22,100,0,298.809
23,100,0.269891,300
24,100,0.517643,300
