node_id,initial_energy,remaining_energy,lifetime
0,100,7.22536,300
1,100,0,233.327
2,100,0,240.901
3,100,0,282.449
4,100,3.1361,300
5,100,0,235.807
6,100,0,220.944
7,100,0,208.664
8,100,0,252.127
9,100,7.44279,300
10,100,0,262.503
11,100,3.91472,300
12,100,0,283.684
13,100,0,297.61
14,100,0.871677,300
15,100,0,298.131
16,100,1.59542,300
17,100,6.46692,300
18,100,9.0829,300
19,100,5.48105,300
20,100,9.64224,300
21,100,9.05854,300
22,100,9.55516,300
23,100,9.65912,300
24,100,9.84684,300
