node_id,initial_energy,remaining_energy,lifetime
0,100,7.21601,300
1,100,0,227.147
2,100,0,225.318
3,100,0,262.951
4,100,0.125645,300
5,100,0,245.481
6,100,0,212.319
7,100,0,242.654
8,100,0,286.227
9,100,1.16138,300
10,100,0,259.991
11,100,0,285.036
12,100,0,284.042
13,100,5.81284,300
14,100,9.5669,300
15,100,0,291.592
16,100,0,297.036
17,100,5.52159,300
18,100,7.06907,300
19,100,9.18238,300
20,100,9.85561,300
21,100,9.61929,300
22,100,4.38204,300
23,100,5.01374,300
24,100,6.94602,300
