node_id,initial_energy,remaining_energy,lifetime
0,100,6.12011,300
1,100,0,207.384
2,100,0,290.831
3,100,8.96459,300
4,100,9.73555,300
5,100,0,239.695
6,100,0,203.177
7,100,0,240.59
8,100,0,213.294
9,100,0,289.577
10,100,0,289.92
11,100,0,253.324
12,100,0,265.299
13,100,0,259.961
14,100,2.67297,300
15,100,0,295.7
16,100,8.77888,300
17,100,0,268.365
18,100,4.38345,300
19,100,8.57366,300
20,100,0,299.458
21,100,9.49334,300
22,100,3.40651,300
23,100,4.54955,300
24,100,4.86565,300
