node_id,initial_energy,remaining_energy,lifetime
0,100,6.81358,300
1,100,0,217.55
2,100,0,271.898
3,100,9.74007,300
4,100,9.8503,300
5,100,0,244.432
6,100,0,265.682
7,100,0,270.627
8,100,1.81233,300
9,100,9.21023,300
10,100,0,261.162
11,100,0,266.013
12,100,0,275.652
13,100,0,281.688
14,100,0,288.908
15,100,0,294.123
16,100,3.9798,300
17,100,0,270.214
18,100,4.86743,300
19,100,3.8166,300
20,100,9.8722,300
21,100,8.97862,300
22,100,0.71622,300
23,100,8.16824,300
24,100,8.38573,300
