node_id,initial_energy,remaining_energy,lifetime
0,100,6.92344,300
1,100,0,205.492
2,100,0,261.86
3,100,0.493193,300
4,100,8.68063,300
5,100,0,205.747
6,100,0,213.532
7,100,0,241.459
8,100,1.27033,300
9,100,8.19161,300
10,100,0,250.981
11,100,0,286.122
12,100,0,271.232
13,100,8.95815,300
14,100,9.64963,300
15,100,0.58582,300
16,100,4.59366,300
17,100,0,278.074
18,100,9.12889,300
19,100,9.69401,300
20,100,1.61444,300
21,100,9.44958,300
22,100,1.70927,300
23,100,9.17931,300
24,100,9.8663,300
