node_id,initial_energy,remaining_energy,lifetime
0,100,7.43428,300
1,100,0,236.623
2,100,0,251.249
3,100,0,260.343
4,100,0,298.11
5,100,0,245.736
6,100,0,229.862
7,100,0,268.964
8,100,6.35837,300
9,100,9.09336,300
10,100,0,270.712
11,100,0,286.954
12,100,0,298.255
13,100,4.58209,300
14,100,6.36521,300
15,100,2.50977,300
16,100,4.2469,300
17,100,6.15797,300
18,100,8.54548,300
19,100,7.89182,300
20,100,0.201855,300
21,100,6.10933,300
22,100,9.5914,300
23,100,9.61469,300
24,100,9.80105,300
