node_id,initial_energy,remaining_energy,lifetime
0,100,6.53729,300
1,100,0,192.78
2,100,0,213.517
3,100,0,254.851
4,100,0,284.749
5,100,0,197.015
6,100,0,207.279
7,100,0,234.174
8,100,0,276.206
9,100,2.86574,300
10,100,0,244.653
11,100,0,274.462
12,100,0,282.682
13,100,0,271.795
14,100,0,269.567
15,100,0,270.586
16,100,0.328932,300
17,100,0,297.125
18,100,5.79522,300
19,100,0,291.796
20,100,0.840527,300
21,100,2.47972,300
22,100,4.981,300
23,100,8.90866,300
24,100,8.1326,300
