node_id,initial_energy,remaining_energy,lifetime
0,100,6.69315,300
1,100,0,194.195
2,100,0,247.583
3,100,0,275.399
4,100,0,289.249
5,100,0,197.551
6,100,0,199.289
7,100,0,204.621
8,100,0,260.892
9,100,0,294.568
10,100,0,229.437
11,100,0,288.871
12,100,0,267.215
13,100,0,288.226
14,100,5.52899,300
15,100,0,271.13
16,100,5.5453,300
17,100,0,280.383
18,100,4.30831,300
19,100,8.89734,300
20,100,1.04389,300
21,100,9.39293,300
22,100,2.0773,300
23,100,9.24586,300
24,100,9.41675,300
