node_id,initial_energy,remaining_energy,lifetime
0,100,6.29656,300
1,100,0,201.198
2,100,0,248.624
3,100,0,285.345
4,100,2.52793,300
5,100,0,191.775
6,100,0,195.572
7,100,0,201.685
8,100,0,261.226
9,100,7.33357,300
10,100,0,240.347
11,100,0,262.398
12,100,0,248.647
13,100,0,289.545
14,100,0,297.069
15,100,0,273.583
16,100,0,286.265
17,100,0,289.928
18,100,0,296.69
19,100,4.40479,300
20,100,1.26534,300
21,100,2.87911,300
22,100,3.69231,300
23,100,5.3445,300
24,100,9.86028,300
