node_id,initial_energy,remaining_energy,lifetime
0,100,6.64721,300
1,100,0,202.7
2,100,0,236.226
3,100,0,292.715
4,100,7.55391,300
5,100,0,206.023
6,100,0,198.223
7,100,0,203.334
8,100,0,237.407
9,100,8.37351,300
10,100,0,255.251
11,100,0,246.744
12,100,0,273.066
13,100,0,266.599
14,100,9.61295,300
15,100,0,268.247
16,100,0,276.584
17,100,0.082655,300
18,100,0,295.24
19,100,8.10206,300
20,100,0.458591,300
21,100,0.742088,300
22,100,0.797423,300
23,100,6.36158,300
24,100,7.75186,300
