node_id,initial_energy,remaining_energy,lifetime
0,100,7.26361,300
1,100,0,206.633
2,100,0,267.691
3,100,0,273.881
4,100,1.70653,300
5,100,0,217.636
6,100,0,266.233
7,100,3.46867,300
8,100,8.26035,300
9,100,8.66517,300
10,100,0,250.63
11,100,0,298.133
12,100,3.70694,300
13,100,8.38808,300
14,100,9.14011,300
15,100,0,272.811
16,100,1.66789,300
17,100,9.03998,300
18,100,8.58691,300
19,100,9.00258,300
20,100,0,299.931
21,100,6.7354,300
22,100,9.62078,300
23,100,9.36879,300
24,100,9.67354,300
