node_id,initial_energy,remaining_energy,lifetime
0,100,6.20442,300
1,100,0,197.31
2,100,0,259.637
3,100,0,299.258
4,100,9.7503,300
5,100,0,189.464
6,100,0,199.998
7,100,0,189.31
8,100,0,192.978
9,100,0,261.3
10,100,0,239.145
11,100,0,238.052
12,100,0,244.436
13,100,0,240.071
14,100,0,285.494
15,100,0,271.488
16,100,0.294675,300
17,100,0,271.406
18,100,0,295.359
19,100,2.51743,300
20,100,1.089,300
21,100,1.266,300
22,100,1.00334,300
23,100,6.49229,300
24,100,8.8183,300
