node_id,initial_energy,remaining_energy,lifetime
0,100,6.24958,300
1,100,0,181.063
2,100,0,216.333
3,100,0,236.984
4,100,1.73667,300
5,100,0,193.767
6,100,0,184.275
7,100,0,233.348
8,100,0,220.538
9,100,1.21973,300
10,100,0,235.561
11,100,0,244.066
12,100,0,297.439
13,100,0,227.642
14,100,0,271.846
15,100,0,269.969
16,100,0,271.987
17,100,0.803124,300
18,100,0,288.03
19,100,0,296.721
20,100,1.02413,300
21,100,1.03133,300
22,100,1.62095,300
23,100,3.17512,300
24,100,4.46787,300
