node_id,initial_energy,remaining_energy,lifetime
0,100,6.72709,300
1,100,0,199.306
2,100,0,248.053
3,100,3.21125,300
4,100,3.32924,300
5,100,0,201.776
6,100,0,220.026
7,100,0,247.405
8,100,0,289.814
9,100,2.746,300
10,100,0,222.478
11,100,0,242.634
12,100,0,282.418
13,100,0.699114,300
14,100,0.193766,300
15,100,0,270.908
16,100,0,281.775
17,100,0,284.952
18,100,8.48841,300
19,100,3.58845,300
20,100,0.750732,300
21,100,2.08998,300
22,100,2.77103,300
23,100,8.89362,300
24,100,9.00482,300
