node_id,initial_energy,remaining_energy,lifetime
0,100,6.77572,300
1,100,0,197.473
2,100,0,234.561
3,100,0,270.613
4,100,0.983488,300
5,100,0,195.572
6,100,0,190.135
7,100,0,205.34
8,100,0,221.383
9,100,0,274.964
10,100,0,224.497
11,100,0,281.337
12,100,0,252.592
13,100,0,258.709
14,100,1.11699,300
15,100,0,277.422
16,100,0,291.187
17,100,0,282.3
18,100,0,297.086
19,100,9.21309,300
20,100,0.846558,300
21,100,7.12151,300
22,100,2.49324,300
23,100,6.27925,300
24,100,6.95905,300
