node_id,initial_energy,remaining_energy,lifetime
0,100,7.60173,300
1,100,0,241.269
2,100,0,248.183
3,100,0,255.181
4,100,0,295.456
5,100,0,237.708
6,100,0,223.499
7,100,0,257.342
8,100,5.63742,300
9,100,9.04401,300
10,100,0,266.491
11,100,0,284.557
12,100,0,299.012
13,100,5.21375,300
14,100,5.0555,300
15,100,1.56481,300
16,100,4.43315,300
17,100,8.358,300
18,100,7.24331,300
19,100,6.01268,300
20,100,0,296.379
21,100,5.87768,300
22,100,9.57655,300
23,100,7.88205,300
24,100,9.8592,300
