node_id,initial_energy,remaining_energy,lifetime
0,100,6.88246,300
1,100,0,229.534
2,100,0,248.901
3,100,0,252.934
4,100,0,297.471
5,100,0,230.562
6,100,0,194.121
7,100,0,208.202
8,100,0,279.2
9,100,0,297.971
10,100,0,254.995
11,100,0,283.344
12,100,0,264.126
13,100,4.4862,300
14,100,9.61049,300
15,100,0,293.302
16,100,0,292.617
17,100,0,298.74
18,100,5.36829,300
19,100,9.23142,300
20,100,9.86018,300
21,100,9.51273,300
22,100,0.141455,300
23,100,4.00629,300
24,100,7.856,300
