node_id,initial_energy,remaining_energy,lifetime
0,100,6.78949,300
1,100,0,231.185
2,100,0,258.969
3,100,0.938761,300
4,100,0.688947,300
5,100,0,225.741
6,100,0,201.954
7,100,0,217.632
8,100,0,272.531
9,100,7.05965,300
10,100,0,249.769
11,100,0,293.866
12,100,0,277.798
13,100,0,278.998
14,100,0,282.141
15,100,0,290.921
16,100,0,280.486
17,100,2.80192,300
18,100,8.9809,300
19,100,1.75061,300
20,100,9.28934,300
21,100,0.401683,300
22,100,7.13206,300
23,100,9.67804,300
24,100,9.86155,300
