node_id,initial_energy,remaining_energy,lifetime
0,100,7.58686,300
1,100,0,250.376
2,100,0,267.249
3,100,0,289.893
4,100,0,292.788
5,100,0,246.65
6,100,0,254.578
7,100,0,251.68
8,100,6.29894,300
9,100,9.134,300
10,100,0,269.614
11,100,0,278.114
12,100,0,293.271
13,100,4.56309,300
14,100,5.41616,300
15,100,1.79568,300
16,100,3.28282,300
17,100,7.02817,300
18,100,8.7055,300
19,100,6.80636,300
20,100,0,295.469
21,100,5.30767,300
22,100,9.62921,300
23,100,9.67013,300
24,100,9.8592,300
