node_id,initial_energy,remaining_energy,lifetime
0,100,7.04808,300
1,100,0,240.059
2,100,0,284.699
3,100,8.89889,300
4,100,9.41305,300
5,100,0,250.047
6,100,0,235.397
7,100,0,264.267
8,100,0,223.095
9,100,0,270.251
10,100,0,291.811
11,100,0,289.6
12,100,7.8204,300
13,100,0,254.653
14,100,0.0989268,300
15,100,0,291.711
16,100,9.04917,300
17,100,8.70207,300
18,100,8.396,300
19,100,9.20583,300
20,100,0,295.16
21,100,9.58178,300
22,100,9.3318,300
23,100,8.67409,300
24,100,9.83005,300
