node_id,initial_energy,remaining_energy,lifetime
0,100,7.53172,300
1,100,0,245.308
2,100,0,298.835
3,100,7.70549,300
4,100,7.85037,300
5,100,0,261.268
6,100,0,264.286
7,100,0,260.223
8,100,0.351048,300
9,100,8.79771,300
10,100,0,291.556
11,100,0,264.759
12,100,0,290.338
13,100,0.94263,300
14,100,9.4701,300
15,100,9.58696,300
16,100,0,265.739
17,100,6.999,300
18,100,1.53687,300
19,100,4.34325,300
20,100,9.7912,300
21,100,0,299.578
22,100,7.58135,300
23,100,4.91928,300
24,100,5.35308,300
