node_id,initial_energy,remaining_energy,lifetime
0,100,6.88046,300
1,100,0,244.019
2,100,0,296.179
3,100,0,289.261
4,100,9.81142,300
5,100,0,220.183
6,100,0,239.377
7,100,0,293.391
8,100,0,256.068
9,100,0.262953,300
10,100,0,273.534
11,100,0,255.257
12,100,3.75119,300
13,100,0,291.6
14,100,9.56888,300
15,100,3.58132,300
16,100,0,290.834
17,100,8.00928,300
18,100,0,298.764
19,100,9.66138,300
20,100,0.660458,300
21,100,5.56466,300
22,100,8.18867,300
23,100,8.7867,300
24,100,9.86438,300
