node_id,initial_energy,remaining_energy,lifetime
0,100,7.57299,300
1,100,0,246.16
2,100,0,266.039
3,100,2.41378,300
4,100,1.26833,300
5,100,0,245.857
6,100,0,221.684
7,100,0,238.782
8,100,0,287.706
9,100,6.80674,300
10,100,0,286.65
11,100,4.0708,300
12,100,0.0216352,300
13,100,2.28399,300
14,100,2.88559,300
15,100,8.83543,300
16,100,3.13248,300
17,100,5.4053,300
18,100,9.04339,300
19,100,2.79801,300
20,100,9.28444,300
21,100,0.566152,300
22,100,6.90161,300
23,100,9.68169,300
24,100,9.85066,300
