node_id,initial_energy,remaining_energy,lifetime
0,100,7.68711,300
1,100,0,238.821
2,100,0,281.6
3,100,9.73897,300
4,100,9.85461,300
5,100,0,273.081
6,100,0,284.967
7,100,0,284.967
8,100,0,292.312
9,100,9.15132,300
10,100,3.87524,300
11,100,0,285.82
12,100,0,298.895
13,100,5.38398,300
14,100,5.32913,300
15,100,9.66001,300
16,100,3.98895,300
17,100,1.01422,300
18,100,7.61903,300
19,100,6.93798,300
20,100,9.85598,300
21,100,9.1239,300
22,100,2.32298,300
23,100,9.18366,300
24,100,9.72874,300
