node_id,initial_energy,remaining_energy,lifetime
0,100,7.0983,300
1,100,0,246.71
2,100,0,298.565
3,100,0,286.822
4,100,4.91996,300
5,100,0,215.73
6,100,0,238.406
7,100,0,258.894
8,100,5.21114,300
9,100,4.57143,300
10,100,0,254.447
11,100,4.08147,300
12,100,0,283.653
13,100,8.84088,300
14,100,9.62257,300
15,100,0,295.385
16,100,6.67397,300
17,100,2.77302,300
18,100,9.12928,300
19,100,9.68601,300
20,100,0,299.655
21,100,9.47669,300
22,100,3.42737,300
23,100,9.16093,300
24,100,9.87196,300
