node_id,initial_energy,remaining_energy,lifetime
0,100,7.65258,300
1,100,0,251.439
2,100,0,297.211
3,100,1.06305,300
4,100,0,296.273
5,100,0,259.858
6,100,0,214.185
7,100,0,243.921
8,100,3.51856,300
9,100,5.86335,300
10,100,0,267.467
11,100,0,297.466
12,100,0,290.757
13,100,7.18016,300
14,100,9.64299,300
15,100,0,288.861
16,100,1.32061,300
17,100,8.69983,300
18,100,9.06686,300
19,100,9.20508,300
20,100,9.87388,300
21,100,9.7406,300
22,100,9.54634,300
23,100,9.32728,300
24,100,9.69585,300
