node_id,initial_energy,remaining_energy,lifetime
0,100,7.3433,300
1,100,0,237.134
2,100,0,261.331
3,100,2.02096,300
4,100,0.371145,300
5,100,0,238.363
6,100,0,205.322
7,100,0,235.889
8,100,0,285.171
9,100,6.8917,300
10,100,0,285.926
11,100,0,291.602
12,100,0,292.152
13,100,0,299.458
14,100,0.500968,300
15,100,8.30793,300
16,100,0,275.68
17,100,2.65657,300
18,100,8.96246,300
19,100,0.476411,300
20,100,9.82192,300
21,100,0.890687,300
22,100,7.45602,300
23,100,9.65141,300
24,100,9.84992,300
