node_id,initial_energy,remaining_energy,lifetime
0,100,7.60644,300
1,100,0,241.019
2,100,0,296.152
3,100,5.75067,300
4,100,6.27975,300
5,100,0,258.04
6,100,0,267.147
7,100,0,264.035
8,100,0,263.635
9,100,9.01441,300
10,100,0,281.964
11,100,0,256.633
12,100,0,291.66
13,100,0.247542,300
14,100,9.45448,300
15,100,9.5907,300
16,100,0,257.452
17,100,8.78145,300
18,100,0.257018,300
19,100,3.073,300
20,100,9.78395,300
21,100,0,294.873
22,100,9.34282,300
23,100,6.9393,300
24,100,7.28106,300
