node_id,initial_energy,remaining_energy,lifetime
0,100,7.13426,300
1,100,0,211.268
2,100,0,297.48
3,100,0,281.685
4,100,4.58947,300
5,100,0,207.63
6,100,0,244.148
7,100,0,275.921
8,100,2.79617,300
9,100,1.36343,300
10,100,0,260.654
11,100,6.45314,300
12,100,0,295.614
13,100,9.09355,300
14,100,9.62591,300
15,100,0,297.062
16,100,6.59675,300
17,100,0,297.862
18,100,9.101,300
19,100,9.68071,300
20,100,0.138137,300
21,100,9.47793,300
22,100,0,299.869
23,100,9.12427,300
24,100,9.8653,300
