node_id,initial_energy,remaining_energy,lifetime
0,100,7.62086,300
1,100,0,250.646
2,100,0,271.615
3,100,0,289.762
4,100,0,292.688
5,100,0,243.166
6,100,0,251.914
7,100,0,250.584
8,100,6.38826,300
9,100,9.11527,300
10,100,0,265.866
11,100,0,278.896
12,100,0,291.421
13,100,5.30402,300
14,100,7.55753,300
15,100,1.2651,300
16,100,4.19283,300
17,100,7.36557,300
18,100,5.45341,300
19,100,8.39829,300
20,100,0,294.285
21,100,5.49524,300
22,100,8.81373,300
23,100,5.41948,300
24,100,9.8465,300
