node_id,initial_energy,remaining_energy,lifetime
0,100,6.0844,300
1,100,0,185.088
2,100,0,220.357
3,100,0,248.786
4,100,3.0514,300
5,100,0,194.485
6,100,0,195.469
7,100,0,235.849
8,100,0,240.341
9,100,2.2929,300
10,100,0,243.085
11,100,0,253.085
12,100,0,287.52
13,100,0,243.237
14,100,0,298.537
15,100,0,277.401
16,100,0,281.303
17,100,2.45718,300
18,100,0,295.729
19,100,0,299.033
20,100,2.41683,300
21,100,2.15,300
22,100,2.83758,300
23,100,5.66694,300
24,100,4.51583,300
