node_id,initial_energy,remaining_energy,lifetime
0,100,6.11472,300
1,100,0,191.766
2,100,0,226.601
3,100,0,255.499
4,100,0,259.115
5,100,0,197.774
6,100,0,205.647
7,100,0,197.637
8,100,0,262.868
9,100,0,273.877
10,100,0,248.171
11,100,0,290.475
12,100,0,256.399
13,100,0,282.855
14,100,3.86861,300
15,100,0.525722,300
16,100,6.76531,300
17,100,0,289.092
18,100,2.39314,300
19,100,9.65896,300
20,100,1.50067,300
21,100,9.38488,300
22,100,4.03942,300
23,100,9.21773,300
24,100,9.86407,300
