node_id,initial_energy,remaining_energy,lifetime
0,100,6.44439,300
1,100,0,203.746
2,100,0,246.294
3,100,2.06496,300
4,100,9.6494,300
5,100,0,205.483
6,100,0,212.391
7,100,0,219.466
8,100,0,247.409
9,100,9.3265,300
10,100,0,264.062
11,100,0,273.476
12,100,0.367962,300
13,100,0,268.392
14,100,9.34312,300
15,100,0,274.513
16,100,0,297.552
17,100,8.34221,300
18,100,0,288.996
19,100,3.65106,300
20,100,1.84286,300
21,100,4.67256,300
22,100,8.99961,300
23,100,8.02622,300
24,100,8.27885,300
