node_id,initial_energy,remaining_energy,lifetime
0,100,7.47535,300
1,100,0,209.79
2,100,0,265.877
3,100,0,272.038
4,100,1.28694,300
5,100,0,227.297
6,100,0,281.025
7,100,6.30331,300
8,100,8.6461,300
9,100,8.88478,300
10,100,0,273.602
11,100,2.38016,300
12,100,5.21822,300
13,100,8.90957,300
14,100,9.35527,300
15,100,3.69112,300
16,100,5.21991,300
17,100,8.78234,300
18,100,9.06243,300
19,100,9.13861,300
20,100,2.03224,300
21,100,6.67459,300
22,100,9.63175,300
23,100,9.6139,300
24,100,9.78978,300
