node_id,initial_energy,remaining_energy,lifetime
0,100,6.83875,300
1,100,0,200.386
2,100,0,244.251
3,100,0,281.756
4,100,2.08256,300
5,100,0,201.412
6,100,0,203.944
7,100,0,232.458
8,100,0,262.211
9,100,5.96493,300
10,100,0,230.808
11,100,0,285.301
12,100,0,280.475
13,100,0.438924,300
14,100,9.57433,300
15,100,0,276.797
16,100,0,293.077
17,100,3.9104,300
18,100,7.01632,300
19,100,9.21545,300
20,100,0.708004,300
21,100,7.24847,300
22,100,7.31492,300
23,100,7.42053,300
24,100,8.05701,300
