node_id,initial_energy,remaining_energy,lifetime
0,100,7.12503,300
1,100,0,218.297
2,100,0,265.881
3,100,9.29163,300
4,100,9.4309,300
5,100,0,211.114
6,100,0,238.363
7,100,0,276.261
8,100,1.12429,300
9,100,8.12923,300
10,100,0,227.671
11,100,0,273.268
12,100,6.16276,300
13,100,1.41638,300
14,100,0,298.129
15,100,0,267.613
16,100,1.29024,300
17,100,5.97246,300
18,100,8.75067,300
19,100,4.63,300
20,100,0.473787,300
21,100,9.16745,300
22,100,8.46447,300
23,100,9.0345,300
24,100,9.4253,300
