node_id,initial_energy,remaining_energy,lifetime
0,100,6.19291,300
1,100,0,191.693
2,100,0,263.442
3,100,0.446902,300
4,100,9.74466,300
5,100,0,189.541
6,100,0,196.748
7,100,0,222.537
8,100,0,201.927
9,100,0,281.215
10,100,0,243.148
11,100,0,254.135
12,100,0,247.252
13,100,0,255.254
14,100,0,296.575
15,100,0,276.574
16,100,3.37995,300
17,100,0,279.979
18,100,3.86639,300
19,100,3.57768,300
20,100,1.85924,300
21,100,4.27278,300
22,100,2.83031,300
23,100,5.45408,300
24,100,9.6419,300
