node_id,initial_energy,remaining_energy,lifetime
0,100,6.60993,300
1,100,0,203.017
2,100,0,218.845
3,100,0,272.093
4,100,0.119188,300
5,100,0,228.129
6,100,0,216.188
7,100,0,238.759
8,100,0,283.289
9,100,4.83713,300
10,100,0,249.138
11,100,0,276.476
12,100,0,293.084
13,100,2.91068,300
14,100,6.44464,300
15,100,0,275.947
16,100,0.363425,300
17,100,2.55925,300
18,100,7.03885,300
19,100,7.53035,300
20,100,0.185007,300
21,100,6.08018,300
22,100,4.687,300
23,100,9.59428,300
24,100,9.80105,300
