node_id,initial_energy,remaining_energy,lifetime
0,100,6.33568,300
1,100,0,205.902
2,100,0,256.244
3,100,0,291.773
4,100,3.97434,300
5,100,0,221.092
6,100,0,202.155
7,100,0,206.897
8,100,0,272.096
9,100,7.04006,300
10,100,0,231.436
11,100,0,253.52
12,100,0,243.645
13,100,1.36937,300
14,100,3.04877,300
15,100,0,268.155
16,100,0,278.288
17,100,0,294.097
18,100,2.81317,300
19,100,9.18428,300
20,100,1.07876,300
21,100,2.45707,300
22,100,4.32837,300
23,100,9.49932,300
24,100,9.86495,300
