node_id,initial_energy,remaining_energy,lifetime
0,100,6.00943,300
1,100,0,173.6
2,100,0.024015,300
3,100,9.36016,300
4,100,9.85579,300
5,100,0,207.813
6,100,0,193.207
7,100,0,199.198
8,100,0,266.896
9,100,0,299.244
10,100,0,222.648
11,100,0,264.012
12,100,0,205.897
13,100,0,268.683
14,100,0,298.56
15,100,0,260.263
16,100,0,299.431
17,100,0,209.011
18,100,0,298.391
19,100,0,298.491
20,100,0,299.297
21,100,0.514164,300
22,100,0,241.375
23,100,0,270.75
24,100,0.546813,300
