node_id,initial_energy,remaining_energy,lifetime
0,100,6.65016,300
1,100,0,216.44
2,100,0,234.845
3,100,0,279.387
4,100,2.82154,300
5,100,0,223.783
6,100,0,195.4
7,100,0,213.511
8,100,0,250.471
9,100,2.81008,300
10,100,0,220.969
11,100,0,279.71
12,100,0,259.3
13,100,0,287.609
14,100,9.47634,300
15,100,0,277.96
16,100,0,287.539
17,100,0,288.648
18,100,6.92601,300
19,100,9.13925,300
20,100,0.667653,300
21,100,6.45048,300
22,100,3.00056,300
23,100,3.88597,300
24,100,4.87626,300
