node_id,initial_energy,remaining_energy,lifetime
0,100,6.79093,300
1,100,0,203.5
2,100,0,260.276
3,100,9.74061,300
4,100,9.81985,300
5,100,0,207.48
6,100,0,253.021
7,100,0,244.032
8,100,0,277.161
9,100,9.19377,300
10,100,0,245.357
11,100,0,245.926
12,100,0,276.769
13,100,0,266.16
14,100,0,288.417
15,100,0.699725,300
16,100,1.32105,300
17,100,0,282.892
18,100,3.49976,300
19,100,4.76926,300
20,100,9.86741,300
21,100,9.03009,300
22,100,2.72311,300
23,100,8.94725,300
24,100,9.81817,300
