node_id,initial_energy,remaining_energy,lifetime
0,100,6.06972,300
1,100,0,203.664
2,100,0,242.453
3,100,1.69978,300
4,100,9.37892,300
5,100,0,233.264
6,100,0,246.939
7,100,0,225.646
8,100,0,256.008
9,100,9.41863,300
10,100,0,252.44
11,100,0,259.863
12,100,0,290.333
13,100,0,275.694
14,100,9.34278,300
15,100,0,271.173
16,100,0,285.891
17,100,3.37919,300
18,100,0,296.484
19,100,3.72669,300
20,100,1.24188,300
21,100,2.84329,300
22,100,3.89036,300
23,100,4.64463,300
24,100,5.36139,300
