node_id,initial_energy,remaining_energy,lifetime
0,100,6.59254,300
1,100,0,209.126
2,100,0,261.487
3,100,0,297.245
4,100,4.55795,300
5,100,0,230.874
6,100,0,209.044
7,100,0,226.822
8,100,0,274.963
9,100,7.4986,300
10,100,0,255.254
11,100,0,274.698
12,100,0,271.241
13,100,0,299.287
14,100,3.44655,300
15,100,0,297.344
16,100,0,292.009
17,100,4.53774,300
18,100,0.623577,300
19,100,9.13248,300
20,100,9.33495,300
21,100,2.81936,300
22,100,8.10592,300
23,100,7.46625,300
24,100,9.84456,300
