node_id,initial_energy,remaining_energy,lifetime
0,100,6.70142,300
1,100,0,217.909
2,100,0,217.058
3,100,0,273.562
4,100,1.50092,300
5,100,0,224.004
6,100,0,203.263
7,100,0,218.793
8,100,1.95416,300
9,100,9.21821,300
10,100,0,235.415
11,100,0,264.08
12,100,0,261.362
13,100,0,277.442
14,100,0,290.901
15,100,0,268.87
16,100,0,295.77
17,100,0,279.151
18,100,3.88776,300
19,100,5.4486,300
20,100,0.771298,300
21,100,1.65225,300
22,100,2.0231,300
23,100,7.49042,300
24,100,9.76497,300
