node_id,initial_energy,remaining_energy,lifetime
0,100,6.16183,300
1,100,0,183.506
2,100,0,226.57
3,100,0,252.096
4,100,2.91429,300
5,100,0,194.785
6,100,0,221.453
7,100,0,234.494
8,100,0,230.826
9,100,2.07075,300
10,100,0,243.15
11,100,0,253.354
12,100,0.0773729,300
13,100,0,256.574
14,100,1.91982,300
15,100,0,278.074
16,100,0,283.632
17,100,6.1156,300
18,100,0,284.985
19,100,2.15184,300
20,100,2.12227,300
21,100,1.32972,300
22,100,6.80973,300
23,100,2.88141,300
24,100,6.35462,300
