node_id,initial_energy,remaining_energy,lifetime
0,100,6.26149,300
1,100,0,193.831
2,100,0,292.878
3,100,8.9933,300
4,100,9.7662,300
5,100,0,190.92
6,100,0,192.186
7,100,0,217.69
8,100,0,201.486
9,100,0,262.15
10,100,0,243.786
11,100,0,267.48
12,100,0,273.707
13,100,0,268.731
14,100,0,288.921
15,100,0,277.205
16,100,0.705174,300
17,100,0,276.313
18,100,5.37456,300
19,100,4.41512,300
20,100,2.50672,300
21,100,1.39314,300
22,100,1.95756,300
23,100,5.74773,300
24,100,8.10391,300
