node_id,initial_energy,remaining_energy,lifetime
0,100,6.53646,300
1,100,0,204.57
2,100,0,260.926
3,100,0,294.121
4,100,1.86389,300
5,100,0,202.144
6,100,0,213.452
7,100,0,213.152
8,100,0,286.832
9,100,1.22275,300
10,100,0,248.596
11,100,0,294.743
12,100,0,257.705
13,100,1.55074,300
14,100,6.51392,300
15,100,0.773619,300
16,100,6.9475,300
17,100,0,286.002
18,100,1.95823,300
19,100,6.66202,300
20,100,1.76566,300
21,100,9.35604,300
22,100,2.99207,300
23,100,9.14562,300
24,100,8.40767,300
