node_id,initial_energy,remaining_energy,lifetime
0,100,6.0038,300
1,100,0,202.518
2,100,0,287.163
3,100,8.10318,300
4,100,8.86351,300
5,100,0,232.52
6,100,0,196.859
7,100,0,212.776
8,100,0,187.144
9,100,0,247.801
10,100,0,285.674
11,100,0,245.376
12,100,0,249.443
13,100,0,253.981
14,100,0,273.059
15,100,0,291.805
16,100,8.48552,300
17,100,0,255.245
18,100,3.65175,300
19,100,1.12062,300
20,100,0,296.393
21,100,9.36473,300
22,100,0.765232,300
23,100,4.22925,300
24,100,7.04443,300
