node_id,initial_energy,remaining_energy,lifetime
0,100,6.7011,300
1,100,0,221.93
2,100,0,231.412
3,100,0,268.553
4,100,0.344628,300
5,100,0,222.662
6,100,0,189.537
7,100,0,190.317
8,100,0,233.661
9,100,6.35093,300
10,100,0,247.102
11,100,0,286.356
12,100,0,249.217
13,100,0,271.241
14,100,0,277.025
15,100,0,290.262
16,100,0,277.36
17,100,2.63348,300
18,100,8.98769,300
19,100,1.58982,300
20,100,8.79951,300
21,100,0,299.591
22,100,6.96312,300
23,100,9.68963,300
24,100,9.86287,300
