node_id,initial_energy,remaining_energy,lifetime
0,100,7.01543,300
1,100,0,199.298
2,100,0,260.153
3,100,0,290.332
4,100,6.49955,300
5,100,0,204.196
6,100,0,203.75
7,100,0,241.897
8,100,0,294.938
9,100,4.54246,300
10,100,0,249.951
11,100,0,280.634
12,100,0,272.763
13,100,9.07939,300
14,100,9.25704,300
15,100,0,298.201
16,100,3.61332,300
17,100,0,273.471
18,100,9.14585,300
19,100,9.32279,300
20,100,0.437098,300
21,100,9.42242,300
22,100,1.02308,300
23,100,9.16439,300
24,100,9.87014,300
