node_id,initial_energy,remaining_energy,lifetime
0,100,7.13322,300
1,100,0,229.562
2,100,0,220.824
3,100,0,256.621
4,100,0,297.911
5,100,0,236.3
6,100,0,201.699
7,100,0,221.602
8,100,0,252.17
9,100,1.31263,300
10,100,0,252.797
11,100,0,283.137
12,100,0,274.017
13,100,1.31329,300
14,100,9.53523,300
15,100,0,291.348
16,100,0,292.437
17,100,2.59469,300
18,100,7.58627,300
19,100,9.21529,300
20,100,9.85561,300
21,100,9.59239,300
22,100,2.99336,300
23,100,6.37491,300
24,100,7.46837,300
