node_id,initial_energy,remaining_energy,lifetime
0,100,6.33033,300
1,100,0,211.678
2,100,0,260.522
3,100,9.69553,300
4,100,9.81388,300
5,100,0,236.441
6,100,0,252.21
7,100,0,231.202
8,100,0,260.271
9,100,9.24649,300
10,100,0,256.253
11,100,0,263.188
12,100,0,264.088
13,100,0,237.303
14,100,0,271.788
15,100,0,293.978
16,100,5.30769,300
17,100,0,263.757
18,100,0,299.586
19,100,2.45143,300
20,100,9.86953,300
21,100,8.87668,300
22,100,0.110399,300
23,100,7.30458,300
24,100,9.2653,300
