node_id,initial_energy,remaining_energy,lifetime
0,100,7.00457,300
1,100,0,223.421
2,100,0,243.701
3,100,0,260.265
4,100,0,297.297
5,100,0,229.871
6,100,0,209.972
7,100,0,230.808
8,100,3.7933,300
9,100,9.08263,300
10,100,0,254.134
11,100,0,270.548
12,100,0,279.16
13,100,0,296.623
14,100,0.690107,300
15,100,0,294.506
16,100,0.389957,300
17,100,1.3203,300
18,100,4.0653,300
19,100,5.25441,300
20,100,0,296.936
21,100,1.0605,300
22,100,2.18314,300
23,100,4.81287,300
24,100,9.63028,300
