node_id,initial_energy,remaining_energy,lifetime
0,100,7.76749,300
1,100,0,235.638
2,100,0,291.241
3,100,0,291.592
4,100,0,293.376
5,100,0,261.937
6,100,0,262.839
7,100,6.67922,300
8,100,8.65398,300
9,100,9.00895,300
10,100,1.40306,300
11,100,0,298.819
12,100,6.6199,300
13,100,8.70055,300
14,100,9.55612,300
15,100,0.568905,300
16,100,3.81221,300
17,100,9.15543,300
18,100,8.87565,300
19,100,9.20028,300
20,100,0,292.254
21,100,5.54888,300
22,100,9.62854,300
23,100,9.68314,300
24,100,9.86223,300
