node_id,initial_energy,remaining_energy,lifetime
0,100,6.61273,300
1,100,0,213.907
2,100,0,260.425
3,100,0,289.126
4,100,6.73272,300
5,100,0,224.432
6,100,0,240.848
7,100,0,210.337
8,100,0,263.472
9,100,9.10694,300
10,100,0,251.471
11,100,0,236.712
12,100,0,274.877
13,100,0,286.969
14,100,9.43798,300
15,100,0,294.461
16,100,0,268.494
17,100,0.106621,300
18,100,0,288.183
19,100,4.74118,300
20,100,0,296.83
21,100,0.152649,300
22,100,0.998887,300
23,100,1.38235,300
24,100,1.94166,300
