node_id,initial_energy,remaining_energy,lifetime
0,100,6.66296,300
1,100,0,184.202
2,100,0,256.249
3,100,0,284.196
4,100,9.77603,300
5,100,0,201.467
6,100,0,223.951
7,100,0,251.388
8,100,0,233.595
9,100,0.322313,300
10,100,0,233.015
11,100,0,247.914
12,100,5.84298,300
13,100,0,268.479
14,100,3.44634,300
15,100,0,268.406
16,100,0,281.807
17,100,6.29085,300
18,100,0.424249,300
19,100,3.79128,300
20,100,0.570283,300
21,100,1.80511,300
22,100,6.99497,300
23,100,9.2968,300
24,100,9.84566,300
