node_id,initial_energy,remaining_energy,lifetime
0,100,6.8417,300
1,100,0,247.559
2,100,0,295.534
3,100,0,290.057
4,100,9.81218,300
5,100,0,218.401
6,100,0,237.053
7,100,0,290.039
8,100,0,255.478
9,100,0.309138,300
10,100,0,273.698
11,100,0,251.968
12,100,3.535,300
13,100,0,290.989
14,100,9.55758,300
15,100,3.85225,300
16,100,0,290.976
17,100,7.86078,300
18,100,0.0351458,300
19,100,9.67123,300
20,100,0.560912,300
21,100,5.03686,300
22,100,7.93815,300
23,100,8.67482,300
24,100,9.86438,300
