node_id,initial_energy,remaining_energy,lifetime
0,100,7.68698,300
1,100,0,257.725
2,100,0,298.195
3,100,0.863687,300
4,100,0,297.674
5,100,0,263.656
6,100,0,213.752
7,100,0,245.554
8,100,3.18163,300
9,100,6.15542,300
10,100,0,284.605
11,100,0.464516,300
12,100,0,291.417
13,100,6.49639,300
14,100,9.64858,300
15,100,0,289.823
16,100,2.60698,300
17,100,8.78256,300
18,100,9.15021,300
19,100,9.20631,300
20,100,9.85791,300
21,100,9.72781,300
22,100,9.68618,300
23,100,9.62562,300
24,100,9.83151,300
