node_id,initial_energy,remaining_energy,lifetime
0,100,7.45305,300
1,100,0,230.524
2,100,0,275.802
3,100,9.72604,300
4,100,9.83179,300
5,100,0,264.248
6,100,0,281.08
7,100,0,272.688
8,100,0,268.735
9,100,9.1977,300
10,100,0.140309,300
11,100,0,280.772
12,100,0,284.919
13,100,0,263.569
14,100,0,293.427
15,100,9.68662,300
16,100,5.25924,300
17,100,0,289.359
18,100,0,298.51
19,100,4.47354,300
20,100,9.8722,300
21,100,8.99713,300
22,100,0,292.615
23,100,9.18507,300
24,100,9.4242,300
