node_id,initial_energy,remaining_energy,lifetime
0,100,7.57494,300
1,100,0,241.924
2,100,0,266.37
3,100,2.06973,300
4,100,0.532184,300
5,100,0,251.525
6,100,0,224.136
7,100,0,233.727
8,100,0,289.552
9,100,6.15164,300
10,100,0,286.404
11,100,3.9179,300
12,100,0,286.856
13,100,3.00893,300
14,100,3.64897,300
15,100,8.63779,300
16,100,3.37825,300
17,100,4.89347,300
18,100,9.06442,300
19,100,3.64578,300
20,100,8.9182,300
21,100,0,299.738
22,100,6.39091,300
23,100,9.67072,300
24,100,9.84456,300
