node_id,initial_energy,remaining_energy,lifetime
0,100,7.43343,300
1,100,0,240.867
2,100,0.11996,300
3,100,8.89084,300
4,100,8.96186,300
5,100,0,266.641
6,100,0,266.122
7,100,0,262.22
8,100,0,292.064
9,100,8.82228,300
10,100,0,293.586
11,100,0,267.009
12,100,0,296.711
13,100,0,294.184
14,100,9.30554,300
15,100,9.30337,300
16,100,0,267.613
17,100,8.15836,300
18,100,0,294.844
19,100,3.16311,300
20,100,9.77331,300
21,100,0,299.133
22,100,8.69311,300
23,100,4.1951,300
24,100,4.63981,300
