node_id,initial_energy,remaining_energy,lifetime
0,100,7.21062,300
1,100,0,245.162
2,100,1.12531,300
3,100,0,291.667
4,100,5.83706,300
5,100,0,217.163
6,100,0,240.09
7,100,0,274.264
8,100,5.16866,300
9,100,4.96941,300
10,100,0,256.784
11,100,4.44144,300
12,100,0,295.838
13,100,9.04116,300
14,100,9.63477,300
15,100,0,296.248
16,100,6.84459,300
17,100,2.35079,300
18,100,9.14134,300
19,100,9.68003,300
20,100,0.0911782,300
21,100,9.47584,300
22,100,3.05028,300
23,100,9.16205,300
24,100,9.8611,300
