node_id,initial_energy,remaining_energy,lifetime
0,100,7.04816,300
1,100,0,241.76
2,100,0,281.844
3,100,8.3961,300
4,100,8.94029,300
5,100,0,254.892
6,100,0,235.484
7,100,0,266.455
8,100,0,209.372
9,100,0,274.466
10,100,0,292.059
11,100,0,288.978
12,100,6.15033,300
13,100,0,237.38
14,100,0.619137,300
15,100,0,292.059
16,100,9.0677,300
17,100,7.42374,300
18,100,8.85864,300
19,100,9.18906,300
20,100,0,295.772
21,100,9.63086,300
22,100,9.34064,300
23,100,9.14158,300
24,100,9.8271,300
