node_id,initial_energy,remaining_energy,lifetime
0,100,6.94062,300
1,100,0,207.407
2,100,0,241.071
3,100,0,268.292
4,100,0.555155,300
5,100,0,191.947
6,100,0,189.864
7,100,0,294.461
8,100,0,297.986
9,100,0,299.84
10,100,0,261.441
11,100,0,235.532
12,100,8.4638,300
13,100,9.30335,300
14,100,9.68783,300
15,100,0,298.84
16,100,0,267.954
17,100,0,267.825
18,100,9.30042,300
19,100,9.71424,300
20,100,0.519521,300
21,100,9.68018,300
22,100,0.26153,300
23,100,9.31496,300
24,100,9.87407,300
