node_id,initial_energy,remaining_energy,lifetime
0,100,7.81385,300
1,100,0,257.552
2,100,0,287.747
3,100,0,291.079
4,100,0,292.846
5,100,0,253.654
6,100,0,265.856
7,100,6.11353,300
8,100,8.41385,300
9,100,9.04514,300
10,100,0,269.377
11,100,0,272.787
12,100,8.05989,300
13,100,7.34873,300
14,100,6.95343,300
15,100,1.97119,300
16,100,2.70161,300
17,100,7.5152,300
18,100,8.65051,300
19,100,7.79157,300
20,100,0,293.966
21,100,4.65522,300
22,100,9.62748,300
23,100,9.67742,300
24,100,9.8592,300
