node_id,initial_energy,remaining_energy,lifetime
0,100,8.12697,300
1,100,0,294.421
2,100,9.31171,300
3,100,9.04107,300
4,100,9.78344,300
5,100,0,227.133
6,100,0,286.48
7,100,3.89217,300
8,100,8.83925,300
9,100,9.20487,300
10,100,0,255.04
11,100,3.92498,300
12,100,6.23438,300
13,100,9.17837,300
14,100,9.63811,300
15,100,0,292.292
16,100,7.50936,300
17,100,8.8193,300
18,100,9.17424,300
19,100,9.68886,300
20,100,0,296.378
21,100,9.48424,300
22,100,9.61489,300
23,100,9.20746,300
24,100,9.85538,300
