node_id,initial_energy,remaining_energy,lifetime
0,100,7.88072,300
1,100,0,275.317
2,100,7.7303,300
3,100,9.19297,300
4,100,9.8483,300
5,100,0,267.786
6,100,0,243.898
7,100,0,293.718
8,100,7.70699,300
9,100,9.66073,300
10,100,0,279.782
11,100,0,286.413
12,100,0,295.27
13,100,7.71275,300
14,100,9.63329,300
15,100,0,287.123
16,100,0,291.597
17,100,8.76531,300
18,100,9.01187,300
19,100,9.20138,300
20,100,9.84859,300
21,100,9.7193,300
22,100,9.43896,300
23,100,9.09391,300
24,100,9.62076,300
