node_id,initial_energy,remaining_energy,lifetime
0,100,7.75059,300
1,100,0,254.243
2,100,0,280.901
3,100,7.96437,300
4,100,8.46848,300
5,100,0,277.783
6,100,0,248.105
7,100,0,281.514
8,100,0,230.559
9,100,0,297.55
10,100,7.55954,300
11,100,0,280.476
12,100,6.50649,300
13,100,0,235.869
14,100,9.41602,300
15,100,9.1123,300
16,100,9.10766,300
17,100,7.66341,300
18,100,7.46822,300
19,100,9.21407,300
20,100,9.84351,300
21,100,9.72908,300
22,100,8.77518,300
23,100,7.2394,300
24,100,9.8489,300
