node_id,initial_energy,remaining_energy,lifetime
0,100,7.82438,300
1,100,0,242.958
2,100,0,281.616
3,100,9.75336,300
4,100,9.87028,300
5,100,0,276.807
6,100,0,291.384
7,100,0,298.589
8,100,4.86201,300
9,100,9.16494,300
10,100,3.31127,300
11,100,0,283.795
12,100,0,290.687
13,100,7.26655,300
14,100,6.61424,300
15,100,9.67589,300
16,100,4.57245,300
17,100,0,289.465
18,100,9.14973,300
19,100,7.61828,300
20,100,9.85529,300
21,100,9.06927,300
22,100,0,292.787
23,100,9.20011,300
24,100,9.85879,300
