node_id,initial_energy,remaining_energy,lifetime
0,100,8.43568,300
1,100,0,284.203
2,100,0.325359,300
3,100,5.60782,300
4,100,4.87294,300
5,100,0,280.412
6,100,0,271.942
7,100,0,281.607
8,100,7.50331,300
9,100,7.99678,300
10,100,0,298.988
11,100,0,259.367
12,100,0,289.073
13,100,8.98512,300
14,100,9.64565,300
15,100,9.18926,300
16,100,0,260.324
17,100,8.87906,300
18,100,9.0148,300
19,100,9.22523,300
20,100,9.37868,300
21,100,0,295.254
22,100,9.4132,300
23,100,9.42053,300
24,100,9.66315,300
