node_id,initial_energy,remaining_energy,lifetime
0,100,7.56459,300
1,100,0,257.475
2,100,0.968548,300
3,100,0,294.925
4,100,9.8555,300
5,100,0,241.506
6,100,0,240.036
7,100,0,296.685
8,100,0,283.88
9,100,9.26074,300
10,100,2.15883,300
11,100,0,247.963
12,100,1.6143,300
13,100,0,291.247
14,100,9.64654,300
15,100,1.95823,300
16,100,0,283.889
17,100,7.63246,300
18,100,0,292.649
19,100,9.69769,300
20,100,0,297.077
21,100,5.27174,300
22,100,8.26444,300
23,100,8.80709,300
24,100,9.8466,300
