node_id,initial_energy,remaining_energy,lifetime
0,100,6.97951,300
1,100,0,207.384
2,100,0,242.939
3,100,0,266.494
4,100,0,299.918
5,100,0,204.816
6,100,0,240.821
7,100,0,294.205
8,100,0,296.56
9,100,0,298.118
10,100,0,261.245
11,100,0,296.836
12,100,9.01331,300
13,100,9.29664,300
14,100,9.66325,300
15,100,0,296.593
16,100,0,296.593
17,100,0,296.636
18,100,9.28386,300
19,100,9.71156,300
20,100,0,299.955
21,100,9.69781,300
22,100,0,299.323
23,100,9.29963,300
24,100,9.87647,300
