node_id,initial_energy,remaining_energy,lifetime
0,100,6.33678,300
1,100,0,207.63
2,100,0,293.173
3,100,9.00462,300
4,100,9.21142,300
5,100,0,233.095
6,100,0,214.103
7,100,0,245.586
8,100,0,217.735
9,100,0,268.881
10,100,0,290.381
11,100,0,286.6
12,100,4.95892,300
13,100,0,248.781
14,100,0.203366,300
15,100,0,291.825
16,100,9.13978,300
17,100,5.72731,300
18,100,0.560454,300
19,100,9.00438,300
20,100,0,295.366
21,100,9.69342,300
22,100,6.58163,300
23,100,0,293.758
24,100,1.20862,300
