node_id,initial_energy,remaining_energy,lifetime
0,100,7.26565,300
1,100,0,229.944
2,100,0,272.018
3,100,0,265.972
4,100,0,296.444
5,100,0,242.159
6,100,0,200.041
7,100,0,220.696
8,100,0,293.09
9,100,6.27449,300
10,100,0,253.495
11,100,0,283.548
12,100,0,262.092
13,100,3.66,300
14,100,9.62229,300
15,100,0,291.385
16,100,0,290.577
17,100,0,298.068
18,100,4.5931,300
19,100,9.24314,300
20,100,9.85561,300
21,100,9.50031,300
22,100,0,296.981
23,100,3.27463,300
24,100,7.92524,300
