node_id,initial_energy,remaining_energy,lifetime
0,100,7.12946,300
1,100,0,205.178
2,100,0,290.291
3,100,0,285.067
4,100,5.18354,300
5,100,0,207.302
6,100,0,237.031
7,100,0,253.64
8,100,0,292.826
9,100,3.50169,300
10,100,0,259.076
11,100,6.49371,300
12,100,0,290.975
13,100,9.09188,300
14,100,9.63887,300
15,100,0,297.13
16,100,6.6495,300
17,100,0,298.399
18,100,9.14464,300
19,100,9.67673,300
20,100,0.201359,300
21,100,9.46734,300
22,100,0.171974,300
23,100,9.17651,300
24,100,9.86363,300
