node_id,initial_energy,remaining_energy,lifetime
0,100,7.00394,300
1,100,0,199.725
2,100,0,269.552
3,100,1.37237,300
4,100,9.81259,300
5,100,0,211.532
6,100,0,232.95
7,100,0,286.932
8,100,0,259.089
9,100,0,299.382
10,100,0,270.699
11,100,0,254.525
12,100,5.95637,300
13,100,0,290.437
14,100,9.61228,300
15,100,1.72207,300
16,100,0,288.506
17,100,8.97397,300
18,100,0,299.355
19,100,9.679,300
20,100,0.00700934,300
21,100,6.77606,300
22,100,9.59928,300
23,100,9.25406,300
24,100,9.86438,300
