node_id,initial_energy,remaining_energy,lifetime
0,100,7.00077,300
1,100,0,216.412
2,100,0,267.716
3,100,9.69409,300
4,100,9.81011,300
5,100,0,250.416
6,100,0,261.103
7,100,0,251.962
8,100,0,286.325
9,100,9.21834,300
10,100,0,268.395
11,100,0,289.052
12,100,0,296.676
13,100,0,286.557
14,100,0,296.569
15,100,0,291.887
16,100,6.91192,300
17,100,0,294.787
18,100,4.65769,300
19,100,2.66714,300
20,100,9.8722,300
21,100,8.96738,300
22,100,0,297.677
23,100,9.20614,300
24,100,8.5557,300
