node_id,initial_energy,remaining_energy,lifetime
0,100,7.53812,300
1,100,0,251.357
2,100,0,248.391
3,100,0,253.278
4,100,0,294.44
5,100,0,241.182
6,100,0,251.589
7,100,0,251.594
8,100,6.64345,300
9,100,8.98917,300
10,100,0,266.259
11,100,0,278.579
12,100,0,296.411
13,100,5.70422,300
14,100,5.89954,300
15,100,1.20698,300
16,100,3.95113,300
17,100,8.35309,300
18,100,8.45768,300
19,100,6.84671,300
20,100,0,293.866
21,100,5.45347,300
22,100,9.60112,300
23,100,9.02271,300
24,100,9.8592,300
