node_id,initial_energy,remaining_energy,lifetime
0,100,7.1344,300
1,100,0,232.663
2,100,0,260.338
3,100,1.5932,300
4,100,0,299.973
5,100,0,229.612
6,100,0,200.904
7,100,0,237.449
8,100,0,290.288
9,100,6.90773,300
10,100,0,248.356
11,100,0,292.289
12,100,0,292.389
13,100,0.468198,300
14,100,1.09058,300
15,100,0,288.261
16,100,0,273.403
17,100,2.11124,300
18,100,8.99487,300
19,100,1.00326,300
20,100,9.04411,300
21,100,0,299.198
22,100,7.33644,300
23,100,9.65648,300
24,100,9.84992,300
