node_id,initial_energy,remaining_energy,lifetime
0,100,7.16147,300
1,100,0,235.139
2,100,0,290.265
3,100,5.75754,300
4,100,6.60015,300
5,100,0,245.24
6,100,0,257.76
7,100,0,260.244
8,100,0,266.919
9,100,9.32876,300
10,100,0,268.159
11,100,0,233.501
12,100,0,290.772
13,100,0,298.712
14,100,9.53301,300
15,100,8.47756,300
16,100,0,263.726
17,100,7.10701,300
18,100,0,298.538
19,100,6.11734,300
20,100,9.3613,300
21,100,0,297.036
22,100,7.70081,300
23,100,1.45518,300
24,100,1.98095,300
