node_id,initial_energy,remaining_energy,lifetime
0,100,8.27202,300
1,100,0,249.947
2,100,0,290.828
3,100,0,291.461
4,100,0,293.076
5,100,0,281.098
6,100,2.78812,300
7,100,7.01896,300
8,100,8.4906,300
9,100,8.94142,300
10,100,1.00816,300
11,100,1.92073,300
12,100,7.84479,300
13,100,8.78382,300
14,100,9.52981,300
15,100,0,299.588
16,100,3.1304,300
17,100,9.01341,300
18,100,8.95463,300
19,100,9.18768,300
20,100,0,287.229
21,100,4.65298,300
22,100,9.60925,300
23,100,9.65945,300
24,100,9.84866,300
