node_id,initial_energy,remaining_energy,lifetime
0,100,7.02263,300
1,100,0,241.61
2,100,0,280.287
3,100,7.97625,300
4,100,8.50053,300
5,100,0,250.969
6,100,0,233.906
7,100,0,260.877
8,100,0,213.1
9,100,0,270.563
10,100,0,289.713
11,100,0,289.513
12,100,7.53902,300
13,100,0,241.838
14,100,0.20119,300
15,100,0,291.192
16,100,9.03375,300
17,100,8.67413,300
18,100,8.71692,300
19,100,9.1864,300
20,100,0,294.575
21,100,9.59458,300
22,100,9.35194,300
23,100,9.0523,300
24,100,9.83097,300
