node_id,initial_energy,remaining_energy,lifetime
0,100,8.80398,300
1,100,0,284.717
2,100,0,292.48
3,100,0,295.786
4,100,0,297.763
5,100,0,296.148
6,100,3.18558,300
7,100,6.95516,300
8,100,7.84936,300
9,100,8.58991,300
10,100,2.2928,300
11,100,3.65287,300
12,100,8.16413,300
13,100,8.4602,300
14,100,9.12306,300
15,100,1.77672,300
16,100,4.01794,300
17,100,8.63629,300
18,100,8.9177,300
19,100,8.86373,300
20,100,0,295.298
21,100,5.18618,300
22,100,9.60549,300
23,100,9.13575,300
24,100,9.53128,300
