node_id,initial_energy,remaining_energy,lifetime
0,100,7.69557,300
1,100,0,246.092
2,100,0,267.149
3,100,2.81328,300
4,100,1.33181,300
5,100,0,252.953
6,100,0,229.323
7,100,0,229.869
8,100,0,284.434
9,100,6.41412,300
10,100,0,286.998
11,100,4.85673,300
12,100,0,287.813
13,100,3.88532,300
14,100,4.83982,300
15,100,9.22127,300
16,100,4.10496,300
17,100,5.05439,300
18,100,9.06293,300
19,100,4.69254,300
20,100,9.48286,300
21,100,1.42789,300
22,100,6.65892,300
23,100,9.67764,300
24,100,9.86975,300
