node_id,initial_energy,remaining_energy,lifetime
0,100,7.61737,300
1,100,0,252.314
2,100,0,271.463
3,100,0,294.088
4,100,0,296.897
5,100,0,249.77
6,100,0,252.178
7,100,0,258.846
8,100,6.85765,300
9,100,9.11378,300
10,100,0,270.117
11,100,0,279.587
12,100,0,292.226
13,100,4.83989,300
14,100,5.32515,300
15,100,2.33688,300
16,100,3.69733,300
17,100,6.21625,300
18,100,8.86215,300
19,100,7.02819,300
20,100,0,298.318
21,100,5.59737,300
22,100,9.62429,300
23,100,9.67824,300
24,100,9.8592,300
