node_id,initial_energy,remaining_energy,lifetime
0,100,7.15012,300
1,100,0,242.677
2,100,0,299.746
3,100,0,290.956
4,100,4.75162,300
5,100,0,217.381
6,100,0,241.307
7,100,0,261.688
8,100,4.96706,300
9,100,3.80591,300
10,100,0,262.549
11,100,5.60366,300
12,100,0,283.481
13,100,9.05119,300
14,100,9.64024,300
15,100,0.525453,300
16,100,6.95925,300
17,100,0.445537,300
18,100,9.14654,300
19,100,9.6874,300
20,100,1.52351,300
21,100,9.51332,300
22,100,1.25602,300
23,100,9.17461,300
24,100,9.86495,300
