node_id,initial_energy,remaining_energy,lifetime
0,100,6.83672,300
1,100,0,242.318
2,100,0,295.443
3,100,0,284.83
4,100,9.78351,300
5,100,0,220.075
6,100,0,235.57
7,100,0,293.703
8,100,0,251.376
9,100,0.667042,300
10,100,0,272.03
11,100,0,251.328
12,100,3.67058,300
13,100,0,288.455
14,100,9.53774,300
15,100,3.44213,300
16,100,0,287.695
17,100,7.97404,300
18,100,0,298.207
19,100,9.66159,300
20,100,0.350711,300
21,100,5.24996,300
22,100,8.03965,300
23,100,8.64224,300
24,100,9.86438,300
