node_id,initial_energy,remaining_energy,lifetime
0,100,7.7428,300
1,100,0,255.987
2,100,0,298.315
3,100,0.542806,300
4,100,0,294.848
5,100,0,266.325
6,100,0,215.644
7,100,0,245.41
8,100,3.16977,300
9,100,5.65104,300
10,100,0,284.496
11,100,3.16447,300
12,100,0,292.046
13,100,7.06464,300
14,100,9.64751,300
15,100,0,289.778
16,100,4.99407,300
17,100,8.97688,300
18,100,9.13815,300
19,100,9.20391,300
20,100,9.84859,300
21,100,9.7193,300
22,100,9.69796,300
23,100,9.62562,300
24,100,9.83031,300
