node_id,initial_energy,remaining_energy,lifetime
0,100,6.26823,300
1,100,0,213.169
2,100,0,291.887
3,100,8.95557,300
4,100,9.69481,300
5,100,0,239.357
6,100,0,213.174
7,100,0,252.251
8,100,0,209.454
9,100,0,294.321
10,100,0,291.118
11,100,0,260.412
12,100,0,268.131
13,100,0,255.675
14,100,3.91056,300
15,100,0,295.641
16,100,8.69835,300
17,100,0,272.604
18,100,6.89788,300
19,100,9.18034,300
20,100,0,299.161
21,100,9.40633,300
22,100,1.74856,300
23,100,6.85058,300
24,100,9.0653,300
