node_id,initial_energy,remaining_energy,lifetime
0,100,6.96208,300
1,100,0,223.986
2,100,0,271.259
3,100,0,289.886
4,100,6.69419,300
5,100,0,241.533
6,100,0,243.724
7,100,0,231.014
8,100,0,274.135
9,100,9.15977,300
10,100,0,274.613
11,100,0,248.59
12,100,0,283.566
13,100,0.0502769,300
14,100,9.4082,300
15,100,9.57237,300
16,100,0,280.331
17,100,1.96451,300
18,100,0.927027,300
19,100,5.02977,300
20,100,9.79182,300
21,100,2.66664,300
22,100,1.88915,300
23,100,5.03674,300
24,100,6.53402,300
