node_id,initial_energy,remaining_energy,lifetime
0,100,6.58025,300
1,100,0,190.464
2,100,0,265.669
3,100,0,299.059
4,100,9.78379,300
5,100,0,203.368
6,100,0,232.993
7,100,0,281.849
8,100,0,241.701
9,100,0.932102,300
10,100,0,245.23
11,100,0,263.574
12,100,6.13505,300
13,100,0,267.615
14,100,3.01133,300
15,100,0,280.336
16,100,0,293.783
17,100,7.0805,300
18,100,0.765009,300
19,100,3.41964,300
20,100,1.3735,300
21,100,4.58651,300
22,100,6.95378,300
23,100,8.4738,300
24,100,9.84468,300
