node_id,initial_energy,remaining_energy,lifetime
0,100,7.7482,300
1,100,0,243.653
2,100,0,294.184
3,100,0,295.47
4,100,0,297.495
5,100,0,263.182
6,100,0,266.752
7,100,7.24512,300
8,100,8.95916,300
9,100,9.03359,300
10,100,3.79324,300
11,100,0,296.022
12,100,4.57331,300
13,100,9.13855,300
14,100,9.50569,300
15,100,3.37022,300
16,100,3.6616,300
17,100,8.89766,300
18,100,9.15011,300
19,100,9.18939,300
20,100,0.374247,300
21,100,5.39052,300
22,100,9.60782,300
23,100,9.67354,300
24,100,9.85508,300
