node_id,initial_energy,remaining_energy,lifetime
0,100,7.29215,300
1,100,0,229.125
2,100,0,267.074
3,100,9.72767,300
4,100,9.82953,300
5,100,0,261.282
6,100,0,282.006
7,100,0,262.056
8,100,0,293.48
9,100,9.21579,300
10,100,0,276.341
11,100,0.481789,300
12,100,1.92428,300
13,100,0,284.288
14,100,0,294.843
15,100,0,292.499
16,100,7.8556,300
17,100,7.23003,300
18,100,3.42244,300
19,100,4.38131,300
20,100,9.5707,300
21,100,9.1953,300
22,100,9.26316,300
23,100,8.99822,300
24,100,9.32529,300
