node_id,initial_energy,remaining_energy,lifetime
0,100,6.76281,300
1,100,0,230.139
2,100,0,243.145
3,100,0,281.302
4,100,2.48975,300
5,100,0,223.908
6,100,0,203.746
7,100,0,200.342
8,100,0,240.236
9,100,6.8424,300
10,100,0,254.031
11,100,0,293.06
12,100,0,281.907
13,100,0,283.607
14,100,0,286.678
15,100,0,298.032
16,100,0,288.591
17,100,3.61145,300
18,100,9.04125,300
19,100,2.97083,300
20,100,9.36422,300
21,100,2.23979,300
22,100,7.77129,300
23,100,9.67989,300
24,100,9.86012,300
