node_id,initial_energy,remaining_energy,lifetime
0,100,7.11784,300
1,100,0,227.715
2,100,0,244.23
3,100,0,263.078
4,100,0,298.768
5,100,0,235.812
6,100,0,214.888
7,100,0,232.666
8,100,4.86019,300
9,100,9.14673,300
10,100,0,267.888
11,100,0,281.412
12,100,0,276.413
13,100,0.481403,300
14,100,2.92909,300
15,100,2.79128,300
16,100,4.59756,300
17,100,0.48795,300
18,100,5.22796,300
19,100,6.90053,300
20,100,0.0368776,300
21,100,5.54167,300
22,100,1.57083,300
23,100,6.24586,300
24,100,9.80105,300
