node_id,initial_energy,remaining_energy,lifetime
0,100,6.97471,300
1,100,0,205.647
2,100,0,263.344
3,100,0,297.092
4,100,6.94214,300
5,100,0,207.794
6,100,0,209.879
7,100,0,245.213
8,100,0.895796,300
9,100,6.27922,300
10,100,0,258.782
11,100,0,291.15
12,100,0,272.989
13,100,9.05002,300
14,100,9.64151,300
15,100,0.104127,300
16,100,6.78599,300
17,100,0,289.804
18,100,9.09478,300
19,100,9.67659,300
20,100,1.08799,300
21,100,9.47417,300
22,100,4.35744,300
23,100,9.17239,300
24,100,9.85449,300
