node_id,initial_energy,remaining_energy,lifetime
0,100,6.30668,300
1,100,0,187.649
2,100,0,228.727
3,100,0,259.222
4,100,0,266.63
5,100,0,196.059
6,100,0,202.512
7,100,0,194.685
8,100,0,250.91
9,100,0,266.801
10,100,0,234.179
11,100,0,295.933
12,100,0,253.92
13,100,0,276.215
14,100,1.03784,300
15,100,0,275.381
16,100,7.57789,300
17,100,0,282.701
18,100,1.60785,300
19,100,6.6494,300
20,100,1.96518,300
21,100,9.34127,300
22,100,2.80175,300
23,100,8.89556,300
24,100,8.99277,300
