node_id,initial_energy,remaining_energy,lifetime
0,100,6.39717,300
1,100,0,195.327
2,100,0,246.237
3,100,0,283.716
4,100,2.97077,300
5,100,0,198.232
6,100,0,193.184
7,100,0,219.185
8,100,0,237.482
9,100,0,298.3
10,100,0,232.933
11,100,0,286.216
12,100,0,283.79
13,100,0,285.027
14,100,4.44166,300
15,100,0,278.543
16,100,0,293.19
17,100,3.90779,300
18,100,4.49654,300
19,100,9.21158,300
20,100,0.858882,300
21,100,6.9471,300
22,100,6.43575,300
23,100,5.99206,300
24,100,7.40583,300
