node_id,initial_energy,remaining_energy,lifetime
0,100,6.19518,300
1,100,0,195.404
2,100,0,261.442
3,100,0,299.993
4,100,9.72124,300
5,100,0,189.141
6,100,0,197.237
7,100,0,199.213
8,100,0,198.033
9,100,0,277.624
10,100,0,243.072
11,100,0,249.105
12,100,0,252.144
13,100,0,243.477
14,100,0,299.757
15,100,0,275.458
16,100,1.06164,300
17,100,0,285.131
18,100,0,298.457
19,100,5.946,300
20,100,1.73755,300
21,100,2.1375,300
22,100,2.83408,300
23,100,5.53731,300
24,100,6.98297,300
