node_id,initial_energy,remaining_energy,lifetime
0,100,6.76894,300
1,100,0,198.561
2,100,0,246.987
3,100,4.65268,300
4,100,4.75918,300
5,100,0,203.664
6,100,0,225.156
7,100,0,262.715
8,100,3.67359,300
9,100,3.94446,300
10,100,0,222.833
11,100,0,236.922
12,100,0,279.803
13,100,3.75385,300
14,100,0.905511,300
15,100,0,270.266
16,100,0,279.103
17,100,0,281.757
18,100,8.84126,300
19,100,4.55961,300
20,100,0.788735,300
21,100,2.09678,300
22,100,2.65764,300
23,100,9.21334,300
24,100,9.55362,300
