node_id,initial_energy,remaining_energy,lifetime
0,100,6.24022,300
1,100,0,188.684
2,100,0,214.066
3,100,0,263.432
4,100,0,289.649
5,100,0,201.276
6,100,0,207.122
7,100,0,220.828
8,100,0,274.748
9,100,2.9156,300
10,100,0,260.515
11,100,0,278.683
12,100,0,275.581
13,100,0,262.926
14,100,0,285.727
15,100,0,284.375
16,100,2.09367,300
17,100,0,287.016
18,100,5.25979,300
19,100,4.59946,300
20,100,1.74874,300
21,100,5.97708,300
22,100,3.41113,300
23,100,9.58564,300
24,100,9.73861,300
