node_id,initial_energy,remaining_energy,lifetime
0,100,6.35274,300
1,100,0,201.772
2,100,0,242.889
3,100,1.55332,300
4,100,9.64415,300
5,100,0,207.639
6,100,0,216.798
7,100,0,223.364
8,100,0,247.266
9,100,9.29005,300
10,100,0,257.476
11,100,0,259.875
12,100,0,285.993
13,100,0,269.455
14,100,9.2846,300
15,100,0,273.556
16,100,0,287.43
17,100,2.68806,300
18,100,0,289.523
19,100,3.80801,300
20,100,1.66765,300
21,100,2.92436,300
22,100,3.235,300
23,100,7.10416,300
24,100,8.23783,300
