node_id,initial_energy,remaining_energy,lifetime
0,100,6.35167,300
1,100,0,201.858
2,100,0,255.291
3,100,0,293.738
4,100,3.32596,300
5,100,0,197.569
6,100,0,201.13
7,100,0,226.738
8,100,0,270.898
9,100,6.85274,300
10,100,0,249.34
11,100,0,271.259
12,100,0,272.18
13,100,0,297.472
14,100,0.278438,300
15,100,0,280.443
16,100,0,287.366
17,100,2.23283,300
18,100,4.22035,300
19,100,4.92647,300
20,100,2.20873,300
21,100,2.78431,300
22,100,4.33319,300
23,100,9.41075,300
24,100,9.84947,300
