node_id,initial_energy,remaining_energy,lifetime
0,100,7.19965,300
1,100,0,217.472
2,100,0,265.288
3,100,0,269.292
4,100,0.798665,300
5,100,0,223.822
6,100,0,264.103
7,100,7.60858,300
8,100,8.73226,300
9,100,8.72457,300
10,100,0,256.868
11,100,0,290.552
12,100,6.34811,300
13,100,9.0292,300
14,100,9.21515,300
15,100,0,285.995
16,100,3.18302,300
17,100,8.77958,300
18,100,9.10489,300
19,100,9.17302,300
20,100,2.04895,300
21,100,7.02908,300
22,100,9.55734,300
23,100,9.62428,300
24,100,9.82489,300
