node_id,initial_energy,remaining_energy,lifetime
0,100,8.55582,300
1,100,0,278.434
2,100,0,278.984
3,100,0,283.094
4,100,0,286.998
5,100,0,250.776
6,100,8.51565,300
7,100,6.6675,300
8,100,7.22464,300
9,100,9.705,300
10,100,0,251.82
11,100,0,249.524
12,100,0,250.814
13,100,0,284.267
14,100,9.68311,300
15,100,0,291.709
16,100,0,283.681
17,100,7.17112,300
18,100,0,283.956
19,100,9.27907,300
20,100,9.86719,300
21,100,9.28357,300
22,100,9.67213,300
23,100,0,285.997
24,100,0,288.583
