node_id,initial_energy,remaining_energy,lifetime
0,100,7.99527,300
1,100,0,232.013
2,100,0,291.103
3,100,0,290.903
4,100,0,290.203
5,100,5.12403,300
6,100,0,247.77
7,100,0,287.313
8,100,0,288.31
9,100,8.34384,300
10,100,7.09094,300
11,100,0,250.439
12,100,0,290.15
13,100,0,290.388
14,100,0,291.333
15,100,7.1123,300
16,100,0,277.956
17,100,0,277.96
18,100,0,281.073
19,100,0,286.066
20,100,9.84048,300
21,100,9.31018,300
22,100,8.55993,300
23,100,0,288.259
24,100,0,291.593
