node_id,initial_energy,remaining_energy,lifetime
0,100,7.52016,300
1,100,0,245.804
2,100,0,290.512
3,100,9.74585,300
4,100,9.86161,300
5,100,0,247.632
6,100,0,287.183
7,100,0,286.983
8,100,0,290.772
9,100,9.26784,300
10,100,0,291.142
11,100,0,288.957
12,100,8.42791,300
13,100,9.25615,300
14,100,9.64448,300
15,100,9.72084,300
16,100,0,290.67
17,100,0,288.969
18,100,0,288.853
19,100,0,292.186
20,100,9.87651,300
21,100,9.28493,300
22,100,9.60243,300
23,100,9.27947,300
24,100,9.86791,300
