node_id,initial_energy,remaining_energy,lifetime
0,100,7.96793,300
1,100,0,282.24
2,100,0,288.412
3,100,0,288.572
4,100,9.87591,300
5,100,0,245.312
6,100,0,279.322
7,100,8.98791,300
8,100,0,287.07
9,100,9.28709,300
10,100,0,289.449
11,100,0,277.697
12,100,8.36325,300
13,100,0,285.006
14,100,9.66434,300
15,100,0,288.326
16,100,0,282.127
17,100,9.03123,300
18,100,0,286.263
19,100,9.71656,300
20,100,0,288.081
21,100,8.45128,300
22,100,9.64518,300
23,100,9.28223,300
24,100,9.86434,300
