node_id,initial_energy,remaining_energy,lifetime
0,100,8.0694,300
1,100,5.30629,300
2,100,9.54847,300
3,100,9.26817,300
4,100,9.8822,300
5,100,0,234.136
6,100,3.79556,300
7,100,5.84748,300
8,100,8.4716,300
9,100,9.71048,300
10,100,0,221.68
11,100,0,262.105
12,100,0,283.423
13,100,8.46217,300
14,100,9.6741,300
15,100,0,288.275
16,100,0,251.749
17,100,0,290.499
18,100,8.46683,300
19,100,9.3254,300
20,100,8.70041,300
21,100,8.59413,300
22,100,0,291.824
23,100,0,294.826
24,100,9.87208,300
