node_id,initial_energy,remaining_energy,lifetime
0,100,7.00935,300
1,100,0,197.824
2,100,0,266.228
3,100,0,297.256
4,100,9.8284,300
5,100,0,207.075
6,100,0,241.342
7,100,0,290.842
8,100,0,259.089
9,100,0.558322,300
10,100,0,245.684
11,100,0,259.355
12,100,5.00217,300
13,100,0,290.738
14,100,9.58227,300
15,100,0,282.731
16,100,0,293.525
17,100,7.966,300
18,100,0.0853378,300
19,100,9.67711,300
20,100,1.17634,300
21,100,5.99028,300
22,100,8.18396,300
23,100,8.85339,300
24,100,9.86438,300
