node_id,initial_energy,remaining_energy,lifetime
0,100,7.54898,300
1,100,0,236.558
2,100,0,252.062
3,100,0,263.784
4,100,0,299.422
5,100,0,245.745
6,100,0,223.249
7,100,0,258.464
8,100,6.72746,300
9,100,9.10262,300
10,100,0,267.59
11,100,0,281.807
12,100,0,295.502
13,100,4.25726,300
14,100,5.35565,300
15,100,1.76264,300
16,100,2.79357,300
17,100,7.12861,300
18,100,8.77591,300
19,100,7.62913,300
20,100,0,295.108
21,100,5.21401,300
22,100,9.47129,300
23,100,9.11318,300
24,100,9.8592,300
