node_id,initial_energy,remaining_energy,lifetime
0,100,6.69711,300
1,100,0,219.201
2,100,0,282.667
3,100,8.26344,300
4,100,8.67813,300
5,100,0,243.753
6,100,0,234.654
7,100,0,258.152
8,100,0,203.606
9,100,0,272.76
10,100,0,292.018
11,100,0,289.114
12,100,6.14224,300
13,100,0,230.962
14,100,0.68948,300
15,100,0,292.327
16,100,9.01736,300
17,100,7.77513,300
18,100,8.38218,300
19,100,9.17966,300
20,100,0,295.739
21,100,9.60841,300
22,100,9.22221,300
23,100,8.46529,300
24,100,9.10925,300
