node_id,initial_energy,remaining_energy,lifetime
0,100,6.71989,300
1,100,0,231.317
2,100,0,297.826
3,100,8.73666,300
4,100,9.28963,300
5,100,0,244.595
6,100,0,250.073
7,100,0,243.834
8,100,0,264.448
9,100,9.07391,300
10,100,0,278.964
11,100,0,243.079
12,100,0,279.805
13,100,0,292.199
14,100,9.37027,300
15,100,9.2979,300
16,100,0,274.848
17,100,1.74578,300
18,100,0,293.492
19,100,4.70069,300
20,100,9.80071,300
21,100,0.75571,300
22,100,2.48072,300
23,100,2.87413,300
24,100,3.47914,300
