node_id,initial_energy,remaining_energy,lifetime
0,100,7.77749,300
1,100,0,244.085
2,100,0,294.373
3,100,0,295.528
4,100,0,297.571
5,100,0,263.733
6,100,0,265.215
7,100,7.06187,300
8,100,8.9693,300
9,100,9.0367,300
10,100,2.88616,300
11,100,0,289.154
12,100,4.2371,300
13,100,9.14629,300
14,100,9.52672,300
15,100,2.31254,300
16,100,3.5037,300
17,100,9.02232,300
18,100,9.17593,300
19,100,9.20066,300
20,100,0,297.835
21,100,5.39037,300
22,100,9.62927,300
23,100,9.67389,300
24,100,9.86299,300
