node_id,initial_energy,remaining_energy,lifetime
0,100,7.32648,300
1,100,0,213.42
2,100,0,261.073
3,100,0,298.087
4,100,8.79713,300
5,100,0,210.299
6,100,0,244.05
7,100,0,264.237
8,100,0.306017,300
9,100,7.95253,300
10,100,0,259.398
11,100,5.92487,300
12,100,0,294.046
13,100,9.10072,300
14,100,9.61169,300
15,100,0,299.555
16,100,7.11852,300
17,100,0.906479,300
18,100,9.16229,300
19,100,9.67648,300
20,100,1.1523,300
21,100,9.5305,300
22,100,1.62439,300
23,100,9.18605,300
24,100,9.84836,300
