node_id,initial_energy,remaining_energy,lifetime
0,100,7.15384,300
1,100,0,231.245
2,100,0,263.839
3,100,0,265.017
4,100,0.784035,300
5,100,0,245.563
6,100,0,203.586
7,100,0,226.065
8,100,0,288.562
9,100,0.153227,300
10,100,0,253.163
11,100,0,283.83
12,100,0,288.223
13,100,6.63035,300
14,100,9.57247,300
15,100,0,291.511
16,100,0,291.511
17,100,5.66814,300
18,100,7.17147,300
19,100,9.23304,300
20,100,9.84859,300
21,100,9.64177,300
22,100,4.91396,300
23,100,5.62386,300
24,100,7.665,300
