node_id,initial_energy,remaining_energy,lifetime
0,100,7.07394,300
1,100,0,239.773
2,100,0,267.381
3,100,3.52713,300
4,100,2.79447,300
5,100,0,229.22
6,100,0,208.908
7,100,0,227.457
8,100,0,269.775
9,100,7.17538,300
10,100,0,251.044
11,100,0,297.453
12,100,0,293.453
13,100,0,290.341
14,100,0,292.435
15,100,0,293.462
16,100,0,286.96
17,100,3.43883,300
18,100,9.01834,300
19,100,3.66689,300
20,100,9.35908,300
21,100,1.69951,300
22,100,7.15263,300
23,100,9.66844,300
24,100,9.86028,300
