node_id,initial_energy,remaining_energy,lifetime
0,100,7.24717,300
1,100,0,227.219
2,100,0,274.697
3,100,9.724,300
4,100,9.82549,300
5,100,0,252.798
6,100,0,260.359
7,100,0,269.695
8,100,3.16073,300
9,100,9.19726,300
10,100,0,279.344
11,100,0,294.352
12,100,1.30488,300
13,100,7.48765,300
14,100,7.28888,300
15,100,0,292.018
16,100,6.60484,300
17,100,0,297.444
18,100,9.02832,300
19,100,8.14224,300
20,100,9.85303,300
21,100,9.13959,300
22,100,0.112352,300
23,100,9.20617,300
24,100,9.84324,300
