node_id,initial_energy,remaining_energy,lifetime
0,100,8.08548,300
1,100,0,280.078
2,100,3.40555,300
3,100,1.71422,300
4,100,9.8417,300
5,100,0,258.36
6,100,0,273.658
7,100,2.80062,300
8,100,0,282.453
9,100,9.18776,300
10,100,8.72903,300
11,100,0,287.391
12,100,7.2569,300
13,100,0,287.261
14,100,9.60745,300
15,100,8.9036,300
16,100,0,289.464
17,100,8.91342,300
18,100,0,292.69
19,100,9.69175,300
20,100,9.86182,300
21,100,9.66416,300
22,100,9.58137,300
23,100,9.18896,300
24,100,9.86438,300
