node_id,initial_energy,remaining_energy,lifetime
0,100,6.93418,300
1,100,0,221.476
2,100,0,231.573
3,100,0,275.198
4,100,2.62917,300
5,100,0,224.633
6,100,0,197.319
7,100,0,217.723
8,100,0,263.677
9,100,2.14456,300
10,100,0,220.933
11,100,0,280.652
12,100,0,257.365
13,100,4.75576,300
14,100,9.52387,300
15,100,0,274.152
16,100,0,288.129
17,100,0,287.698
18,100,6.84215,300
19,100,9.21291,300
20,100,0.14382,300
21,100,6.81277,300
22,100,2.24411,300
23,100,4.18866,300
24,100,6.33263,300
