node_id,initial_energy,remaining_energy,lifetime
0,100,6.66722,300
1,100,0,203.008
2,100,0,250.333
3,100,0,289.964
4,100,2.97256,300
5,100,0,225.646
6,100,0,198.305
7,100,0,217.742
8,100,0,256.254
9,100,6.63673,300
10,100,0,262.166
11,100,0,273.194
12,100,0,276.633
13,100,0,293
14,100,0,297.334
15,100,0.512727,300
16,100,0,289.569
17,100,3.26606,300
18,100,3.26065,300
19,100,4.54785,300
20,100,9.83321,300
21,100,2.63102,300
22,100,7.51869,300
23,100,9.68117,300
24,100,9.86502,300
