node_id,initial_energy,remaining_energy,lifetime
0,100,6.03852,300
1,100,0,194.488
2,100,0,289.235
3,100,8.75611,300
4,100,9.42751,300
5,100,0,190.055
6,100,0,193.016
7,100,0,214.148
8,100,0,184.121
9,100,0,262.095
10,100,0,252.375
11,100,0,290.208
12,100,0,276.736
13,100,0,249.137
14,100,0,286.836
15,100,0,284.129
16,100,8.70689,300
17,100,0,278.874
18,100,4.04223,300
19,100,3.03706,300
20,100,3.62746,300
21,100,9.48656,300
22,100,1.6553,300
23,100,4.20178,300
24,100,5.71428,300
