node_id,initial_energy,remaining_energy,lifetime
0,100,6.23728,300
1,100,0,186.003
2,100,0,229.573
3,100,0,264.52
4,100,2.58472,300
5,100,0,197.883
6,100,0,227.145
7,100,0,241.823
8,100,0,230.938
9,100,1.76226,300
10,100,0,243.056
11,100,0,255.112
12,100,3.00757,300
13,100,0,255.33
14,100,0.532599,300
15,100,0,276.661
16,100,0,287.477
17,100,6.06667,300
18,100,0,287.07
19,100,0.739719,300
20,100,2.16996,300
21,100,2.63172,300
22,100,6.71954,300
23,100,3.26843,300
24,100,5.93575,300
