node_id,initial_energy,remaining_energy,lifetime
0,100,7.10505,300
1,100,0,217.795
2,100,0,271.689
3,100,9.72506,300
4,100,9.83761,300
5,100,0,229.202
6,100,0,266.028
7,100,0,278.796
8,100,5.84321,300
9,100,9.16697,300
10,100,0,283.36
11,100,0,268.719
12,100,0,293.023
13,100,4.9398,300
14,100,5.85105,300
15,100,0,297.796
16,100,3.26791,300
17,100,0,294.193
18,100,8.79395,300
19,100,8.55162,300
20,100,9.86014,300
21,100,9.21099,300
22,100,4.20452,300
23,100,9.15962,300
24,100,9.8124,300
