node_id,initial_energy,remaining_energy,lifetime
0,100,6.49699,300
1,100,0,213.579
2,100,0,239.999
3,100,0,297.923
4,100,9.70363,300
5,100,0,242.006
6,100,0,254.766
7,100,0,244.019
8,100,0,276.601
9,100,9.49263,300
10,100,0,247.427
11,100,0,254.866
12,100,0,299.724
13,100,0,299.956
14,100,9.51486,300
15,100,0,265.904
16,100,0,285.388
17,100,6.83471,300
18,100,6.05313,300
19,100,7.67534,300
20,100,0.267851,300
21,100,2.42339,300
22,100,6.71831,300
23,100,7.88172,300
24,100,8.8193,300
