node_id,initial_energy,remaining_energy,lifetime
0,100,6.88878,300
1,100,0,218.073
2,100,0,213.333
3,100,0,270.578
4,100,0.705284,300
5,100,0,231.681
6,100,0,211.186
7,100,0,227.016
8,100,3.72083,300
9,100,9.12877,300
10,100,0,261.082
11,100,0,273.125
12,100,0,271.732
13,100,0,293.413
14,100,0.0656949,300
15,100,0.46798,300
16,100,1.10612,300
17,100,0,284.607
18,100,4.15394,300
19,100,4.68713,300
20,100,1.1507,300
21,100,1.96525,300
22,100,2.69272,300
23,100,9.55339,300
24,100,9.80072,300
