node_id,initial_energy,remaining_energy,lifetime
0,100,8.4423,300
1,100,0,298.794
2,100,8.9303,300
3,100,9.20765,300
4,100,9.8548,300
5,100,0,270.768
6,100,0,282.104
7,100,2.5274,300
8,100,7.6337,300
9,100,9.69864,300
10,100,0,278.219
11,100,0,283.895
12,100,2.31984,300
13,100,7.66511,300
14,100,9.63556,300
15,100,0,286.888
16,100,0,286.688
17,100,8.7277,300
18,100,9.10128,300
19,100,9.18163,300
20,100,9.84243,300
21,100,9.71767,300
22,100,9.69545,300
23,100,9.6357,300
24,100,9.81245,300
