node_id,initial_energy,remaining_energy,lifetime
0,100,7.9661,300
1,100,0,269.849
2,100,1.94921,300
3,100,0,299.955
4,100,9.83583,300
5,100,0,249.028
6,100,0,267.13
7,100,1.43964,300
8,100,0,279.352
9,100,9.2233,300
10,100,2.23353,300
11,100,0,277.494
12,100,5.4636,300
13,100,0,284.879
14,100,9.64501,300
15,100,2.3662,300
16,100,0,280.527
17,100,7.69225,300
18,100,0,289.238
19,100,9.68684,300
20,100,0,295.235
21,100,4.51924,300
22,100,7.67525,300
23,100,8.5346,300
24,100,9.85959,300
