node_id,initial_energy,remaining_energy,lifetime
0,100,8.45529,300
1,100,0,282.551
2,100,6.67016,300
3,100,9.20751,300
4,100,9.85304,300
5,100,0,284.184
6,100,0,259.194
7,100,0,286.17
8,100,0,286.631
9,100,0,295.829
10,100,8.83345,300
11,100,0,286.615
12,100,8.27741,300
13,100,0,291.611
14,100,9.5862,300
15,100,9.17545,300
16,100,9.1277,300
17,100,8.62846,300
18,100,8.83078,300
19,100,9.19848,300
20,100,9.84529,300
21,100,9.74757,300
22,100,9.53927,300
23,100,9.32378,300
24,100,9.86417,300
