node_id,initial_energy,remaining_energy,lifetime
0,100,8.10017,300
1,100,0,248.993
2,100,0,282.597
3,100,9.719,300
4,100,9.84539,300
5,100,0,288.89
6,100,0,298.044
7,100,0,295.104
8,100,0,295.905
9,100,9.14675,300
10,100,5.60246,300
11,100,2.07328,300
12,100,4.65326,300
13,100,4.97205,300
14,100,7.5143,300
15,100,9.67864,300
16,100,6.53561,300
17,100,8.92802,300
18,100,9.16363,300
19,100,8.19686,300
20,100,9.87085,300
21,100,9.20294,300
22,100,9.53595,300
23,100,9.19101,300
24,100,9.85879,300
