node_id,initial_energy,remaining_energy,lifetime
0,100,8.0727,300
1,100,0,270.237
2,100,0,286.07
3,100,0,288.955
4,100,0,290.618
5,100,0,268.812
6,100,0,285.127
7,100,6.90628,300
8,100,8.64381,300
9,100,8.98833,300
10,100,0,285.906
11,100,0,291.749
12,100,9.08779,300
13,100,8.72803,300
14,100,9.22485,300
15,100,9.69643,300
16,100,9.13736,300
17,100,9.15719,300
18,100,9.16609,300
19,100,9.09116,300
20,100,9.86283,300
21,100,9.19843,300
22,100,9.63604,300
23,100,9.67941,300
24,100,9.8592,300
