node_id,initial_energy,remaining_energy,lifetime
0,100,8.59126,300
1,100,0,277.619
2,100,0,286.404
3,100,0,288.242
4,100,9.48412,300
5,100,0,292.363
6,100,0,285.776
7,100,0,286.704
8,100,8.21734,300
9,100,8.93584,300
10,100,7.05521,300
11,100,5.03687,300
12,100,0,289.248
13,100,8.87638,300
14,100,9.64405,300
15,100,9.18921,300
16,100,5.68707,300
17,100,0,288.558
18,100,9.12063,300
19,100,9.68595,300
20,100,9.85775,300
21,100,9.5707,300
22,100,0,291.662
23,100,9.15912,300
24,100,9.84723,300
