node_id,initial_energy,remaining_energy,lifetime
0,100,8.54459,300
1,100,0,298.7
2,100,4.4445,300
3,100,4.34015,300
4,100,9.85561,300
5,100,0,275.322
6,100,2.1654,300
7,100,0,297.319
8,100,0,286.252
9,100,9.20055,300
10,100,9.46005,300
11,100,8.902,300
12,100,5.62683,300
13,100,0,285.797
14,100,9.64005,300
15,100,9.16534,300
16,100,9.10833,300
17,100,9.07711,300
18,100,0,290.801
19,100,9.69268,300
20,100,9.8593,300
21,100,9.66289,300
22,100,9.5924,300
23,100,9.19185,300
24,100,9.86438,300
