node_id,initial_energy,remaining_energy,lifetime
0,100,7.73277,300
1,100,0,262.519
2,100,0.279947,300
3,100,0.938222,300
4,100,0,293.226
5,100,0,261.923
6,100,0,235.556
7,100,0,271.88
8,100,2.88445,300
9,100,5.49628,300
10,100,0,284.41
11,100,2.93251,300
12,100,0,288.427
13,100,7.02246,300
14,100,9.65662,300
15,100,0,289.784
16,100,5.01453,300
17,100,8.87189,300
18,100,9.00696,300
19,100,9.20841,300
20,100,9.85791,300
21,100,9.72961,300
22,100,9.4328,300
23,100,9.08266,300
24,100,9.62076,300
