node_id,initial_energy,remaining_energy,lifetime
0,100,7.65179,300
1,100,0,253.663
2,100,0,285.089
3,100,0,291.473
4,100,0,293.413
5,100,0,247.382
6,100,0,256.483
7,100,0,287.289
8,100,5.85145,300
9,100,9.05264,300
10,100,0,270.299
11,100,0,280.644
12,100,0,293.92
13,100,4.03922,300
14,100,5.99118,300
15,100,1.91394,300
16,100,2.87461,300
17,100,6.78731,300
18,100,8.34489,300
19,100,7.74816,300
20,100,0,294.373
21,100,4.91057,300
22,100,9.6468,300
23,100,9.67867,300
24,100,9.8592,300
