node_id,initial_energy,remaining_energy,lifetime
0,100,7.46932,300
1,100,0,248.106
2,100,0,284.516
3,100,9.20935,300
4,100,9.83893,300
5,100,0,256.909
6,100,0,253.914
7,100,0,286.961
8,100,0,285.552
9,100,0.777043,300
10,100,0,288.766
11,100,0,286.669
12,100,7.79857,300
13,100,0,291.024
14,100,9.56329,300
15,100,0,289.297
16,100,9.05019,300
17,100,8.71604,300
18,100,8.86075,300
19,100,9.21205,300
20,100,0,292.812
21,100,9.60596,300
22,100,9.4088,300
23,100,9.24401,300
24,100,9.84448,300
