node_id,initial_energy,remaining_energy,lifetime
0,100,7.14283,300
1,100,0,257.561
2,100,1.96606,300
3,100,0,299.01
4,100,9.8665,300
5,100,0,221.693
6,100,0,243.748
7,100,0.228693,300
8,100,0,288.903
9,100,9.26052,300
10,100,0,270.008
11,100,0,250.299
12,100,2.50195,300
13,100,0,295.447
14,100,9.65128,300
15,100,2.75239,300
16,100,0,287.309
17,100,7.92935,300
18,100,0,296.593
19,100,9.69877,300
20,100,0,299.217
21,100,5.45036,300
22,100,8.21943,300
23,100,8.86663,300
24,100,9.85036,300
