node_id,initial_energy,remaining_energy,lifetime
0,100,7.99177,300
1,100,0,268.864
2,100,0,298.423
3,100,6.4224,300
4,100,6.22468,300
5,100,0,270.668
6,100,0,253.336
7,100,0,257.634
8,100,0,292.368
9,100,8.12649,300
10,100,0,292.069
11,100,0,258.648
12,100,0,289.152
13,100,0,296.284
14,100,9.32253,300
15,100,9.44695,300
16,100,0,260.827
17,100,8.18796,300
18,100,0,298.766
19,100,1.57101,300
20,100,9.63645,300
21,100,0,295.626
22,100,8.70433,300
23,100,7.17893,300
24,100,7.49091,300
