node_id,initial_energy,remaining_energy,lifetime
0,100,7.79588,300
1,100,0,244.151
2,100,0,282.9
3,100,9.72739,300
4,100,9.84821,300
5,100,0,274.077
6,100,0,290.227
7,100,0,297.085
8,100,4.66525,300
9,100,9.17337,300
10,100,2.22924,300
11,100,0,282.034
12,100,0,287.651
13,100,6.8341,300
14,100,6.80056,300
15,100,9.66988,300
16,100,4.47182,300
17,100,0,287.001
18,100,9.17856,300
19,100,8.01988,300
20,100,9.86249,300
21,100,9.09356,300
22,100,0,290.937
23,100,9.20168,300
24,100,9.72874,300
