node_id,initial_energy,remaining_energy,lifetime
0,100,7.76154,300
1,100,0,274.925
2,100,7.62451,300
3,100,7.66004,300
4,100,9.54854,300
5,100,0,223.594
6,100,0,253.081
7,100,0,284.909
8,100,8.8155,300
9,100,9.23408,300
10,100,0,251.574
11,100,2.76196,300
12,100,0.54807,300
13,100,9.11276,300
14,100,9.63172,300
15,100,0,291.353
16,100,7.92222,300
17,100,7.59607,300
18,100,9.15127,300
19,100,9.67137,300
20,100,0,295.035
21,100,9.33712,300
22,100,8.27927,300
23,100,9.17196,300
24,100,9.8533,300
