node_id,initial_energy,remaining_energy,lifetime
0,100,7.83305,300
1,100,0,254.994
2,100,0,283.169
3,100,8.89871,300
4,100,9.50731,300
5,100,0,279.52
6,100,0,250.438
7,100,0,282.423
8,100,0,257.444
9,100,0.1341,300
10,100,8.47593,300
11,100,0,284.973
12,100,7.52356,300
13,100,0,262.584
14,100,9.50529,300
15,100,9.14014,300
16,100,9.14692,300
17,100,8.41184,300
18,100,7.81118,300
19,100,9.20763,300
20,100,9.84051,300
21,100,9.71593,300
22,100,9.37252,300
23,100,8.1637,300
24,100,9.84582,300
