node_id,initial_energy,remaining_energy,lifetime
0,100,7.58841,300
1,100,0,259.411
2,100,1.43932,300
3,100,0,295.576
4,100,9.84051,300
5,100,0,240.667
6,100,0,239.623
7,100,0,298.706
8,100,0,280.937
9,100,9.25246,300
10,100,1.91161,300
11,100,0,246.61
12,100,1.72318,300
13,100,0,289.19
14,100,9.63762,300
15,100,2.12308,300
16,100,0,283.489
17,100,7.47271,300
18,100,0,293.807
19,100,9.6877,300
20,100,0,296.728
21,100,5.20853,300
22,100,8.0556,300
23,100,8.76067,300
24,100,9.86438,300
