node_id,initial_energy,remaining_energy,lifetime
0,100,7.82929,300
1,100,0,256.08
2,100,0,282.27
3,100,0,291.501
4,100,0,293.488
5,100,0,253.163
6,100,0,263.995
7,100,4.97522,300
8,100,8.15557,300
9,100,9.09089,300
10,100,0,269.295
11,100,0,273.184
12,100,7.96254,300
13,100,6.99698,300
14,100,6.58357,300
15,100,2.1923,300
16,100,3.43746,300
17,100,7.8754,300
18,100,8.77076,300
19,100,7.52179,300
20,100,0,296.323
21,100,5.11348,300
22,100,9.63082,300
23,100,9.67606,300
24,100,9.8592,300
