node_id,initial_energy,remaining_energy,lifetime
0,100,8.65083,300
1,100,0,290.987
2,100,2.92239,300
3,100,8.69285,300
4,100,8.79625,300
5,100,0,289.056
6,100,0,281.84
7,100,0,282.418
8,100,8.15927,300
9,100,9.02826,300
10,100,4.11191,300
11,100,0,290.696
12,100,0,287.701
13,100,8.97073,300
14,100,9.61423,300
15,100,9.63851,300
16,100,0,291.456
17,100,9.02939,300
18,100,9.0324,300
19,100,9.1645,300
20,100,9.85189,300
21,100,0,294.066
22,100,9.49467,300
23,100,9.50746,300
24,100,9.70509,300
