node_id,initial_energy,remaining_energy,lifetime
0,100,7.68907,300
1,100,0,240.083
2,100,0,281.128
3,100,9.73414,300
4,100,9.85461,300
5,100,0,273.821
6,100,0,283.301
7,100,0,288.933
8,100,0,294.794
9,100,9.16881,300
10,100,4.48138,300
11,100,0,288.233
12,100,0.217783,300
13,100,8.38867,300
14,100,9.43751,300
15,100,9.66569,300
16,100,5.34009,300
17,100,0.532391,300
18,100,9.16357,300
19,100,9.567,300
20,100,9.84488,300
21,100,9.08165,300
22,100,1.4995,300
23,100,9.19914,300
24,100,9.85879,300
