node_id,initial_energy,remaining_energy,lifetime
0,100,7.62923,300
1,100,0,287.242
2,100,7.12596,300
3,100,5.93146,300
4,100,8.88223,300
5,100,0,221.038
6,100,0,277.633
7,100,0,271.602
8,100,8.14744,300
9,100,8.74513,300
10,100,0,251.613
11,100,2.69403,300
12,100,0,285.251
13,100,9.11568,300
14,100,9.6395,300
15,100,0,290.496
16,100,6.46935,300
17,100,2.29132,300
18,100,9.15116,300
19,100,9.68099,300
20,100,0,292.569
21,100,8.95908,300
22,100,3.13354,300
23,100,9.1791,300
24,100,9.86878,300
