node_id,initial_energy,remaining_energy,lifetime
0,100,6.76587,300
1,100,0,203.586
2,100,0,263.004
3,100,0,296.172
4,100,4.78182,300
5,100,0,203.755
6,100,0,207.287
7,100,0,206.787
8,100,0,298.896
9,100,3.77986,300
10,100,0,243.983
11,100,0,284.614
12,100,0,256.438
13,100,8.72519,300
14,100,8.94884,300
15,100,0.389325,300
16,100,4.41713,300
17,100,0,276.594
18,100,8.99571,300
19,100,8.73237,300
20,100,1.40377,300
21,100,9.44449,300
22,100,1.51906,300
23,100,9.25429,300
24,100,9.67357,300
