node_id,initial_energy,remaining_energy,lifetime
0,100,6.34836,300
1,100,0,211.432
2,100,0,244.822
3,100,0,296.637
4,100,7.55058,300
5,100,0,235.166
6,100,0,245.067
7,100,0,243.031
8,100,0,283.94
9,100,8.26866,300
10,100,0,250.929
11,100,0,255.908
12,100,0,294.218
13,100,2.96996,300
14,100,9.42612,300
15,100,0,265.274
16,100,0,288.987
17,100,4.87157,300
18,100,3.05859,300
19,100,5.82112,300
20,100,0.163661,300
21,100,3.04818,300
22,100,4.71955,300
23,100,5.62224,300
24,100,6.76269,300
