node_id,initial_energy,remaining_energy,lifetime
0,100,7.04031,300
1,100,0,222.117
2,100,0,217.136
3,100,0,268.445
4,100,0.366745,300
5,100,0,231.936
6,100,0,216.029
7,100,0,234.477
8,100,4.74483,300
9,100,9.09003,300
10,100,0,258.727
11,100,0,274.868
12,100,0,271.729
13,100,0.256414,300
14,100,1.7094,300
15,100,0,299.89
16,100,1.61224,300
17,100,0,288.217
18,100,6.21956,300
19,100,5.82554,300
20,100,0.433166,300
21,100,2.32397,300
22,100,3.38293,300
23,100,9.54469,300
24,100,9.80105,300
