node_id,initial_energy,remaining_energy,lifetime
0,100,6.70223,300
1,100,0,211.578
2,100,0,263.858
3,100,0,299.925
4,100,5.24839,300
5,100,0,233.09
6,100,0,211.933
7,100,0,225.969
8,100,0,278.233
9,100,7.42943,300
10,100,0,259.677
11,100,0,284.192
12,100,0,270.672
13,100,4.31597,300
14,100,5.46937,300
15,100,0,299.009
16,100,0,296.945
17,100,4.21118,300
18,100,9.18925,300
19,100,9.11022,300
20,100,9.84341,300
21,100,4.74894,300
22,100,8.11164,300
23,100,9.67203,300
24,100,9.86241,300
