node_id,initial_energy,remaining_energy,lifetime
0,100,7.29935,300
1,100,0,236.185
2,100,0,266.649
3,100,0,269.589
4,100,0.846723,300
5,100,0,254.283
6,100,0,264.126
7,100,7.40548,300
8,100,8.90106,300
9,100,8.9802,300
10,100,2.30104,300
11,100,0,289.81
12,100,5.45337,300
13,100,9.17328,300
14,100,9.49815,300
15,100,2.35297,300
16,100,3.82381,300
17,100,8.99241,300
18,100,9.18087,300
19,100,9.19933,300
20,100,0,298.219
21,100,5.52273,300
22,100,9.61318,300
23,100,9.67227,300
24,100,9.85508,300
