node_id,initial_energy,remaining_energy,lifetime
0,100,6.40865,300
1,100,0,188.884
2,100,0,240.34
3,100,0,268.751
4,100,2.14253,300
5,100,0,197.892
6,100,0,228.01
7,100,0,253.307
8,100,0,233.772
9,100,1.43626,300
10,100,0,240.337
11,100,0,254.804
12,100,4.31597,300
13,100,0,260.222
14,100,4.6914,300
15,100,0,274.347
16,100,0,286.982
17,100,5.9332,300
18,100,0,282.611
19,100,4.9925,300
20,100,1.86452,300
21,100,2.23856,300
22,100,6.58374,300
23,100,2.5774,300
24,100,9.84895,300
