node_id,initial_energy,remaining_energy,lifetime
0,100,6.49382,300
1,100,0,213.024
2,100,0,258.026
3,100,9.7136,300
4,100,9.81551,300
5,100,0,243.994
6,100,0,254.048
7,100,0,239.28
8,100,0,293.793
9,100,9.23832,300
10,100,0,261.299
11,100,0,253.148
12,100,0,268.926
13,100,0,277.307
14,100,0,293.367
15,100,0,293.481
16,100,0,295.145
17,100,0,278.706
18,100,5.76219,300
19,100,6.24031,300
20,100,9.8722,300
21,100,9.03904,300
22,100,2.05044,300
23,100,9.14439,300
24,100,9.68315,300
