node_id,initial_energy,remaining_energy,lifetime
0,100,7.45254,300
1,100,0,232.648
2,100,0,264.232
3,100,0,265.431
4,100,0,299.347
5,100,0,254.584
6,100,0,263.875
7,100,7.66781,300
8,100,8.87083,300
9,100,9.00187,300
10,100,1.97522,300
11,100,0,283.442
12,100,5.39507,300
13,100,8.97561,300
14,100,9.55024,300
15,100,1.53171,300
16,100,1.44217,300
17,100,9.18716,300
18,100,9.17861,300
19,100,9.20886,300
20,100,0,295.473
21,100,5.58016,300
22,100,9.62117,300
23,100,9.67762,300
24,100,9.85551,300
