node_id,initial_energy,remaining_energy,lifetime
0,100,6.66578,300
1,100,0,187.99
2,100,0,241.169
3,100,0,267.782
4,100,0.892458,300
5,100,0,197.728
6,100,0,221.769
7,100,0,242.39
8,100,0,228.71
9,100,0.255607,300
10,100,0,236.318
11,100,0,250.63
12,100,4.94716,300
13,100,0,262.373
14,100,3.43966,300
15,100,0,271.53
16,100,0,283.399
17,100,6.4395,300
18,100,0,279.518
19,100,3.74752,300
20,100,0.971142,300
21,100,2.22081,300
22,100,7.10295,300
23,100,2.64379,300
24,100,9.84266,300
