node_id,initial_energy,remaining_energy,lifetime
0,100,7.04454,300
1,100,0,222.906
2,100,0,219.446
3,100,0,258.782
4,100,0,298.328
5,100,0,217.269
6,100,0,192.084
7,100,0,205.984
8,100,0,247.88
9,100,0.192699,300
10,100,0,218.464
11,100,0,279.48
12,100,0,270.464
13,100,3.4219,300
14,100,9.54697,300
15,100,0,271.723
16,100,0,288.548
17,100,0.609338,300
18,100,5.9632,300
19,100,9.22574,300
20,100,0,298.915
21,100,6.36415,300
22,100,0.653347,300
23,100,5.32883,300
24,100,7.3659,300
