node_id,initial_energy,remaining_energy,lifetime
0,100,6.25476,300
1,100,0,201.526
2,100,0,249.416
3,100,9.71689,300
4,100,9.83025,300
5,100,0,242.871
6,100,0,241.254
7,100,0,223.494
8,100,0,264.663
9,100,9.14718,300
10,100,0,254.782
11,100,0,222.327
12,100,0,262.339
13,100,0,251.715
14,100,0,241.659
15,100,0,294.792
16,100,0,296.97
17,100,0,271.018
18,100,3.65771,300
19,100,0,278.685
20,100,9.8722,300
21,100,8.95047,300
22,100,1.19751,300
23,100,7.82052,300
24,100,8.52265,300
