node_id,initial_energy,remaining_energy,lifetime
0,100,6.22722,300
1,100,0,199.98
2,100,0,228.439
3,100,0,283.397
4,100,3.21387,300
5,100,0,224.31
6,100,0,231.214
7,100,0,217.463
8,100,0,262.547
9,100,7.53351,300
10,100,0,241.432
11,100,0,241.654
12,100,0,276.266
13,100,0,294.477
14,100,9.49055,300
15,100,0,259.663
16,100,0,276.591
17,100,0.857326,300
18,100,0,297.38
19,100,5.67655,300
20,100,0,297.167
21,100,1.29574,300
22,100,1.71274,300
23,100,3.15179,300
24,100,3.53801,300
