node_id,initial_energy,remaining_energy,lifetime
0,100,6.86587,300
1,100,0,197.396
2,100,0,259.255
3,100,0,288.051
4,100,5.51447,300
5,100,0,203.017
6,100,0,198.396
7,100,0,201.763
8,100,0,297.886
9,100,4.37581,300
10,100,0,247.66
11,100,0,283.233
12,100,0,258.79
13,100,9.09126,300
14,100,8.8394,300
15,100,0,297.911
16,100,4.64186,300
17,100,0,272.249
18,100,9.09966,300
19,100,8.87792,300
20,100,0.345867,300
21,100,9.42744,300
22,100,0.992901,300
23,100,9.15544,300
24,100,9.38821,300
