node_id,initial_energy,remaining_energy,lifetime
0,100,7.59839,300
1,100,0,237.376
2,100,9.50179,300
3,100,9.46694,300
4,100,9.67401,300
5,100,0,223.84
6,100,0,246.716
7,100,4.75552,300
8,100,9.01769,300
9,100,9.06472,300
10,100,0,225.359
11,100,0,294.43
12,100,8.65806,300
13,100,9.09366,300
14,100,9.4471,300
15,100,0,263.332
16,100,8.3568,300
17,100,9.06242,300
18,100,9.09977,300
19,100,9.12652,300
20,100,0,298.493
21,100,9.04293,300
22,100,9.57244,300
23,100,9.67065,300
24,100,9.84159,300
