node_id,initial_energy,remaining_energy,lifetime
0,100,6.78722,300
1,100,0,212.955
2,100,0,207.466
3,100,0,267.3
4,100,0.255336,300
5,100,0,221.843
6,100,0,201.025
7,100,0,200.475
8,100,0,292.795
9,100,9.17292,300
10,100,0,255.475
11,100,0,270.784
12,100,0,257.918
13,100,0,274.945
14,100,0,276.4
15,100,0,295.136
16,100,0.214891,300
17,100,0,279.317
18,100,0.533839,300
19,100,0,291.697
20,100,0,297.54
21,100,1.0172,300
22,100,2.50666,300
23,100,2.51113,300
24,100,7.36122,300
