node_id,initial_energy,remaining_energy,lifetime
0,100,6.26293,300
1,100,0,195.832
2,100,0,291.492
3,100,8.99267,300
4,100,9.6677,300
5,100,0,204.751
6,100,0,197.391
7,100,0,214.61
8,100,0,179.471
9,100,0,252.612
10,100,0,263.733
11,100,0,263.61
12,100,0,267.141
13,100,0,249.681
14,100,0,279.251
15,100,0,266.065
16,100,8.50493,300
17,100,0,269.642
18,100,2.79385,300
19,100,1.65427,300
20,100,0.350279,300
21,100,9.36473,300
22,100,0.729943,300
23,100,3.5492,300
24,100,5.42151,300
