node_id,initial_energy,remaining_energy,lifetime
0,100,6.62732,300
1,100,0,197.797
2,100,0,246.968
3,100,0,275.873
4,100,0,296.214
5,100,0,198.271
6,100,0,202.442
7,100,0,195.327
8,100,0,252.894
9,100,0.189589,300
10,100,0,237.289
11,100,0,291.449
12,100,0,256.423
13,100,0,279.755
14,100,6.4458,300
15,100,0.288658,300
16,100,6.71181,300
17,100,0,286.133
18,100,1.60245,300
19,100,8.99303,300
20,100,1.25583,300
21,100,9.40572,300
22,100,2.84096,300
23,100,8.94919,300
24,100,9.4935,300
