node_id,initial_energy,remaining_energy,lifetime
0,100,7.38168,300
1,100,0,215.567
2,100,0,259.287
3,100,0,294.587
4,100,0,297.943
5,100,0,222.881
6,100,0,231.845
7,100,0,259.787
8,100,0,294.237
9,100,9.67274,300
10,100,0,209.367
11,100,8.41164,300
12,100,9.30642,300
13,100,0,294.454
14,100,0,295.738
15,100,0,232.269
16,100,0,295.775
17,100,9.29005,300
18,100,9.28564,300
19,100,0,296.254
20,100,0,299.309
21,100,0,297.545
22,100,9.62839,300
23,100,9.69451,300
24,100,9.8694,300
