node_id,initial_energy,remaining_energy,lifetime
0,100,6.21367,300
1,100,0,191.929
2,100,0,236.819
3,100,0,272.877
4,100,1.59005,300
5,100,0,189.163
6,100,0,182.936
7,100,0,178.6
8,100,0,208.781
9,100,3.48448,300
10,100,0,236.034
11,100,0,247.934
12,100,0,237.648
13,100,0,234.24
14,100,0,291.238
15,100,0,270.733
16,100,0,276.85
17,100,0,282.902
18,100,0,262.811
19,100,3.18374,300
20,100,0.840175,300
21,100,1.42052,300
22,100,2.52339,300
23,100,0,287.311
24,100,2.93841,300
