node_id,initial_energy,remaining_energy,lifetime
0,100,6.32954,300
1,100,0,184.137
2,100,0,202.396
3,100,0,234.485
4,100,0,262.627
5,100,0,183.364
6,100,0,190.507
7,100,0,180.359
8,100,0,192.898
9,100,0,277.468
10,100,0,228.125
11,100,0,243.873
12,100,0,244.941
13,100,0,223.472
14,100,1.45621,300
15,100,0,272.899
16,100,0,273.615
17,100,0,274.788
18,100,0,250.61
19,100,1.6046,300
20,100,1.12037,300
21,100,0.8289,300
22,100,1.3111,300
23,100,0,280.752
24,100,1.6023,300
