node_id,initial_energy,remaining_energy,lifetime
0,100,6.18653,300
1,100,0,169.006
2,100,0,185.439
3,100,0,210.311
4,100,0,225.808
5,100,0,189.878
6,100,0,188.932
7,100,0,183.643
8,100,0,224.776
9,100,0,228.577
10,100,0,222.754
11,100,0,238.973
12,100,0,235.082
13,100,0,257.485
14,100,0,260.854
15,100,0,269.782
16,100,0,270.208
17,100,0,278.241
18,100,0,284.743
19,100,0,286.698
20,100,0.815759,300
21,100,1.09902,300
22,100,1.99267,300
23,100,2.86281,300
24,100,2.02421,300
