node_id,initial_energy,remaining_energy,lifetime
0,100,7.62987,300
1,100,0,212.662
2,100,0,221.822
3,100,0,262.585
4,100,0,298.482
5,100,0,211.924
6,100,0,280.631
7,100,5.15502,300
8,100,5.64046,300
9,100,6.47837,300
10,100,0,225.745
11,100,4.92313,300
12,100,6.72502,300
13,100,7.32697,300
14,100,7.49606,300
15,100,0,263.26
16,100,7.70791,300
17,100,7.66001,300
18,100,8.04121,300
19,100,7.93722,300
20,100,0,298.912
21,100,8.48893,300
22,100,8.87175,300
23,100,9.09122,300
24,100,9.32606,300
