node_id,initial_energy,remaining_energy,lifetime
0,100,6.35937,300
1,100,0,182.245
2,100,0,210.286
3,100,0,252.782
4,100,0,283.025
5,100,0,190.216
6,100,0,196.63
7,100,0,208.886
8,100,0,239.331
9,100,1.1584,300
10,100,0,217.779
11,100,0,218.452
12,100,0,222.967
13,100,0,223.761
14,100,0,251.905
15,100,0,271.707
16,100,0,273.711
17,100,0,274.424
18,100,0,287.65
19,100,0,280.226
20,100,0.934957,300
21,100,1.11086,300
22,100,1.24685,300
23,100,2.88591,300
24,100,2.15824,300
