node_id,initial_energy,remaining_energy,lifetime
0,100,6.3267,300
1,100,0,193.257
2,100,0,230.243
3,100,0,268.628
4,100,0.610187,300
5,100,0,181.131
6,100,0,175.328
7,100,0,176.613
8,100,0,186.469
9,100,0,252.194
10,100,0,239.587
11,100,0,230.956
12,100,0,248.975
13,100,0,215.784
14,100,0,278.681
15,100,0,273.899
16,100,0,274.512
17,100,0,273.97
18,100,0,249.307
19,100,1.50801,300
20,100,1.41395,300
21,100,1.44948,300
22,100,1.23438,300
23,100,0,278.157
24,100,1.65124,300
