node_id,initial_energy,remaining_energy,lifetime
0,100,6.33641,300
1,100,0,188.728
2,100,0,235.152
3,100,0,269.82
4,100,0.674675,300
5,100,0,190.919
6,100,0,173.522
7,100,0,180.037
8,100,0,178.886
9,100,0,275.155
10,100,0,224.497
11,100,0,238.809
12,100,0,246.283
13,100,0,204.713
14,100,1.09266,300
15,100,0,269.119
16,100,0,272.22
17,100,0,276.347
18,100,0,247.088
19,100,1.11704,300
20,100,0.731244,300
21,100,1.84957,300
22,100,1.73307,300
23,100,0,276.883
24,100,1.56679,300
