node_id,initial_energy,remaining_energy,lifetime
0,100,7.52249,300
1,100,0,209.545
2,100,0,225.518
3,100,0,260.723
4,100,0,295.609
5,100,0,215.649
6,100,0,272.93
7,100,3.335,300
8,100,4.13561,300
9,100,8.03433,300
10,100,0,228.848
11,100,4.17885,300
12,100,9.0187,300
13,100,5.49262,300
14,100,9.52728,300
15,100,0,265.913
16,100,6.8421,300
17,100,9.19451,300
18,100,6.86027,300
19,100,9.22615,300
20,100,0.0416189,300
21,100,8.0605,300
22,100,9.64161,300
23,100,8.52998,300
24,100,9.85396,300
