node_id,initial_energy,remaining_energy,lifetime
0,100,6.35042,300
1,100,0,179.785
2,100,0,208.167
3,100,0,250.672
4,100,0,280.278
5,100,0,192.58
6,100,0,188.011
7,100,0,185.691
8,100,0,201.675
9,100,1.09384,300
10,100,0,234.518
11,100,0,244.897
12,100,0,251.164
13,100,0,198.914
14,100,0,225.557
15,100,0,269.47
16,100,0,274.797
17,100,0,278.881
18,100,0,282.374
19,100,0,268.277
20,100,0.616404,300
21,100,1.23099,300
22,100,2.43164,300
23,100,2.99927,300
24,100,2.83099,300
