node_id,initial_energy,remaining_energy,lifetime
0,100,6.19657,300
1,100,0,174.13
2,100,0,201.502
3,100,0,226.214
4,100,1.33091,300
5,100,0,193.198
6,100,0,185.564
7,100,0,185.921
8,100,0,188.555
9,100,0.288442,300
10,100,0,235.745
11,100,0,242.202
12,100,0,232.989
13,100,0,215.9
14,100,0,249.751
15,100,0,268.968
16,100,0,272.022
17,100,0,273.121
18,100,0,273.721
19,100,0,277.93
20,100,0.808652,300
21,100,0.979937,300
22,100,1.16983,300
23,100,0.777417,300
24,100,1.57508,300
