node_id,initial_energy,remaining_energy,lifetime
0,100,5.98446,300
1,100,0,199.297
2,100,0,253.402
3,100,0,289.792
4,100,2.74431,300
5,100,0,215.002
6,100,0,197.15
7,100,0,193.025
8,100,0,255.39
9,100,7.27064,300
10,100,0,222.583
11,100,0,258.181
12,100,0,246.157
13,100,0,286.715
14,100,0,292.645
15,100,0,262.01
16,100,0,282.241
17,100,0.172838,300
18,100,0,297.412
19,100,3.85885,300
20,100,0.30606,300
21,100,1.95677,300
22,100,7.51941,300
23,100,4.99263,300
24,100,9.86996,300
