node_id,initial_energy,remaining_energy,lifetime
0,100,7.47997,300
1,100,0,223.167
2,100,0,262.086
3,100,0,263.623
4,100,0,298.53
5,100,0,227.706
6,100,0,276.228
7,100,7.92103,300
8,100,8.2061,300
9,100,8.6609,300
10,100,2.01735,300
11,100,2.79195,300
12,100,7.9413,300
13,100,9.17985,300
14,100,9.14756,300
15,100,1.41121,300
16,100,5.05143,300
17,100,9.19929,300
18,100,9.16728,300
19,100,8.99174,300
20,100,0,297.325
21,100,6.10395,300
22,100,9.61633,300
23,100,9.66152,300
24,100,9.65241,300
