node_id,initial_energy,remaining_energy,lifetime
0,100,6.25356,300
1,100,0,197.969
2,100,0,254.23
3,100,0,294.801
4,100,4.15401,300
5,100,0,190.438
6,100,0,193.29
7,100,0,215.622
8,100,0,258.596
9,100,8.01164,300
10,100,0,250.17
11,100,0,271.219
12,100,0,282.29
13,100,0,282.241
14,100,0.181502,300
15,100,0,282.656
16,100,0,291.682
17,100,1.16945,300
18,100,0,298.599
19,100,4.41623,300
20,100,2.65957,300
21,100,3.6742,300
22,100,4.95094,300
23,100,2.41421,300
24,100,5.38279,300
