node_id,initial_energy,remaining_energy,lifetime
0,100,6.10524,300
1,100,0,195.218
2,100,0,250.905
3,100,0,299.628
4,100,9.81542,300
5,100,0,188.291
6,100,0,179.958
7,100,0,195.085
8,100,0,231.105
9,100,0,271.073
10,100,0,245.391
11,100,0,276.349
12,100,0,258.79
13,100,0,272.619
14,100,0,292.211
15,100,0,278.15
16,100,1.62461,300
17,100,0,284.062
18,100,0,296.698
19,100,4.22337,300
20,100,2.53366,300
21,100,2.57265,300
22,100,2.69896,300
23,100,6.22022,300
24,100,9.3482,300
