node_id,initial_energy,remaining_energy,lifetime
0,100,6.16136,300
1,100,0,190.092
2,100,0,224.259
3,100,0,246.625
4,100,0,261.931
5,100,0,193.917
6,100,0,201.402
7,100,0,187.085
8,100,0,255.106
9,100,0,277.515
10,100,0,235.011
11,100,0,294.866
12,100,0,231.121
13,100,0,285.697
14,100,2.49725,300
15,100,0,274.049
16,100,7.3445,300
17,100,0,288.446
18,100,2.79123,300
19,100,6.61376,300
20,100,1.62056,300
21,100,9.35732,300
22,100,3.71591,300
23,100,9.16842,300
24,100,7.19303,300
