node_id,initial_energy,remaining_energy,lifetime
0,100,5.71471,300
1,100,0,183.838
2,100,0,226.753
3,100,0,250.027
4,100,2.72189,300
5,100,0,194.314
6,100,0,192.125
7,100,0,200.265
8,100,0,234.336
9,100,2.66785,300
10,100,0,239.799
11,100,0,244.779
12,100,0,258.569
13,100,0,249.657
14,100,0,289.569
15,100,0,276.437
16,100,0,275.725
17,100,2.45683,300
18,100,0,299.19
19,100,3.16849,300
20,100,1.68366,300
21,100,1.75694,300
22,100,2.25843,300
23,100,6.36749,300
24,100,5.03054,300
