node_id,initial_energy,remaining_energy,lifetime
0,100,6.43548,300
1,100,0,191.856
2,100,0,221.691
3,100,0,263.898
4,100,0,289.31
5,100,0,204.511
6,100,0,213.275
7,100,0,232.108
8,100,0,279.03
9,100,3.17229,300
10,100,0,250.133
11,100,0,272.579
12,100,0,268.812
13,100,0,274.021
14,100,0,296.843
15,100,0,276.944
16,100,0,298.546
17,100,0,285.469
18,100,0.953488,300
19,100,6.55863,300
20,100,1.56233,300
21,100,2.08167,300
22,100,3.15491,300
23,100,9.36038,300
24,100,9.75759,300
