node_id,initial_energy,remaining_energy,lifetime
0,100,6.49148,300
1,100,0,205.073
2,100,0,242.591
3,100,1.03606,300
4,100,9.13748,300
5,100,0,197.637
6,100,0,212.167
7,100,0,224.532
8,100,0,255.701
9,100,8.98548,300
10,100,0,229.554
11,100,0,257.096
12,100,0,284.928
13,100,0,280.375
14,100,9.57478,300
15,100,0,276.114
16,100,0,284.232
17,100,2.76299,300
18,100,1.43093,300
19,100,8.23134,300
20,100,0.974279,300
21,100,2.84283,300
22,100,2.98028,300
23,100,6.53834,300
24,100,7.71924,300
