node_id,initial_energy,remaining_energy,lifetime
0,100,7.36813,300
1,100,0,222.305
2,100,0,275.553
3,100,0,278.543
4,100,2.70484,300
5,100,0,219.205
6,100,0,268.866
7,100,7.06075,300
8,100,8.31643,300
9,100,7.21125,300
10,100,0,258.873
11,100,0.327597,300
12,100,6.88498,300
13,100,9.14089,300
14,100,7.67328,300
15,100,0,283.6
16,100,2.94526,300
17,100,9.04184,300
18,100,9.17996,300
19,100,8.79581,300
20,100,3.2408,300
21,100,7.62132,300
22,100,9.62255,300
23,100,9.67123,300
24,100,9.66578,300
