node_id,initial_energy,remaining_energy,lifetime
0,100,7.55236,300
1,100,0,231.363
2,100,6.8894,300
3,100,6.49972,300
4,100,9.7132,300
5,100,0,231.836
6,100,0,248.245
7,100,4.86302,300
8,100,8.72873,300
9,100,9.24628,300
10,100,0,233.668
11,100,0,295.732
12,100,7.70133,300
13,100,9.18127,300
14,100,9.54058,300
15,100,0,273.75
16,100,8.97856,300
17,100,9.1764,300
18,100,9.19124,300
19,100,9.21352,300
20,100,1.11104,300
21,100,9.06178,300
22,100,9.64046,300
23,100,9.67085,300
24,100,9.86023,300
