node_id,initial_energy,remaining_energy,lifetime
0,100,6.28628,300
1,100,0,195.654
2,100,0,244.427
3,100,0,282.433
4,100,3.67761,300
5,100,0,193.257
6,100,0,185.52
7,100,0,202.316
8,100,0,225.647
9,100,0,289.295
10,100,0,229.639
11,100,0,255.589
12,100,0,261.762
13,100,0,269.864
14,100,3.8845,300
15,100,0,280.241
16,100,0,289.058
17,100,0,290.831
18,100,2.5474,300
19,100,9.22183,300
20,100,0.998828,300
21,100,6.53215,300
22,100,2.99746,300
23,100,3.69627,300
24,100,5.6832,300
