node_id,initial_energy,remaining_energy,lifetime
0,100,6.72196,300
1,100,0,195.923
2,100,0,237.401
3,100,0,283.897
4,100,0,285.304
5,100,0,202.646
6,100,0,220.878
7,100,0,251.341
8,100,0,292.507
9,100,2.47979,300
10,100,0,225.941
11,100,0,241.441
12,100,0,283.526
13,100,0,298.034
14,100,0,297.475
15,100,0,275.93
16,100,0,283.991
17,100,0,287.465
18,100,7.51674,300
19,100,5.3411,300
20,100,1.75272,300
21,100,2.35876,300
22,100,3.61256,300
23,100,8.79691,300
24,100,9.31751,300
