node_id,initial_energy,remaining_energy,lifetime
0,100,7.64989,300
1,100,0,229.698
2,100,0,255.678
3,100,0,294.917
4,100,0,294.676
5,100,0,239.363
6,100,0,262.501
7,100,0,285.931
8,100,0,286.771
9,100,8.45458,300
10,100,0,291.216
11,100,0,290.833
12,100,9.17562,300
13,100,0,290.733
14,100,0,292.253
15,100,9.65731,300
16,100,0,290.616
17,100,9.20423,300
18,100,9.18542,300
19,100,0,292.683
20,100,9.86399,300
21,100,0,292.789
22,100,9.63373,300
23,100,9.67915,300
24,100,9.86028,300
