node_id,initial_energy,remaining_energy,lifetime
0,100,8.62146,300
1,100,0,273.341
2,100,0,272.872
3,100,0,288.352
4,100,0,290.322
5,100,0,294.148
6,100,0,293.761
7,100,0,293.864
8,100,0,290.625
9,100,5.78259,300
10,100,9.6326,300
11,100,3.85883,300
12,100,3.48724,300
13,100,0.174596,300
14,100,6.10949,300
15,100,9.66406,300
16,100,9.1627,300
17,100,8.9681,300
18,100,4.44333,300
19,100,5.77224,300
20,100,9.86307,300
21,100,9.18625,300
22,100,9.62978,300
23,100,5.16689,300
24,100,6.60358,300
