node_id,initial_energy,remaining_energy,lifetime
0,100,8.1054,300
1,100,0,261.458
2,100,0,275.312
3,100,0,287.86
4,100,0,291.557
5,100,0,255.406
6,100,0,248.084
7,100,0,248.356
8,100,0,288.992
9,100,9.08932,300
10,100,0,283.744
11,100,0,248.737
12,100,0,290.629
13,100,0,290.992
14,100,9.17171,300
15,100,9.61896,300
16,100,0,249.975
17,100,9.20687,300
18,100,0,290.99
19,100,8.76379,300
20,100,9.78607,300
21,100,0,291.387
22,100,9.59471,300
23,100,0,292.389
24,100,0,293.284
