node_id,initial_energy,remaining_energy,lifetime
0,100,7.56857,300
1,100,0,244.07
2,100,0,297.972
3,100,0,297.819
4,100,9.8682,300
5,100,0,245.326
6,100,0,243.589
7,100,7.06746,300
8,100,0,289.534
9,100,9.27049,300
10,100,0,289.802
11,100,0,250.712
12,100,8.96852,300
13,100,0,289.38
14,100,9.6562,300
15,100,0,289.031
16,100,0,291.205
17,100,9.19904,300
18,100,0,291.294
19,100,9.70581,300
20,100,0,292.922
21,100,9.6635,300
22,100,9.60113,300
23,100,9.22736,300
24,100,9.86438,300
