node_id,initial_energy,remaining_energy,lifetime
0,100,7.12096,300
1,100,0,253.167
2,100,0,288.149
3,100,0,291.072
4,100,9.84856,300
5,100,0,211.924
6,100,0,282.135
7,100,0,286.649
8,100,9.1964,300
9,100,9.22257,300
10,100,0,249.36
11,100,5.66276,300
12,100,0,288.537
13,100,9.20664,300
14,100,9.64893,300
15,100,0,289.187
16,100,9.12695,300
17,100,0,288.363
18,100,9.18879,300
19,100,9.69362,300
20,100,0,292.992
21,100,9.67288,300
22,100,0,291.516
23,100,9.21157,300
24,100,9.8611,300
