node_id,initial_energy,remaining_energy,lifetime
0,100,7.47141,300
1,100,0,258.969
2,100,6.29457,300
3,100,9.08955,300
4,100,9.84472,300
5,100,0,256.167
6,100,0,221.607
7,100,0,251.507
8,100,0,288.83
9,100,9.68796,300
10,100,0,267.465
11,100,0,284.346
12,100,0,290.009
13,100,0,288.63
14,100,9.6561,300
15,100,0,288.862
16,100,0,288.762
17,100,9.09015,300
18,100,0,288.596
19,100,9.20615,300
20,100,9.86018,300
21,100,9.73364,300
22,100,9.65486,300
23,100,0,292.026
24,100,9.84749,300
