node_id,initial_energy,remaining_energy,lifetime
0,100,7.60681,300
1,100,0,241.21
2,100,0,261.048
3,100,0,291.278
4,100,0,293.544
5,100,0,243.498
6,100,0,273.282
7,100,0,282.248
8,100,0,290.394
9,100,9.21234,300
10,100,0,249.797
11,100,0,292.36
12,100,9.18501,300
13,100,0,290.235
14,100,0,291.459
15,100,0,291.089
16,100,9.18412,300
17,100,9.18202,300
18,100,9.16242,300
19,100,0,292.28
20,100,0,293.466
21,100,9.20738,300
22,100,9.62893,300
23,100,9.67973,300
24,100,9.8592,300
