node_id,initial_energy,remaining_energy,lifetime
0,100,7.57648,300
1,100,0,242.903
2,100,0,287.045
3,100,9.19773,300
4,100,9.50249,300
5,100,0,262.538
6,100,0,235.817
7,100,0,250.13
8,100,0,251.714
9,100,0,293.05
10,100,8.62167,300
11,100,0,289.566
12,100,8.78456,300
13,100,0,253.574
14,100,9.5836,300
15,100,9.20459,300
16,100,9.17594,300
17,100,8.9442,300
18,100,0,291.469
19,100,9.19249,300
20,100,9.84489,300
21,100,9.7304,300
22,100,9.50457,300
23,100,0,294.266
24,100,9.83409,300
