node_id,initial_energy,remaining_energy,lifetime
0,100,6.75508,300
1,100,0,191.356
2,100,0,236.583
3,100,0,269.259
4,100,0.693205,300
5,100,0,186.376
6,100,0,194.784
7,100,0,214.645
8,100,0,237.664
9,100,9.69065,300
10,100,0,202.969
11,100,0,295.541
12,100,0,298.638
13,100,0,267.877
14,100,0,270.677
15,100,0,213.086
16,100,0,268.026
17,100,0.415694,300
18,100,0,274.75
19,100,0.43556,300
20,100,0,244.331
21,100,0,269.987
22,100,0.56374,300
23,100,1.84896,300
24,100,9.86204,300
