node_id,initial_energy,remaining_energy,lifetime
0,100,8.93677,300
1,100,0.587019,300
2,100,6.05882,300
3,100,3.98771,300
4,100,8.60608,300
5,100,0,298.327
6,100,0,288.45
7,100,0,282.799
8,100,7.713,300
9,100,8.87171,300
10,100,6.8443,300
11,100,5.07973,300
12,100,0,285.866
13,100,8.91683,300
14,100,9.62311,300
15,100,9.1944,300
16,100,5.14906,300
17,100,0,286.231
18,100,9.04762,300
19,100,9.67694,300
20,100,9.8425,300
21,100,9.46412,300
22,100,0,289.354
23,100,9.10301,300
24,100,9.85745,300
