node_id,initial_energy,remaining_energy,lifetime
0,100,8.52136,300
1,100,0,296.283
2,100,3.45527,300
3,100,3.38625,300
4,100,9.85082,300
5,100,0,274.415
6,100,1.93415,300
7,100,0,297.294
8,100,0,285.921
9,100,9.19524,300
10,100,9.41872,300
11,100,8.96667,300
12,100,5.99684,300
13,100,0,285.551
14,100,9.6341,300
15,100,9.0341,300
16,100,9.13316,300
17,100,9.05526,300
18,100,0,287.481
19,100,9.68232,300
20,100,9.8593,300
21,100,9.66334,300
22,100,9.6015,300
23,100,9.17417,300
24,100,9.84629,300
