node_id,initial_energy,remaining_energy,lifetime
0,100,8.55934,300
1,100,0,295.042
2,100,9.20872,300
3,100,9.20079,300
4,100,9.84603,300
5,100,0,271.447
6,100,0,281.759
7,100,2.8449,300
8,100,9.16967,300
9,100,9.69239,300
10,100,0,284.629
11,100,1.12774,300
12,100,2.51882,300
13,100,8.86469,300
14,100,9.65337,300
15,100,9.56254,300
16,100,0,299.63
17,100,2.8855,300
18,100,9.17505,300
19,100,9.1869,300
20,100,9.86936,300
21,100,0,286.814
22,100,5.00776,300
23,100,9.66962,300
24,100,9.85715,300
