node_id,initial_energy,remaining_energy,lifetime
0,100,8.63603,300
1,100,0,297.316
2,100,7.062,300
3,100,9.72173,300
4,100,9.86183,300
5,100,0,278.762
6,100,0,281.131
7,100,6.37748,300
8,100,9.14204,300
9,100,9.19846,300
10,100,0,284.287
11,100,0,283.88
12,100,9.0799,300
13,100,9.15952,300
14,100,9.50043,300
15,100,9.68261,300
16,100,9.1463,300
17,100,9.15391,300
18,100,9.1583,300
19,100,9.17325,300
20,100,9.86283,300
21,100,9.19487,300
22,100,9.62695,300
23,100,9.6763,300
24,100,9.84953,300
