node_id,initial_energy,remaining_energy,lifetime
0,100,7.70919,300
1,100,0,252.384
2,100,0,287.167
3,100,0,291.001
4,100,0,292.999
5,100,0,243.493
6,100,0,247.227
7,100,0,279.605
8,100,5.07998,300
9,100,9.13476,300
10,100,0,266.664
11,100,0,278.34
12,100,0,289.358
13,100,4.29213,300
14,100,5.7563,300
15,100,1.13341,300
16,100,3.89523,300
17,100,8.05975,300
18,100,9.11974,300
19,100,6.3409,300
20,100,0,293.466
21,100,5.40302,300
22,100,9.62472,300
23,100,9.66184,300
24,100,9.8592,300
