node_id,initial_energy,remaining_energy,lifetime
0,100,7.19617,300
1,100,0,243.026
2,100,1.49681,300
3,100,0,296.073
4,100,9.40457,300
5,100,0,213.097
6,100,0,235.643
7,100,0,262.264
8,100,6.03271,300
9,100,9.26835,300
10,100,0,252.769
11,100,4.18084,300
12,100,0,282.138
13,100,9.09467,300
14,100,9.63872,300
15,100,0,292.228
16,100,6.05361,300
17,100,0,293.81
18,100,9.08625,300
19,100,9.6789,300
20,100,0,295.657
21,100,9.38896,300
22,100,0,295.989
23,100,9.10854,300
24,100,9.85973,300
