node_id,initial_energy,remaining_energy,lifetime
0,100,7.8972,300
1,100,0,237.872
2,100,0,264.604
3,100,1.31348,300
4,100,0,297.72
5,100,0,249.77
6,100,0,232.83
7,100,0,273.274
8,100,0,283.289
9,100,6.46966,300
10,100,0,288.467
11,100,2.50991,300
12,100,2.09393,300
13,100,0,296.007
14,100,0,298.315
15,100,9.31361,300
16,100,1.68781,300
17,100,4.7613,300
18,100,8.944,300
19,100,0,298.147
20,100,9.57959,300
21,100,0,295.372
22,100,6.14578,300
23,100,9.68908,300
24,100,9.86901,300
