node_id,initial_energy,remaining_energy,lifetime
0,100,7.64062,300
1,100,0,253.417
2,100,0,297.832
3,100,0.265742,300
4,100,0,291.865
5,100,0,256.623
6,100,0,230.881
7,100,0,263.951
8,100,1.68762,300
9,100,5.78672,300
10,100,0,262.713
11,100,0,287.11
12,100,0,284.71
13,100,5.52931,300
14,100,9.66657,300
15,100,0,288.411
16,100,0,288.508
17,100,7.67277,300
18,100,5.54402,300
19,100,9.22528,300
20,100,9.84859,300
21,100,9.7193,300
22,100,8.45252,300
23,100,4.84006,300
24,100,9.64445,300
