node_id,initial_energy,remaining_energy,lifetime
0,100,7.19719,300
1,100,0,251.022
2,100,0.901571,300
3,100,0,296.121
4,100,9.86612,300
5,100,0,220.848
6,100,0,238.54
7,100,0.784141,300
8,100,0,287.322
9,100,9.25679,300
10,100,0,266.596
11,100,0,245.204
12,100,2.48707,300
13,100,0,293.32
14,100,9.64822,300
15,100,1.39067,300
16,100,0,283.571
17,100,8.63424,300
18,100,0,294.418
19,100,9.69753,300
20,100,0,296.513
21,100,6.05069,300
22,100,9.29971,300
23,100,9.2251,300
24,100,9.85036,300
