node_id,initial_energy,remaining_energy,lifetime
0,100,7.8533,300
1,100,0,261.933
2,100,0,290.453
3,100,5.70049,300
4,100,6.29745,300
5,100,0,265.323
6,100,0,247.218
7,100,0,245.004
8,100,0,282.8
9,100,8.70222,300
10,100,0,294.377
11,100,0,260.713
12,100,0,284.51
13,100,0,284.71
14,100,9.41378,300
15,100,8.72934,300
16,100,0,260.556
17,100,7.12624,300
18,100,0,285.863
19,100,2.06552,300
20,100,9.6725,300
21,100,0,296.147
22,100,7.66374,300
23,100,1.58243,300
24,100,2.11844,300
