node_id,initial_energy,remaining_energy,lifetime
0,100,7.7927,300
1,100,0,255.801
2,100,0,283.103
3,100,8.45928,300
4,100,9.28472,300
5,100,0,282.301
6,100,0,250.005
7,100,0,285.999
8,100,0,240.257
9,100,0,299.991
10,100,8.33967,300
11,100,0,282.946
12,100,6.88462,300
13,100,0,246.036
14,100,9.43102,300
15,100,9.03634,300
16,100,9.12694,300
17,100,7.53955,300
18,100,7.63931,300
19,100,9.1948,300
20,100,9.84418,300
21,100,9.72246,300
22,100,8.48217,300
23,100,7.10202,300
24,100,9.83056,300
