node_id,initial_energy,remaining_energy,lifetime
0,100,7.83746,300
1,100,0,245.067
2,100,0,280.024
3,100,9.75106,300
4,100,9.87028,300
5,100,0,278.209
6,100,0,296.763
7,100,0.110226,300
8,100,4.39348,300
9,100,9.18716,300
10,100,2.46726,300
11,100,0,284.615
12,100,0,290.597
13,100,6.09653,300
14,100,5.91685,300
15,100,9.68208,300
16,100,4.52684,300
17,100,0,291.159
18,100,9.15107,300
19,100,7.65544,300
20,100,9.8722,300
21,100,9.14548,300
22,100,0,295.32
23,100,9.19109,300
24,100,9.85007,300
