node_id,initial_energy,remaining_energy,lifetime
0,100,7.53372,300
1,100,0,263.048
2,100,1.59554,300
3,100,0,295.301
4,100,9.83367,300
5,100,0,240.951
6,100,0,244.759
7,100,0,299.955
8,100,0,277.953
9,100,9.24182,300
10,100,2.22377,300
11,100,0,251.803
12,100,1.9606,300
13,100,0,286.641
14,100,9.65265,300
15,100,2.44057,300
16,100,0,289.197
17,100,7.89938,300
18,100,0,294.263
19,100,9.69326,300
20,100,0,299.273
21,100,5.75687,300
22,100,8.04258,300
23,100,8.68327,300
24,100,9.85959,300
