node_id,initial_energy,remaining_energy,lifetime
0,100,7.80942,300
1,100,0,276.957
2,100,7.68696,300
3,100,9.19332,300
4,100,9.84404,300
5,100,0,264.656
6,100,0,245.49
7,100,0,282.009
8,100,5.26446,300
9,100,9.66576,300
10,100,0,270.006
11,100,0,286.639
12,100,0,287.239
13,100,6.32138,300
14,100,9.64547,300
15,100,0,288.871
16,100,0,289.271
17,100,9.05836,300
18,100,8.82263,300
19,100,9.20799,300
20,100,9.85694,300
21,100,9.72765,300
22,100,9.66614,300
23,100,9.17702,300
24,100,9.68233,300
