node_id,initial_energy,remaining_energy,lifetime
0,100,8.51048,300
1,100,0,288.69
2,100,2.25258,300
3,100,8.23688,300
4,100,8.64922,300
5,100,0,284.093
6,100,0,273.735
7,100,0,283.367
8,100,7.98561,300
9,100,9.32797,300
10,100,0.673515,300
11,100,0,266.115
12,100,0,288.751
13,100,8.64551,300
14,100,9.62137,300
15,100,9.20916,300
16,100,0,267.285
17,100,8.86448,300
18,100,8.68434,300
19,100,9.17496,300
20,100,9.41095,300
21,100,0,299.783
22,100,9.21783,300
23,100,8.8572,300
24,100,9.32631,300
