node_id,initial_energy,remaining_energy,lifetime
0,100,7.56073,300
1,100,0,237.057
2,100,0,272.075
3,100,9.73599,300
4,100,9.83781,300
5,100,0,259.79
6,100,0,288.944
7,100,0,278.451
8,100,0,277.745
9,100,9.21045,300
10,100,0.335928,300
11,100,0,296.905
12,100,0,297.902
13,100,0,286.856
14,100,0,288.324
15,100,9.69282,300
16,100,9.19754,300
17,100,9.15429,300
18,100,9.13167,300
19,100,0,290.368
20,100,9.87425,300
21,100,9.20169,300
22,100,9.55006,300
23,100,9.215,300
24,100,9.85879,300
