node_id,initial_energy,remaining_energy,lifetime
0,100,8.03357,300
1,100,0,261.937
2,100,0,297.864
3,100,0,299.249
4,100,9.85282,300
5,100,0,243.753
6,100,0,275.193
7,100,5.51339,300
8,100,0,287.322
9,100,9.20819,300
10,100,0,290.541
11,100,0,284.425
12,100,9.00195,300
13,100,0,286.691
14,100,9.64164,300
15,100,0,289.326
16,100,0,286.331
17,100,9.16492,300
18,100,0,288.778
19,100,9.70672,300
20,100,0,290.79
21,100,8.93702,300
22,100,9.60245,300
23,100,9.22084,300
24,100,9.87039,300
