node_id,initial_energy,remaining_energy,lifetime
0,100,8.11284,300
1,100,0,245.886
2,100,0,260.392
3,100,0,299.673
4,100,0,293.268
5,100,0,253.495
6,100,0,277.008
7,100,5.43739,300
8,100,5.55468,300
9,100,6.58553,300
10,100,0,288.714
11,100,0,289.014
12,100,9.18421,300
13,100,9.19601,300
14,100,9.64783,300
15,100,9.68606,300
16,100,0,288.982
17,100,9.17245,300
18,100,9.18226,300
19,100,9.20357,300
20,100,9.86055,300
21,100,0,291.128
22,100,9.61409,300
23,100,9.6765,300
24,100,9.85564,300
