node_id,initial_energy,remaining_energy,lifetime
0,100,7.934,300
1,100,0,277.44
2,100,6.1456,300
3,100,6.25777,300
4,100,9.81878,300
5,100,0,257.215
6,100,0,249.283
7,100,0,250.152
8,100,0,278.749
9,100,9.65774,300
10,100,0,274.259
11,100,0,283.626
12,100,0,284.469
13,100,0,278.644
14,100,9.65059,300
15,100,0,287.812
16,100,0,287.212
17,100,9.10304,300
18,100,0,284.151
19,100,9.21776,300
20,100,9.84569,300
21,100,9.71945,300
22,100,9.6547,300
23,100,0,287.769
24,100,9.85178,300
