node_id,initial_energy,remaining_energy,lifetime
0,100,8.01468,300
1,100,0,263.911
2,100,7.31946,300
3,100,8.69304,300
4,100,9.53032,300
5,100,0,271.097
6,100,0,235.397
7,100,0,248.665
8,100,0,249.36
9,100,0,291.42
10,100,7.67068,300
11,100,0,286.465
12,100,8.24875,300
13,100,0,250.733
14,100,9.57245,300
15,100,9.21202,300
16,100,9.17322,300
17,100,8.40786,300
18,100,0,289.877
19,100,9.20125,300
20,100,9.84529,300
21,100,9.72041,300
22,100,8.95111,300
23,100,0,290.979
24,100,9.83676,300
