node_id,initial_energy,remaining_energy,lifetime
0,100,7.52592,300
1,100,0,248.647
2,100,0,260.79
3,100,0,289.869
4,100,0,292.078
5,100,0,256.257
6,100,0,268.296
7,100,0,281.791
8,100,0,288.305
9,100,9.23079,300
10,100,0,288.088
11,100,0,289.157
12,100,9.19074,300
13,100,0,288.156
14,100,0,289.383
15,100,9.67254,300
16,100,9.18207,300
17,100,9.19693,300
18,100,9.17333,300
19,100,0,290.369
20,100,9.86283,300
21,100,9.22556,300
22,100,9.62627,300
23,100,9.67912,300
24,100,9.8592,300
