node_id,initial_energy,remaining_energy,lifetime
0,100,5.98227,300
1,100,0,199.461
2,100,0,246.6
3,100,0,283.938
4,100,2.71481,300
5,100,0,189.127
6,100,0,191.606
7,100,0,197.323
8,100,0,251.136
9,100,7.86508,300
10,100,0,239.879
11,100,0,256.824
12,100,0,250.645
13,100,0,276.818
14,100,0,297.348
15,100,0,272.871
16,100,0,281.325
17,100,0,286.341
18,100,0,282.486
19,100,4.61923,300
20,100,1.12832,300
21,100,2.11865,300
22,100,2.94518,300
23,100,0.252759,300
24,100,5.75303,300
