node_id,initial_energy,remaining_energy,lifetime
0,100,6.55564,300
1,100,0,192.09
2,100,0,230.403
3,100,0,281.783
4,100,0,283.463
5,100,0,195.741
6,100,0,208.152
7,100,0,245.805
8,100,0,285.13
9,100,2.75009,300
10,100,0,227.692
11,100,0,233.482
12,100,0,273.69
13,100,0,254.691
14,100,0,259.838
15,100,0,276.994
16,100,0,280.961
17,100,0,284.105
18,100,4.38569,300
19,100,1.50941,300
20,100,1.49395,300
21,100,2.18039,300
22,100,2.8578,300
23,100,7.77816,300
24,100,9.42264,300
