node_id,initial_energy,remaining_energy,lifetime
0,100,6.01087,300
1,100,0,181.282
2,100,0,206.375
3,100,0,228.611
4,100,1.57155,300
5,100,0,195.486
6,100,0,193.844
7,100,0,212.031
8,100,0,226.27
9,100,1.93222,300
10,100,0,235.002
11,100,0,245.972
12,100,0,266.629
13,100,0,240.32
14,100,0,283.08
15,100,0,271.645
16,100,0,275.248
17,100,1.27197,300
18,100,0,291.738
19,100,1.73714,300
20,100,1.3023,300
21,100,1.66277,300
22,100,2.09429,300
23,100,3.54431,300
24,100,5.90435,300
