node_id,initial_energy,remaining_energy,lifetime
0,100,6.33654,300
1,100,0,201.358
2,100,0,225.55
3,100,0,265.345
4,100,0.0667198,300
5,100,0,192.74
6,100,0,243.228
7,100,0,229.366
8,100,0,262.507
9,100,0.0259525,300
10,100,0,189.304
11,100,0,193.102
12,100,0,202.136
13,100,0,225.258
14,100,9.668,300
15,100,0,219.853
16,100,0,274.486
17,100,1.24447,300
18,100,0,251.951
19,100,1.57201,300
20,100,0,276.941
21,100,1.59797,300
22,100,1.89345,300
23,100,1.72067,300
24,100,2.20089,300
