node_id,initial_energy,remaining_energy,lifetime
0,100,8.49008,300
1,100,0,283.582
2,100,6.56797,300
3,100,9.19088,300
4,100,9.85393,300
5,100,0,284.387
6,100,0,260.159
7,100,0,289.263
8,100,0,289.169
9,100,0,299.559
10,100,8.66711,300
11,100,0,286.131
12,100,8.63558,300
13,100,0,295.378
14,100,9.57977,300
15,100,9.19331,300
16,100,9.1472,300
17,100,8.96743,300
18,100,9.0949,300
19,100,9.19362,300
20,100,9.86248,300
21,100,9.72779,300
22,100,9.71603,300
23,100,9.71312,300
24,100,9.84448,300
