node_id,initial_energy,remaining_energy,lifetime
0,100,8.072,300
1,100,0,279.678
2,100,3.66299,300
3,100,2.52209,300
4,100,9.85004,300
5,100,0,258.815
6,100,0,271.735
7,100,2.87085,300
8,100,0,280.449
9,100,9.21465,300
10,100,8.56199,300
11,100,0,287.312
12,100,7.79817,300
13,100,0,283.284
14,100,9.62659,300
15,100,8.76919,300
16,100,0,290.006
17,100,8.89366,300
18,100,0,291.849
19,100,9.67751,300
20,100,9.84835,300
21,100,9.6654,300
22,100,9.59774,300
23,100,9.18986,300
24,100,9.85145,300
