node_id,initial_energy,remaining_energy,lifetime
0,100,6.73187,300
1,100,0,197.797
2,100,0,242.029
3,100,0,292.117
4,100,0,293.807
5,100,0,203.513
6,100,0,222.49
7,100,0,257.642
8,100,0.0681559,300
9,100,3.67449,300
10,100,0,230.802
11,100,0,245.103
12,100,0,283.679
13,100,7.17192,300
14,100,7.18835,300
15,100,0,275.721
16,100,0,284.938
17,100,0,287.273
18,100,9.21019,300
19,100,8.31874,300
20,100,1.62204,300
21,100,2.89101,300
22,100,3.20626,300
23,100,9.24601,300
24,100,9.85366,300
