node_id,initial_energy,remaining_energy,lifetime
0,100,6.75529,300
1,100,0,205.647
2,100,0,245.822
3,100,1.03945,300
4,100,9.13519,300
5,100,0,201.362
6,100,0,226.767
7,100,0,248.648
8,100,0,278.762
9,100,8.79725,300
10,100,0,232.812
11,100,0,265.407
12,100,0,295.435
13,100,1.37775,300
14,100,9.58148,300
15,100,0,277.637
16,100,0,289.927
17,100,6.0311,300
18,100,2.90025,300
19,100,9.03647,300
20,100,2.11611,300
21,100,3.18953,300
22,100,5.83603,300
23,100,7.01322,300
24,100,8.15006,300
