node_id,initial_energy,remaining_energy,lifetime
0,100,6.63232,300
1,100,0,197.801
2,100,0,243.26
3,100,0,281.549
4,100,2.76259,300
5,100,0,201.112
6,100,0,198.041
7,100,0,220.378
8,100,0,237.892
9,100,0.10346,300
10,100,0,237.051
11,100,0,262.413
12,100,0,284.891
13,100,0,285.25
14,100,4.46654,300
15,100,0,277.793
16,100,0,294.164
17,100,5.12833,300
18,100,5.59123,300
19,100,9.23102,300
20,100,0.841727,300
21,100,7.30726,300
22,100,8.80377,300
23,100,8.32129,300
24,100,8.90043,300
