node_id,initial_energy,remaining_energy,lifetime
0,100,6.64784,300
1,100,0,205.16
2,100,0,263.171
3,100,0,298.187
4,100,6.16951,300
5,100,0,200.893
6,100,0,203.668
7,100,0,198.613
8,100,0,277.166
9,100,6.10122,300
10,100,0,231.755
11,100,0,293.299
12,100,0,238.555
13,100,0,294.426
14,100,9.22469,300
15,100,0,272.701
16,100,7.37185,300
17,100,0,296.457
18,100,3.99132,300
19,100,9.66637,300
20,100,1.12408,300
21,100,9.36572,300
22,100,4.55901,300
23,100,9.20557,300
24,100,9.86061,300
