node_id,initial_energy,remaining_energy,lifetime
0,100,6.28383,300
1,100,0,192.38
2,100,0,213.317
3,100,0,267.34
4,100,0,293.309
5,100,0,200.511
6,100,0,207.601
7,100,0,221.632
8,100,0,279.23
9,100,4.26089,300
10,100,0,251.969
11,100,0,271.89
12,100,0,272.253
13,100,0,267.74
14,100,0,282.689
15,100,0,275.87
16,100,0,299.097
17,100,0,288.514
18,100,5.08089,300
19,100,3.49609,300
20,100,1.74997,300
21,100,2.98903,300
22,100,3.42488,300
23,100,9.64152,300
24,100,9.77905,300
