node_id,initial_energy,remaining_energy,lifetime
0,100,5.77261,300
1,100,0,186.237
2,100,0,220.883
3,100,0,250.793
4,100,3.98479,300
5,100,0,195.163
6,100,0,197.087
7,100,0,218.082
8,100,0,240.574
9,100,2.37568,300
10,100,0,242.461
11,100,0,259.574
12,100,0,271.17
13,100,0,251.167
14,100,0,285.847
15,100,0,278.585
16,100,0,290.385
17,100,5.97363,300
18,100,0,293.779
19,100,2.56635,300
20,100,2.32407,300
21,100,3.16937,300
22,100,6.58871,300
23,100,4.75746,300
24,100,7.73907,300
