node_id,initial_energy,remaining_energy,lifetime
0,100,6.10737,300
1,100,0,201.411
2,100,0,250.822
3,100,0,287.548
4,100,2.75094,300
5,100,0,212.295
6,100,0,190.437
7,100,0,207.668
8,100,0,259.035
9,100,7.27786,300
10,100,0,235.563
11,100,0,256.029
12,100,0,268.695
13,100,0,283.15
14,100,0,295.75
15,100,0,268.37
16,100,0,281.088
17,100,0.224559,300
18,100,0,294.668
19,100,4.70229,300
20,100,1.03266,300
21,100,2.14239,300
22,100,7.18809,300
23,100,4.23172,300
24,100,9.86708,300
