node_id,initial_energy,remaining_energy,lifetime
0,100,6.42651,300
1,100,0,203.195
2,100,0,241.341
3,100,0,298.967
4,100,9.39956,300
5,100,0,211.209
6,100,0,234.293
7,100,0,217.114
8,100,0,253.496
9,100,9.20405,300
10,100,0,258.764
11,100,0,252.759
12,100,0,288
13,100,0,282.471
14,100,9.56577,300
15,100,0,272.764
16,100,0,284.412
17,100,3.10239,300
18,100,2.60527,300
19,100,9.0185,300
20,100,0.848323,300
21,100,2.22948,300
22,100,2.88863,300
23,100,6.50894,300
24,100,7.8033,300
