node_id,initial_energy,remaining_energy,lifetime
0,100,6.79206,300
1,100,0,205.811
2,100,0,265.604
3,100,0,299.992
4,100,6.64541,300
5,100,0,205.569
6,100,0,210.269
7,100,0,203.5
8,100,0,260.015
9,100,6.34821,300
10,100,0,251.849
11,100,0,291.254
12,100,0,253.072
13,100,0,284.688
14,100,9.26832,300
15,100,0.699073,300
16,100,6.00542,300
17,100,0,282.209
18,100,2.40385,300
19,100,9.29933,300
20,100,1.69449,300
21,100,9.4063,300
22,100,2.39534,300
23,100,9.19183,300
24,100,9.74847,300
