node_id,initial_energy,remaining_energy,lifetime
0,100,6.14261,300
1,100,0,194.193
2,100,0,255.201
3,100,0.352638,300
4,100,9.79495,300
5,100,0,187.481
6,100,0,197.618
7,100,0,224.469
8,100,0,229.951
9,100,0,278.544
10,100,0,243.765
11,100,0,268.689
12,100,0,251.574
13,100,0,290.316
14,100,0,299.64
15,100,0,275.479
16,100,1.22314,300
17,100,0,281.354
18,100,3.77491,300
19,100,5.99096,300
20,100,2.10234,300
21,100,1.99524,300
22,100,1.7548,300
23,100,3.69102,300
24,100,6.44328,300
