node_id,initial_energy,remaining_energy,lifetime
0,100,6.08753,300
1,100,0,187.436
2,100,0,228.61
3,100,0,248.463
4,100,3.18377,300
5,100,0,197.086
6,100,0,219.964
7,100,0,233.87
8,100,0,240.874
9,100,4.29664,300
10,100,0,243.993
11,100,0,251.108
12,100,0,284.595
13,100,0,250.495
14,100,1.85197,300
15,100,0,280.226
16,100,0,280.399
17,100,1.30495,300
18,100,0.169532,300
19,100,2.00886,300
20,100,2.75432,300
21,100,2.03255,300
22,100,1.82837,300
23,100,6.90719,300
24,100,6.9671,300
