node_id,initial_energy,remaining_energy,lifetime
0,100,7.6951,300
1,100,0,241.014
2,100,9.65434,300
3,100,9.6363,300
4,100,9.86394,300
5,100,0,231.845
6,100,0,249.411
7,100,4.94726,300
8,100,9.16837,300
9,100,9.23269,300
10,100,0,238.319
11,100,0,297.297
12,100,8.52655,300
13,100,9.18876,300
14,100,9.54035,300
15,100,0,278.126
16,100,8.91381,300
17,100,9.17505,300
18,100,9.19151,300
19,100,9.21258,300
20,100,2.1064,300
21,100,9.05298,300
22,100,9.64522,300
23,100,9.67169,300
24,100,9.86088,300
