node_id,initial_energy,remaining_energy,lifetime
0,100,6.87614,300
1,100,0,222.4
2,100,0,211.933
3,100,0,258.716
4,100,0,292.524
5,100,0,223.763
6,100,0,212.586
7,100,0,239.189
8,100,0,283.453
9,100,4.32277,300
10,100,0,240.253
11,100,0,271.343
12,100,0,282.311
13,100,2.69823,300
14,100,5.75915,300
15,100,0,269.67
16,100,0,294.723
17,100,0,298.181
18,100,5.90943,300
19,100,7.4687,300
20,100,0.744806,300
21,100,1.81532,300
22,100,2.27998,300
23,100,8.89892,300
24,100,9.7651,300
