node_id,initial_energy,remaining_energy,lifetime
0,100,6.32852,300
1,100,0,218.882
2,100,0,229.137
3,100,0,271.431
4,100,1.40459,300
5,100,0,197.883
6,100,0,191.52
7,100,0,212.701
8,100,0,227.367
9,100,2.78145,300
10,100,0,227.427
11,100,0,278.731
12,100,0,277.586
13,100,0,271.474
14,100,9.55931,300
15,100,0,279.831
16,100,0,288.087
17,100,1.92273,300
18,100,1.11474,300
19,100,9.21847,300
20,100,0.840703,300
21,100,6.51836,300
22,100,5.93306,300
23,100,6.36383,300
24,100,8.19724,300
