node_id,initial_energy,remaining_energy,lifetime
0,100,6.8475,300
1,100,0,198.476
2,100,0,256.898
3,100,9.70025,300
4,100,9.81713,300
5,100,0,205.015
6,100,0,223.69
7,100,0,254.444
8,100,1.89995,300
9,100,9.22298,300
10,100,0,225.103
11,100,0,245.97
12,100,0,279.603
13,100,1.48129,300
14,100,1.44235,300
15,100,0,270.855
16,100,0,298.677
17,100,0,279.525
18,100,7.90965,300
19,100,5.60486,300
20,100,0.860474,300
21,100,9.13272,300
22,100,2.5034,300
23,100,9.19536,300
24,100,9.53715,300
