node_id,initial_energy,remaining_energy,lifetime
0,100,7.67969,300
1,100,0,227.797
2,100,0,253.964
3,100,0,292.879
4,100,0,295.885
5,100,0,243.358
6,100,0,231.108
7,100,0,290.557
8,100,0,291.43
9,100,9.45789,300
10,100,0,288.974
11,100,0,291.016
12,100,8.73429,300
13,100,0,291.932
14,100,0,293.488
15,100,9.43642,300
16,100,0,291.807
17,100,9.21067,300
18,100,9.18369,300
19,100,0,293.883
20,100,9.85808,300
21,100,0,294.046
22,100,9.64765,300
23,100,9.68906,300
24,100,9.86028,300
