node_id,initial_energy,remaining_energy,lifetime
0,100,7.506,300
1,100,0,247.227
2,100,0,284.306
3,100,0,288.711
4,100,0,292.465
5,100,0,252.208
6,100,0,221.511
7,100,0,252.333
8,100,0,289.671
9,100,9.67102,300
10,100,0,273.356
11,100,0,288.646
12,100,0,290.995
13,100,0,289.571
14,100,9.65598,300
15,100,0,289.953
16,100,0,290.389
17,100,9.10383,300
18,100,0,289.539
19,100,9.22627,300
20,100,9.85561,300
21,100,9.72672,300
22,100,9.64607,300
23,100,0,292.972
24,100,9.86296,300
