node_id,initial_energy,remaining_energy,lifetime
0,100,7.54359,300
1,100,0,246.861
2,100,0,268.813
3,100,0,290.166
4,100,0,292.624
5,100,0,237.876
6,100,0,245.372
7,100,0,257.187
8,100,0,289.966
9,100,9.23328,300
10,100,0,250.994
11,100,0,290.994
12,100,0,291.738
13,100,0,289.877
14,100,0,290.999
15,100,0,292.013
16,100,9.09163,300
17,100,9.18879,300
18,100,9.1722,300
19,100,0,291.975
20,100,0,293.966
21,100,9.09454,300
22,100,9.62839,300
23,100,9.67065,300
24,100,9.8592,300
