node_id,initial_energy,remaining_energy,lifetime
0,100,8.63125,300
1,100,0,273.248
2,100,0,275.993
3,100,0,289.19
4,100,0,291.286
5,100,0,297.197
6,100,0,291.884
7,100,0,292.742
8,100,0,290.203
9,100,4.05775,300
10,100,9.6218,300
11,100,4.94949,300
12,100,4.63812,300
13,100,1.71554,300
14,100,4.49425,300
15,100,9.66179,300
16,100,9.17917,300
17,100,9.02036,300
18,100,5.23903,300
19,100,6.58785,300
20,100,9.84713,300
21,100,9.18253,300
22,100,9.62272,300
23,100,5.95028,300
24,100,7.38175,300
