node_id,initial_energy,remaining_energy,lifetime
0,100,7.64111,300
1,100,0,246.137
2,100,0,255.887
3,100,0,285.062
4,100,0,293.003
5,100,0,241.788
6,100,0,244.992
7,100,0,229.939
8,100,0,251.637
9,100,8.86414,300
10,100,0,285.72
11,100,0,251.452
12,100,0,292.496
13,100,0,253.741
14,100,8.82945,300
15,100,9.65005,300
16,100,0,253.533
17,100,9.20706,300
18,100,0,253.841
19,100,0,291.148
20,100,9.81512,300
21,100,0,292.851
22,100,9.61016,300
23,100,0,293.597
24,100,0,294.659
