node_id,initial_energy,remaining_energy,lifetime
0,100,7.13543,300
1,100,0,237.958
2,100,0,297.545
3,100,0,297.863
4,100,9.86025,300
5,100,0,223.007
6,100,0,246.496
7,100,7.41979,300
8,100,0,291.383
9,100,9.25049,300
10,100,0,254.301
11,100,0,252.504
12,100,9.18022,300
13,100,0,291.206
14,100,9.64935,300
15,100,0,292.803
16,100,0,291.413
17,100,9.20877,300
18,100,0,293.071
19,100,9.70019,300
20,100,0,294.993
21,100,9.21198,300
22,100,9.60683,300
23,100,9.23103,300
24,100,9.85044,300
