node_id,initial_energy,remaining_energy,lifetime
0,100,7.16679,300
1,100,0,234.918
2,100,0,291.608
3,100,0,294.087
4,100,9.86908,300
5,100,0,211.696
6,100,0,249.983
7,100,0,290.854
8,100,9.19695,300
9,100,9.25946,300
10,100,0,253.665
11,100,7.00607,300
12,100,0,291.736
13,100,9.20017,300
14,100,9.64829,300
15,100,0,291.672
16,100,9.14305,300
17,100,0,291.536
18,100,9.1983,300
19,100,9.68747,300
20,100,0,295.359
21,100,9.67234,300
22,100,0,294.582
23,100,9.22206,300
24,100,9.86547,300
