node_id,initial_energy,remaining_energy,lifetime
0,100,7.09737,300
1,100,0,236.249
2,100,0,287.917
3,100,9.21938,300
4,100,9.79302,300
5,100,0,242.354
6,100,0,235.893
7,100,0,250.323
8,100,0,252.08
9,100,0,293.988
10,100,0,290.266
11,100,0,291.767
12,100,8.65567,300
13,100,0,253.786
14,100,9.60317,300
15,100,0,289.368
16,100,9.20371,300
17,100,8.97993,300
18,100,0,291.63
19,100,9.23109,300
20,100,0,293.235
21,100,9.73759,300
22,100,9.5165,300
23,100,0,294.311
24,100,9.84813,300
