node_id,initial_energy,remaining_energy,lifetime
0,100,5.47177,300
1,100,0,251.521
2,100,0.462915,300
3,100,0.0132631,300
4,100,1.22733,300
5,100,0,176.959
6,100,0,205.569
7,100,0,222.883
8,100,0,248.195
9,100,0,274.785
10,100,0,177.975
11,100,0,183.792
12,100,0,211.637
13,100,0,235.074
14,100,0,283.277
15,100,0,264.502
16,100,0,256.684
17,100,0,254.689
18,100,0,238.957
19,100,0,267.111
20,100,0,299.379
21,100,0,296.518
22,100,0,298.779
23,100,0.119476,300
24,100,0.538083,300
