node_id,initial_energy,remaining_energy,lifetime
0,100,5.52501,300
1,100,0,223.986
2,100,0,257.379
3,100,9.73971,300
4,100,9.83324,300
5,100,0,173.759
6,100,0,232.389
7,100,0,229.032
8,100,0,295.922
9,100,9.36096,300
10,100,0,178.519
11,100,0,184.286
12,100,0,241.296
13,100,0,246.481
14,100,0,286.28
15,100,0,273.501
16,100,0,191.904
17,100,0,211.519
18,100,0,263.394
19,100,0,291.585
20,100,0,298.69
21,100,7.36997,300
22,100,0,240.422
23,100,0,269.92
24,100,0,299.995
