node_id,initial_energy,remaining_energy,lifetime
0,100,6.16603,300
1,100,0,197.232
2,100,0,216.486
3,100,0,263.125
4,100,0,297.17
5,100,0,169.906
6,100,0,244.003
7,100,0,220.819
8,100,0,252.346
9,100,0.385429,300
10,100,0,191.02
11,100,0,195.568
12,100,0,206.699
13,100,0,218.892
14,100,9.6472,300
15,100,0,219.953
16,100,0,270.03
17,100,0,299.774
18,100,0,245.721
19,100,1.40847,300
20,100,0,276.785
21,100,0.279534,300
22,100,0.641569,300
23,100,0.0948294,300
24,100,0.653601,300
