node_id,initial_energy,remaining_energy,lifetime
0,100,8.6754,300
1,100,0,286.238
2,100,1.0242,300
3,100,0,293.992
4,100,9.6997,300
5,100,0,291.57
6,100,0,287.814
7,100,0,277.214
8,100,5.95082,300
9,100,9.19199,300
10,100,5.22688,300
11,100,4.95579,300
12,100,0,284.122
13,100,9.06026,300
14,100,9.62833,300
15,100,9.20278,300
16,100,5.12636,300
17,100,0,284.368
18,100,9.03818,300
19,100,9.67371,300
20,100,9.86614,300
21,100,9.46466,300
22,100,0,286.668
23,100,9.06747,300
24,100,9.84723,300
