node_id,initial_energy,remaining_energy,lifetime
0,100,8.60187,300
1,100,7.57463,300
2,100,9.64252,300
3,100,9.69388,300
4,100,9.88162,300
5,100,0,247.559
6,100,7.5454,300
7,100,7.77917,300
8,100,7.77897,300
9,100,9.2527,300
10,100,0,290.439
11,100,0,288.031
12,100,0,283.404
13,100,0,283.323
14,100,9.55567,300
15,100,9.74885,300
16,100,8.60676,300
17,100,0,285.291
18,100,0,285.24
19,100,9.26457,300
20,100,9.87613,300
21,100,8.61494,300
22,100,0,286.48
23,100,9.70468,300
24,100,9.86061,300
