node_id,initial_energy,remaining_energy,lifetime
0,100,7.91184,300
1,100,0,275.741
2,100,8.36966,300
3,100,9.74417,300
4,100,9.86701,300
5,100,0,247.624
6,100,0,282.812
7,100,0,282.334
8,100,0,286.582
9,100,9.25943,300
10,100,0,292.042
11,100,0,285.642
12,100,7.49806,300
13,100,8.38648,300
14,100,8.77835,300
15,100,9.72084,300
16,100,0,289.395
17,100,0,287.4
18,100,0,287.331
19,100,0,287.976
20,100,9.87651,300
21,100,9.27638,300
22,100,9.5946,300
23,100,9.26339,300
24,100,9.8533,300
