node_id,initial_energy,remaining_energy,lifetime
0,100,6.96885,300
1,100,0,223.913
2,100,0,270.043
3,100,9.73125,300
4,100,9.84126,300
5,100,0,245.727
6,100,0,267.388
7,100,0,269.943
8,100,6.98392,300
9,100,9.19609,300
10,100,0,265.509
11,100,0,267.488
12,100,0,276.955
13,100,5.97367,300
14,100,4.5566,300
15,100,0,294.7
16,100,2.79585,300
17,100,0,262.263
18,100,8.92721,300
19,100,6.61566,300
20,100,9.8722,300
21,100,9.10339,300
22,100,0,298.103
23,100,9.11031,300
24,100,9.79925,300
