node_id,initial_energy,remaining_energy,lifetime
0,100,7.67012,300
1,100,0,242.54
2,100,0,294.445
3,100,0,295.947
4,100,0,297.971
5,100,0,263.984
6,100,0,264.889
7,100,6.64086,300
8,100,8.54079,300
9,100,7.61284,300
10,100,2.42229,300
11,100,0,292.225
12,100,3.91612,300
13,100,8.67739,300
14,100,8.08744,300
15,100,2.21486,300
16,100,4.65688,300
17,100,8.67342,300
18,100,8.70902,300
19,100,8.81265,300
20,100,0,299.403
21,100,6.01532,300
22,100,9.5507,300
23,100,8.91836,300
24,100,9.46721,300
