node_id,initial_energy,remaining_energy,lifetime
0,100,6.86827,300
1,100,0,205.488
2,100,0,264.171
3,100,0.631176,300
4,100,7.97758,300
5,100,0,205.665
6,100,0,204.133
7,100,0,248.459
8,100,1.47891,300
9,100,7.28641,300
10,100,0,260.288
11,100,0,285.711
12,100,0,276.108
13,100,8.88881,300
14,100,9.5338,300
15,100,0.0902149,300
16,100,4.80571,300
17,100,0,282.53
18,100,9.07774,300
19,100,9.58544,300
20,100,1.08955,300
21,100,9.42364,300
22,100,1.99272,300
23,100,9.16072,300
24,100,9.84459,300
