node_id,initial_energy,remaining_energy,lifetime
0,100,7.06475,300
1,100,0,223.749
2,100,0,246.515
3,100,0,269.533
4,100,0.558625,300
5,100,0,232.109
6,100,0,213.006
7,100,0,239.482
8,100,4.6528,300
9,100,9.15739,300
10,100,0,258.762
11,100,0,273.369
12,100,0,282.964
13,100,2.15016,300
14,100,5.22524,300
15,100,0,299.686
16,100,0.393406,300
17,100,0.45533,300
18,100,6.38109,300
19,100,7.36255,300
20,100,0.63441,300
21,100,1.26318,300
22,100,1.99346,300
23,100,9.46351,300
24,100,9.80062,300
