node_id,initial_energy,remaining_energy,lifetime
0,100,5.77077,300
1,100,0,200.894
2,100,0,282.122
3,100,7.74051,300
4,100,8.65488,300
5,100,0,229.138
6,100,0,194.186
7,100,0,216.248
8,100,0,187.047
9,100,0,260.725
10,100,0,291.565
11,100,0,244.959
12,100,0,251.623
13,100,0,252.231
14,100,0,281.622
15,100,0,298.374
16,100,8.64075,300
17,100,0,256.69
18,100,4.18866,300
19,100,2.24696,300
20,100,0.704642,300
21,100,9.41867,300
22,100,1.54403,300
23,100,4.64214,300
24,100,6.63581,300
