node_id,initial_energy,remaining_energy,lifetime
0,100,6.54561,300
1,100,0,189.633
2,100,0,259.779
3,100,0,286.169
4,100,9.78593,300
5,100,0,201.216
6,100,0,228.491
7,100,0,260.993
8,100,0,237.875
9,100,1.42962,300
10,100,0,242.72
11,100,0,253.373
12,100,6.17463,300
13,100,0,267.116
14,100,3.5916,300
15,100,0,276.861
16,100,0,285.335
17,100,6.89784,300
18,100,0,299.284
19,100,3.93709,300
20,100,1.61331,300
21,100,1.55415,300
22,100,6.20389,300
23,100,7.81378,300
24,100,9.83827,300
