node_id,initial_energy,remaining_energy,lifetime
0,100,7.15807,300
1,100,0,222.421
2,100,0,267.868
3,100,0,289.903
4,100,6.25747,300
5,100,0,245.818
6,100,0,252.891
7,100,0,237.131
8,100,0,279.978
9,100,8.96439,300
10,100,0,268.613
11,100,0,261.609
12,100,0,290.003
13,100,1.67801,300
14,100,9.48655,300
15,100,0,299.875
16,100,0,295.345
17,100,4.25178,300
18,100,1.95236,300
19,100,6.68663,300
20,100,0.623105,300
21,100,6.23483,300
22,100,2.46995,300
23,100,4.49816,300
24,100,5.72891,300
