node_id,initial_energy,remaining_energy,lifetime
0,100,6.69134,300
1,100,0,228.065
2,100,0,239.588
3,100,0,279.459
4,100,3.57737,300
5,100,0,225.154
6,100,0,206.4
7,100,0,198.225
8,100,0,251.647
9,100,8.30714,300
10,100,0,259.477
11,100,0,295.327
12,100,0,252.919
13,100,0,293.49
14,100,0,296.604
15,100,0.330625,300
16,100,0,288.295
17,100,3.61454,300
18,100,9.03145,300
19,100,4.2018,300
20,100,9.56095,300
21,100,1.95719,300
22,100,7.41579,300
23,100,9.66449,300
24,100,9.84598,300
