node_id,initial_energy,remaining_energy,lifetime
0,100,7.04411,300
1,100,0,229.53
2,100,0,230.63
3,100,0,274.264
4,100,2.23936,300
5,100,0,246.083
6,100,0,207.238
7,100,0,228.995
8,100,0,247.323
9,100,2.25254,300
10,100,0,261.766
11,100,0,280.491
12,100,0,284.551
13,100,0,299.024
14,100,9.51969,300
15,100,0,292.779
16,100,0,290.136
17,100,6.03578,300
18,100,7.74197,300
19,100,9.21235,300
20,100,9.85703,300
21,100,9.64211,300
22,100,5.50969,300
23,100,6.73102,300
24,100,8.11739,300
