node_id,initial_energy,remaining_energy,lifetime
0,100,7.2424,300
1,100,0,240.998
2,100,0,266.334
3,100,3.45175,300
4,100,1.91405,300
5,100,0,235.643
6,100,0,222.141
7,100,0,255.499
8,100,1.11185,300
9,100,6.93292,300
10,100,0,253.979
11,100,0,295.507
12,100,0,287.2
13,100,4.30577,300
14,100,5.1096,300
15,100,0,296.995
16,100,0,286.647
17,100,3.3396,300
18,100,9.05629,300
19,100,4.97506,300
20,100,9.8019,300
21,100,1.82064,300
22,100,7.10463,300
23,100,9.68848,300
24,100,9.86901,300
