node_id,initial_energy,remaining_energy,lifetime
0,100,7.04748,300
1,100,0,203.91
2,100,0,270.601
3,100,1.40333,300
4,100,9.82053,300
5,100,0,212.142
6,100,0,242.74
7,100,0,294.633
8,100,0,265.308
9,100,1.39238,300
10,100,0,273.894
11,100,0,263.75
12,100,5.89904,300
13,100,0,291.651
14,100,9.61488,300
15,100,3.23995,300
16,100,0,296.01
17,100,8.25379,300
18,100,0.739883,300
19,100,9.67264,300
20,100,1.27794,300
21,100,6.5272,300
22,100,8.396,300
23,100,8.75779,300
24,100,9.85861,300
