node_id,initial_energy,remaining_energy,lifetime
0,100,7.18534,300
1,100,0,243.739
2,100,2.24786,300
3,100,8.4133,300
4,100,8.97375,300
5,100,0,250.533
6,100,0,258.937
7,100,0,269.125
8,100,0,274.015
9,100,9.04966,300
10,100,0,280.213
11,100,0,242.477
12,100,0,298.355
13,100,1.73263,300
14,100,9.40039,300
15,100,8.8236,300
16,100,0,274.589
17,100,8.54176,300
18,100,1.87147,300
19,100,2.95646,300
20,100,9.7674,300
21,100,0.908054,300
22,100,9.13612,300
23,100,8.22698,300
24,100,8.4817,300
