node_id,initial_energy,remaining_energy,lifetime
0,100,8.21824,300
1,100,0,253.059
2,100,0,292.086
3,100,0,293.376
4,100,0,295.362
5,100,0,286.405
6,100,2.17135,300
7,100,7.13402,300
8,100,8.94009,300
9,100,8.94911,300
10,100,3.04171,300
11,100,0.860586,300
12,100,6.8343,300
13,100,9.1308,300
14,100,9.48335,300
15,100,2.08706,300
16,100,2.8554,300
17,100,8.93805,300
18,100,9.14814,300
19,100,9.1787,300
20,100,0,293.329
21,100,4.30922,300
22,100,9.60782,300
23,100,9.66147,300
24,100,9.85508,300
