node_id,initial_energy,remaining_energy,lifetime
0,100,7.23287,300
1,100,0,229.038
2,100,0,275.503
3,100,9.72072,300
4,100,9.83558,300
5,100,0,251.84
6,100,0,270.105
7,100,0,273.896
8,100,0.63044,300
9,100,9.19502,300
10,100,0,270.438
11,100,0,286.298
12,100,0,292.47
13,100,0,295.102
14,100,1.61288,300
15,100,0,294.374
16,100,7.37376,300
17,100,0,295.204
18,100,5.72871,300
19,100,5.02408,300
20,100,9.8722,300
21,100,9.02614,300
22,100,0,298.291
23,100,9.17698,300
24,100,9.29468,300
