node_id,initial_energy,remaining_energy,lifetime
0,100,7.23689,300
1,100,0,213.661
2,100,0,297.677
3,100,0,299.69
4,100,9.35513,300
5,100,0,212.247
6,100,0,241.045
7,100,0,261.937
8,100,0.782097,300
9,100,8.7877,300
10,100,0,264.668
11,100,6.62443,300
12,100,0,291.699
13,100,9.09111,300
14,100,9.65128,300
15,100,0.916877,300
16,100,7.40106,300
17,100,0.801996,300
18,100,9.11834,300
19,100,9.69622,300
20,100,1.9291,300
21,100,9.50258,300
22,100,1.55003,300
23,100,9.16557,300
24,100,9.87085,300
