node_id,initial_energy,remaining_energy,lifetime
0,100,6.44962,300
1,100,0,213.01
2,100,0,288.009
3,100,9.21206,300
4,100,9.68923,300
5,100,0,244.367
6,100,0,228.164
7,100,0,255.25
8,100,0,207.982
9,100,0,279.423
10,100,0,292.85
11,100,0,292.791
12,100,7.66537,300
13,100,0,237.383
14,100,1.63509,300
15,100,0,293.791
16,100,9.0492,300
17,100,8.30483,300
18,100,3.25467,300
19,100,9.04348,300
20,100,0,297.309
21,100,9.6261,300
22,100,9.04781,300
23,100,3.17111,300
24,100,4.02552,300
