node_id,initial_energy,remaining_energy,lifetime
0,100,7.57062,300
1,100,0,249.647
2,100,0,248.32
3,100,0,255.815
4,100,0,295.646
5,100,0,245.394
6,100,0,248.165
7,100,0,250.724
8,100,6.52457,300
9,100,9.09978,300
10,100,0,271.211
11,100,0,279.49
12,100,0,291.871
13,100,4.41598,300
14,100,3.57094,300
15,100,2.28627,300
16,100,3.26866,300
17,100,7.02775,300
18,100,8.49563,300
19,100,5.57731,300
20,100,0,296.689
21,100,5.20963,300
22,100,9.6004,300
23,100,9.61155,300
24,100,9.8592,300
