node_id,initial_energy,remaining_energy,lifetime
0,100,6.93884,300
1,100,0,237.048
2,100,0,298.51
3,100,5.59046,300
4,100,6.01637,300
5,100,0,245.648
6,100,0,251.178
7,100,0,256.903
8,100,0,275.816
9,100,8.9351,300
10,100,0,280.444
11,100,0,240.364
12,100,0,283.892
13,100,1.87508,300
14,100,9.47637,300
15,100,9.30427,300
16,100,0,274.853
17,100,3.65092,300
18,100,2.08659,300
19,100,4.53023,300
20,100,9.81632,300
21,100,0.901859,300
22,100,2.38156,300
23,100,7.02395,300
24,100,9.49128,300
