node_id,initial_energy,remaining_energy,lifetime
0,100,7.02617,300
1,100,0,200.914
2,100,0,269.232
3,100,0.754301,300
4,100,9.82152,300
5,100,0,207.335
6,100,0,240.056
7,100,0,292.183
8,100,0,258.296
9,100,0.832217,300
10,100,0,245.602
11,100,0,260.792
12,100,5.38112,300
13,100,0,287.313
14,100,9.60894,300
15,100,0,282.431
16,100,0,294.571
17,100,8.09066,300
18,100,0.319373,300
19,100,9.67706,300
20,100,1.38189,300
21,100,6.38424,300
22,100,8.192,300
23,100,8.77824,300
24,100,9.86438,300
