node_id,initial_energy,remaining_energy,lifetime
0,100,7.71472,300
1,100,0,241.433
2,100,0,257.054
3,100,0,263.736
4,100,0,299.682
5,100,0,250.901
6,100,0,239.932
7,100,0,291.6
8,100,8.30382,300
9,100,9.03206,300
10,100,0,268.762
11,100,0,284.881
12,100,7.6097,300
13,100,6.98766,300
14,100,6.7342,300
15,100,2.68227,300
16,100,3.301,300
17,100,7.16164,300
18,100,8.74398,300
19,100,7.99162,300
20,100,0,298.956
21,100,5.48674,300
22,100,9.56203,300
23,100,9.30985,300
24,100,9.8465,300
