node_id,initial_energy,remaining_energy,lifetime
0,100,7.28853,300
1,100,0,212.622
2,100,0,261.057
3,100,0,298.193
4,100,8.35022,300
5,100,0,209.781
6,100,0,242.269
7,100,0,265.031
8,100,0,299.955
9,100,7.1589,300
10,100,0,264.142
11,100,6.23349,300
12,100,0,296.405
13,100,9.11244,300
14,100,9.62727,300
15,100,0.697864,300
16,100,6.33927,300
17,100,0.628306,300
18,100,9.15243,300
19,100,9.67672,300
20,100,1.84044,300
21,100,9.55339,300
22,100,1.49554,300
23,100,9.22166,300
24,100,9.84893,300
