node_id,initial_energy,remaining_energy,lifetime
0,100,7.16521,300
1,100,0,233.264
2,100,0,261.713
3,100,0,263.543
4,100,0.252509,300
5,100,0,246.697
6,100,0,202.655
7,100,0,226.196
8,100,0,288.746
9,100,1.42384,300
10,100,0,277.487
11,100,2.89427,300
12,100,0,285.811
13,100,5.98231,300
14,100,9.58391,300
15,100,0,292.724
16,100,6.80161,300
17,100,4.4144,300
18,100,6.55521,300
19,100,9.21491,300
20,100,9.84859,300
21,100,9.59909,300
22,100,3.09178,300
23,100,5.01847,300
24,100,7.77972,300
