node_id,initial_energy,remaining_energy,lifetime
0,100,7.23676,300
1,100,0,227.215
2,100,0,273.52
3,100,9.73359,300
4,100,9.85579,300
5,100,0,255.669
6,100,0,271.57
7,100,0,277.59
8,100,5.41354,300
9,100,9.18444,300
10,100,0,274.163
11,100,0,288.034
12,100,0,292.472
13,100,1.14856,300
14,100,0,282.178
15,100,0,294.392
16,100,7.17152,300
17,100,0,296.085
18,100,8.88485,300
19,100,0,294.544
20,100,9.78476,300
21,100,8.99508,300
22,100,0,299.45
23,100,9.08282,300
24,100,6.20863,300
