node_id,initial_energy,remaining_energy,lifetime
0,100,7.72467,300
1,100,0,243.653
2,100,0,295.673
3,100,0,296.564
4,100,0,298.676
5,100,0,265.398
6,100,0,263.406
7,100,6.7942,300
8,100,8.69827,300
9,100,8.73437,300
10,100,2.8139,300
11,100,0,295.932
12,100,6.13387,300
13,100,8.99137,300
14,100,9.25437,300
15,100,2.05708,300
16,100,4.18128,300
17,100,8.9234,300
18,100,9.04078,300
19,100,9.14891,300
20,100,0,297.19
21,100,5.47468,300
22,100,9.61479,300
23,100,9.58403,300
24,100,9.82769,300
