node_id,initial_energy,remaining_energy,lifetime
0,100,6.57195,300
1,100,0,215.671
2,100,0,286.306
3,100,8.37303,300
4,100,8.83345,300
5,100,0,246.17
6,100,0,233.673
7,100,0,261.403
8,100,0,207.88
9,100,0,272.349
10,100,0,293.296
11,100,0,288.725
12,100,5.32512,300
13,100,0,236.448
14,100,0.580513,300
15,100,0,294.127
16,100,9.00157,300
17,100,6.86254,300
18,100,8.19189,300
19,100,9.16217,300
20,100,0,297.512
21,100,9.58375,300
22,100,9.29506,300
23,100,8.38209,300
24,100,8.70425,300
