node_id,initial_energy,remaining_energy,lifetime
0,100,7.16321,300
1,100,0,235.807
2,100,0,270.556
3,100,4.23857,300
4,100,3.04405,300
5,100,0,235.561
6,100,0,216.495
7,100,0,234.117
8,100,0,286.524
9,100,6.86675,300
10,100,0,251.043
11,100,0,296.363
12,100,0,283.188
13,100,0,297.967
14,100,0.212372,300
15,100,0,293.884
16,100,0,290.05
17,100,5.02163,300
18,100,9.08706,300
19,100,5.29976,300
20,100,9.8165,300
21,100,3.20382,300
22,100,8.12477,300
23,100,9.68431,300
24,100,9.86028,300
