node_id,initial_energy,remaining_energy,lifetime
0,100,6.88865,300
1,100,0,213.01
2,100,0,255.232
3,100,0,294.279
4,100,0,298.462
5,100,0,225.185
6,100,0,194.127
7,100,0,209.468
8,100,0,230.029
9,100,9.7011,300
10,100,0,211.35
11,100,8.5384,300
12,100,9.37504,300
13,100,0,262.798
14,100,0,265.511
15,100,0,234.893
16,100,0,296.077
17,100,9.123,300
18,100,9.29561,300
19,100,0,298.426
20,100,0.479003,300
21,100,0,299.309
22,100,9.67996,300
23,100,9.71256,300
24,100,9.8694,300
