node_id,initial_energy,remaining_energy,lifetime
0,100,6.98843,300
1,100,0,207.721
2,100,0,243.321
3,100,0,267.065
4,100,0.194285,300
5,100,0,201.608
6,100,0,211.156
7,100,0,295.025
8,100,0,297.187
9,100,0,298.877
10,100,0,261.266
11,100,0,265.576
12,100,9.02606,300
13,100,9.27913,300
14,100,9.67171,300
15,100,0,297.35
16,100,0,297.212
17,100,0,297.439
18,100,9.27374,300
19,100,9.69888,300
20,100,0.183684,300
21,100,9.69266,300
22,100,0,299.96
23,100,9.29294,300
24,100,9.87651,300
