node_id,initial_energy,remaining_energy,lifetime
0,100,7.39505,300
1,100,0,217.882
2,100,0,265.056
3,100,0,289.325
4,100,6.27397,300
5,100,0,219.037
6,100,0,258.86
7,100,2.98282,300
8,100,4.0266,300
9,100,8.30092,300
10,100,0,234.451
11,100,3.41412,300
12,100,8.86993,300
13,100,8.80594,300
14,100,9.51859,300
15,100,0,272.986
16,100,8.46768,300
17,100,9.19404,300
18,100,8.82051,300
19,100,9.21706,300
20,100,0.939912,300
21,100,8.81789,300
22,100,9.65028,300
23,100,9.50914,300
24,100,9.86454,300
