node_id,initial_energy,remaining_energy,lifetime
0,100,6.50388,300
1,100,0,195.003
2,100,0,216.422
3,100,0,252.152
4,100,0,283.424
5,100,0,197.336
6,100,0,214.816
7,100,0,241.871
8,100,0,292.663
9,100,1.87131,300
10,100,0,221.428
11,100,0,234.636
12,100,0,251.279
13,100,0,293.663
14,100,0,289.887
15,100,0,270.872
16,100,0,278.644
17,100,0,281.072
18,100,6.94713,300
19,100,3.00188,300
20,100,0.805741,300
21,100,1.68448,300
22,100,2.34022,300
23,100,8.79911,300
24,100,8.79399,300
