node_id,initial_energy,remaining_energy,lifetime
0,100,6.58174,300
1,100,0,194.865
2,100,0,213.876
3,100,0,259.327
4,100,0,289.269
5,100,0,199.716
6,100,0,214.61
7,100,0,236.789
8,100,0,289.095
9,100,4.13432,300
10,100,0,236.043
11,100,0,268.675
12,100,0,283.421
13,100,0,278.753
14,100,0,298.87
15,100,0,270.924
16,100,0,291.329
17,100,0,296.77
18,100,5.10512,300
19,100,6.46857,300
20,100,0.782623,300
21,100,3.79768,300
22,100,5.35216,300
23,100,8.17839,300
24,100,9.82897,300
