node_id,initial_energy,remaining_energy,lifetime
0,100,6.22512,300
1,100,0,188.449
2,100,0,223.5
3,100,0,262.155
4,100,0,270.466
5,100,0,189.318
6,100,0,199.006
7,100,0,200.146
8,100,0,227.825
9,100,0,278.139
10,100,0,224.006
11,100,0,252.199
12,100,0,253.844
13,100,0,255.482
14,100,4.07155,300
15,100,0,275.163
16,100,0,279.781
17,100,0,279.681
18,100,0,279.156
19,100,4.10968,300
20,100,1.35236,300
21,100,1.76877,300
22,100,1.96565,300
23,100,2.83341,300
24,100,6.05966,300
