node_id,initial_energy,remaining_energy,lifetime
0,100,6.35691,300
1,100,0,187.24
2,100,0,220.983
3,100,0,242.618
4,100,0,245.509
5,100,0,195.568
6,100,0,196.764
7,100,0,194.362
8,100,0,246.064
9,100,0,262.411
10,100,0,221.966
11,100,0,238.136
12,100,0,228.585
13,100,0,276.585
14,100,0.264854,300
15,100,0,271.465
16,100,0,270.917
17,100,0,276.173
18,100,1.86955,300
19,100,7.22898,300
20,100,1.0144,300
21,100,0.858765,300
22,100,1.44803,300
23,100,9.21173,300
24,100,7.87182,300
