node_id,initial_energy,remaining_energy,lifetime
0,100,6.1292,300
1,100,0,189.882
2,100,0,230.558
3,100,0,272.676
4,100,1.06462,300
5,100,0,186.916
6,100,0,177.16
7,100,0,188.255
8,100,0,214.897
9,100,0,265.719
10,100,0,239.01
11,100,0,243.037
12,100,0,248.902
13,100,0,251.394
14,100,0,293.327
15,100,0,273.062
16,100,0,273.815
17,100,0,275.345
18,100,0,278.934
19,100,5.55097,300
20,100,1.75772,300
21,100,1.36635,300
22,100,1.2513,300
23,100,1.5682,300
24,100,6.43853,300
