node_id,initial_energy,remaining_energy,lifetime
0,100,6.02431,300
1,100,0,194.008
2,100,0,249.677
3,100,0,286.05
4,100,2.93264,300
5,100,0,189.3
6,100,0,188.781
7,100,0,189.081
8,100,0,226.989
9,100,4.35599,300
10,100,0,236.866
11,100,0,261.635
12,100,0,251.477
13,100,0,256.796
14,100,1.03586,300
15,100,0,274.393
16,100,0,288.803
17,100,0,292.428
18,100,0,284.763
19,100,5.24905,300
20,100,1.32264,300
21,100,3.00995,300
22,100,3.84609,300
23,100,1.02291,300
24,100,5.46185,300
