node_id,initial_energy,remaining_energy,lifetime
0,100,6.21172,300
1,100,0,189.373
2,100,0,235.996
3,100,0,274.209
4,100,1.4378,300
5,100,0,188.973
6,100,0,177.57
7,100,0,191.783
8,100,0,200.192
9,100,0,281.536
10,100,0,227.175
11,100,0,250.306
12,100,0,266.334
13,100,0,245.016
14,100,1.97255,300
15,100,0,271.184
16,100,0,282.775
17,100,0,295.592
18,100,0,277.416
19,100,2.12742,300
20,100,0.987972,300
21,100,4.45965,300
22,100,4.80066,300
23,100,7.2428,300
24,100,8.91464,300
