node_id,initial_energy,remaining_energy,lifetime
0,100,7.36561,300
1,100,0,211.924
2,100,0,231.896
3,100,0,268.492
4,100,0.256946,300
5,100,0,214.007
6,100,0,269.244
7,100,7.56934,300
8,100,7.83264,300
9,100,8.3761,300
10,100,0,253.693
11,100,0,297.022
12,100,6.50791,300
13,100,8.9607,300
14,100,8.99843,300
15,100,0,276.263
16,100,1.86354,300
17,100,8.71887,300
18,100,9.19111,300
19,100,8.91936,300
20,100,0.403911,300
21,100,6.7392,300
22,100,9.42383,300
23,100,9.67264,300
24,100,9.85551,300
