node_id,initial_energy,remaining_energy,lifetime
0,100,6.30334,300
1,100,0,165.69
2,100,0,190.133
3,100,0,216.983
4,100,0.894872,300
5,100,0,198.149
6,100,0,237.419
7,100,0,287.152
8,100,0,225.92
9,100,0,297.313
10,100,0,229.768
11,100,0,232.315
12,100,4.84582,300
13,100,0,258.424
14,100,9.64411,300
15,100,0,262.731
16,100,0,270.632
17,100,5.91426,300
18,100,0,248.736
19,100,2.01093,300
20,100,0.314725,300
21,100,1.40025,300
22,100,9.6323,300
23,100,0,279.257
24,100,2.15247,300
