node_id,initial_energy,remaining_energy,lifetime
0,100,6.15739,300
1,100,0,207.885
2,100,0,218.954
3,100,0,263.47
4,100,0,299.663
5,100,0,192.54
6,100,0,255.801
7,100,0,250.327
8,100,0,286.734
9,100,9.68437,300
10,100,0,189.232
11,100,0,209.399
12,100,0,222.333
13,100,0,244.23
14,100,9.65517,300
15,100,0,217.294
16,100,0,267.741
17,100,0.456023,300
18,100,0,272.147
19,100,0.827769,300
20,100,0,275.65
21,100,0.876457,300
22,100,1.20056,300
23,100,0.814149,300
24,100,1.3318,300
