node_id,initial_energy,remaining_energy,lifetime
0,100,6.27769,300
1,100,0,206.176
2,100,0,236.367
3,100,0,269.898
4,100,1.06782,300
5,100,0,176.001
6,100,0,178.762
7,100,0,254.55
8,100,0,294.743
9,100,0.160901,300
10,100,0,266.789
11,100,0,203.427
12,100,5.82442,300
13,100,7.13176,300
14,100,9.68235,300
15,100,0.673262,300
16,100,0,227.019
17,100,0,221.393
18,100,0,251.137
19,100,0,284.377
20,100,1.45299,300
21,100,9.65244,300
22,100,0.232831,300
23,100,9.33483,300
24,100,2.7766,300
