node_id,initial_energy,remaining_energy,lifetime
0,100,6.12089,300
1,100,0,191.293
2,100,0,232.585
3,100,0,275.679
4,100,1.94032,300
5,100,0,187.799
6,100,0,178.747
7,100,0,195.474
8,100,0,223.845
9,100,0,268.104
10,100,0,247.508
11,100,0,250.495
12,100,0,253.958
13,100,0,264.999
14,100,0,293.181
15,100,0,279.131
16,100,0,277.517
17,100,0,279.214
18,100,0,291.204
19,100,4.20079,300
20,100,2.9697,300
21,100,1.80771,300
22,100,1.43466,300
23,100,4.52652,300
24,100,8.1901,300
