node_id,initial_energy,remaining_energy,lifetime
0,100,6.36386,300
1,100,0,198.258
2,100,0,239.951
3,100,0,278.093
4,100,2.78017,300
5,100,0,194.922
6,100,0,193.339
7,100,0,218.397
8,100,0,232.168
9,100,4.86224,300
10,100,0,229.303
11,100,0,251.626
12,100,0,279.64
13,100,0,268.852
14,100,9.43505,300
15,100,0,274.428
16,100,0,284.575
17,100,2.50313,300
18,100,0.750951,300
19,100,7.53576,300
20,100,1.16358,300
21,100,4.86133,300
22,100,5.50392,300
23,100,6.8377,300
24,100,8.86101,300
