node_id,initial_energy,remaining_energy,lifetime
0,100,6.48306,300
1,100,0,192.418
2,100,0,224.493
3,100,0,265.091
4,100,0,288.743
5,100,0,198.316
6,100,0,209.112
7,100,0,234
8,100,0,277.724
9,100,1.56399,300
10,100,0,222.376
11,100,0,233.5
12,100,0,251.947
13,100,0,280.17
14,100,0,282.467
15,100,0,273.37
16,100,0,277.477
17,100,0,281.966
18,100,5.78657,300
19,100,1.83577,300
20,100,1.31614,300
21,100,1.49069,300
22,100,2.95768,300
23,100,9.13623,300
24,100,9.20078,300
