node_id,initial_energy,remaining_energy,lifetime
0,100,6.07391,300
1,100,0,197.892
2,100,0,247.999
3,100,0,284.115
4,100,3.50338,300
5,100,0,187.572
6,100,0,183.856
7,100,0,203.082
8,100,0,233.965
9,100,3.53128,300
10,100,0,249.642
11,100,0,267.166
12,100,0,272.79
13,100,0,263.188
14,100,0,296.257
15,100,0,281.348
16,100,0,289.58
17,100,0,298.247
18,100,0,293.691
19,100,4.44062,300
20,100,2.42918,300
21,100,4.11727,300
22,100,4.91931,300
23,100,4.04851,300
24,100,4.58528,300
