node_id,initial_energy,remaining_energy,lifetime
0,100,7.32255,300
1,100,0,211.678
2,100,0,237.983
3,100,0,275.536
4,100,1.49911,300
5,100,0,217.299
6,100,0,267.185
7,100,8.2005,300
8,100,8.87809,300
9,100,9.00312,300
10,100,0,257.945
11,100,0,294.434
12,100,6.16802,300
13,100,9.166,300
14,100,9.52577,300
15,100,0,283.1
16,100,2.1219,300
17,100,8.86778,300
18,100,9.17981,300
19,100,9.21944,300
20,100,1.4573,300
21,100,6.56139,300
22,100,9.61086,300
23,100,9.66141,300
24,100,9.8411,300
