node_id,initial_energy,remaining_energy,lifetime
0,100,6.07603,300
1,100,0,193.749
2,100,0,227.212
3,100,0,275.928
4,100,0,273.539
5,100,0,191.785
6,100,0,212.136
7,100,0,218.444
8,100,0,248.598
9,100,0,272.189
10,100,0,231.024
11,100,0,261.627
12,100,0,274.849
13,100,0,276.797
14,100,3.23205,300
15,100,0,281.955
16,100,0,287.074
17,100,0,299.839
18,100,0,297.574
19,100,5.9145,300
20,100,1.92109,300
21,100,3.29468,300
22,100,6.17768,300
23,100,8.40531,300
24,100,9.15981,300
