node_id,initial_energy,remaining_energy,lifetime
0,100,6.02993,300
1,100,0,183.434
2,100,0,223.376
3,100,0,237.931
4,100,2.60699,300
5,100,0,197.888
6,100,0,197.352
7,100,0,198.51
8,100,0,217.467
9,100,3.29044,300
10,100,0,239.004
11,100,0,249.25
12,100,0,239.094
13,100,0,263.243
14,100,4.16137,300
15,100,0,275.18
16,100,0,276.623
17,100,0,285.291
18,100,0,297.618
19,100,8.33156,300
20,100,1.47089,300
21,100,1.74133,300
22,100,2.21577,300
23,100,6.53338,300
24,100,8.54986,300
