node_id,initial_energy,remaining_energy,lifetime
0,100,6.42929,300
1,100,0,191.938
2,100,0,218.188
3,100,0,266.533
4,100,0,292.078
5,100,0,199.626
6,100,0,210.963
7,100,0,231.661
8,100,0,295.813
9,100,4.23942,300
10,100,0,242.496
11,100,0,262.403
12,100,0,272.451
13,100,0,282.281
14,100,0,274.535
15,100,0,276.783
16,100,0,283.69
17,100,0,287.359
18,100,4.83343,300
19,100,0.663503,300
20,100,1.73638,300
21,100,2.60865,300
22,100,3.67429,300
23,100,9.59788,300
24,100,9.59265,300
