node_id,initial_energy,remaining_energy,lifetime
0,100,6.36089,300
1,100,0,163.921
2,100,0,177.738
3,100,0,191.822
4,100,1.06913,300
5,100,0,188.58
6,100,0,191.077
7,100,0,234.504
8,100,0,228.25
9,100,0,298.637
10,100,0,234.035
11,100,0,228.17
12,100,0,258.121
13,100,0,227.82
14,100,1.04403,300
15,100,0,264.783
16,100,0,266.322
17,100,0,292.494
18,100,0,254.882
19,100,2.18647,300
20,100,0.838037,300
21,100,0,298.75
22,100,0.645984,300
23,100,0,280.849
24,100,2.50231,300
