node_id,initial_energy,remaining_energy,lifetime
0,100,5.78324,300
1,100,0,209.777
2,100,0,242.395
3,100,0,297.344
4,100,0,299.192
5,100,0,173.69
6,100,0,218.582
7,100,0,215.359
8,100,0,264.451
9,100,0,298.486
10,100,0,178.41
11,100,0,184.079
12,100,0,253.084
13,100,0,257.878
14,100,0,292.362
15,100,0,275.175
16,100,0,191.74
17,100,0,211.307
18,100,0,270.842
19,100,0,295.335
20,100,0.659336,300
21,100,0.0696107,300
22,100,0,244.705
23,100,0,275.829
24,100,0.554685,300
