node_id,initial_energy,remaining_energy,lifetime
0,100,6.15721,300
1,100,0,195.303
2,100,0,216.871
3,100,0,263.277
4,100,0,297.003
5,100,0,161.628
6,100,0,213.54
7,100,0,220.758
8,100,0,250.081
9,100,0.354884,300
10,100,0,173.103
11,100,0,189.315
12,100,0,203.769
13,100,0,216.866
14,100,9.6754,300
15,100,0,223.473
16,100,0,269.218
17,100,0,299.326
18,100,0,247.08
19,100,1.53099,300
20,100,0,278.592
21,100,0.593716,300
22,100,0.594085,300
23,100,0,275.291
24,100,0.890562,300
