node_id,initial_energy,remaining_energy,lifetime
0,100,7.19353,300
1,100,0,229.038
2,100,0,233.173
3,100,0,278.446
4,100,1.21606,300
5,100,0,231.108
6,100,0,205.087
7,100,0,227.297
8,100,0,272.732
9,100,7.20807,300
10,100,0,254.135
11,100,0,290.789
12,100,0,276.686
13,100,3.91883,300
14,100,4.72139,300
15,100,0,298.477
16,100,0,287.99
17,100,3.5238,300
18,100,9.19189,300
19,100,8.74988,300
20,100,9.84463,300
21,100,1.93576,300
22,100,6.98754,300
23,100,9.67284,300
24,100,9.86241,300
