node_id,initial_energy,remaining_energy,lifetime
0,100,6.62206,300
1,100,0,192.121
2,100,0,259.217
3,100,0,285.207
4,100,9.81063,300
5,100,0,201.967
6,100,0,230.289
7,100,0,267.836
8,100,0,248.309
9,100,1.73893,300
10,100,0,242.109
11,100,0,250.129
12,100,6.18204,300
13,100,0,279.284
14,100,4.00461,300
15,100,0,279.401
16,100,0,285.458
17,100,6.69167,300
18,100,1.3897,300
19,100,4.32401,300
20,100,1.77139,300
21,100,1.28738,300
22,100,6.28423,300
23,100,8.23354,300
24,100,9.84105,300
