node_id,initial_energy,remaining_energy,lifetime
0,100,7.32151,300
1,100,0,227.807
2,100,0,277.289
3,100,0,296.513
4,100,9.18669,300
5,100,0,250.002
6,100,0,252.167
7,100,0,254.352
8,100,0,291.397
9,100,9.41734,300
10,100,0,265.282
11,100,0,249.206
12,100,0.18255,300
13,100,4.35789,300
14,100,9.53902,300
15,100,0,297.462
16,100,0,281.157
17,100,7.68367,300
18,100,4.30857,300
19,100,6.6436,300
20,100,0.17504,300
21,100,3.17198,300
22,100,8.21689,300
23,100,6.06164,300
24,100,6.3772,300
