node_id,initial_energy,remaining_energy,lifetime
0,100,5.81869,300
1,100,0,201.681
2,100,0,288.261
3,100,8.82525,300
4,100,9.65874,300
5,100,0,235.156
6,100,0,198.577
7,100,0,226.946
8,100,0,189.227
9,100,0,268.87
10,100,0,291.129
11,100,0,249.792
12,100,0,260.589
13,100,0,249.663
14,100,0,286.987
15,100,0,296.858
16,100,8.6771,300
17,100,0,266.201
18,100,5.44568,300
19,100,2.93406,300
20,100,0.203299,300
21,100,9.42022,300
22,100,2.57923,300
23,100,5.89615,300
24,100,7.1917,300
