node_id,initial_energy,remaining_energy,lifetime
0,100,7.8007,300
1,100,0,243.04
2,100,0,293.849
3,100,0,295.045
4,100,0,297.02
5,100,0,266.326
6,100,0,263.242
7,100,7.4998,300
8,100,8.99582,300
9,100,9.05686,300
10,100,2.89982,300
11,100,0,288.224
12,100,5.41542,300
13,100,9.14477,300
14,100,9.53358,300
15,100,2.36959,300
16,100,3.71985,300
17,100,9.01136,300
18,100,9.17503,300
19,100,9.20074,300
20,100,0,296.887
21,100,5.11341,300
22,100,9.61265,300
23,100,9.66291,300
24,100,9.86299,300
