node_id,initial_energy,remaining_energy,lifetime
0,100,6.68716,300
1,100,0,217.054
2,100,0,261.742
3,100,9.70668,300
4,100,9.81863,300
5,100,0,243.17
6,100,0,256.091
7,100,0,247.349
8,100,0,284.121
9,100,9.22393,300
10,100,0,267.471
11,100,0,269.432
12,100,0,274.256
13,100,0,291.033
14,100,0,293.947
15,100,0,294.592
16,100,4.34911,300
17,100,0,269.03
18,100,7.47742,300
19,100,3.54902,300
20,100,9.8722,300
21,100,9.03967,300
22,100,0.770322,300
23,100,9.19986,300
24,100,9.76666,300
