node_id,initial_energy,remaining_energy,lifetime
0,100,7.18423,300
1,100,0,233.114
2,100,0,228.846
3,100,0,267.322
4,100,1.77544,300
5,100,0,245.827
6,100,0,207.152
7,100,0,227.474
8,100,0,260.519
9,100,0.381161,300
10,100,0,260.993
11,100,0,281.163
12,100,0,287.009
13,100,8.46749,300
14,100,9.53578,300
15,100,0,290.985
16,100,0,292.537
17,100,6.93156,300
18,100,8.97453,300
19,100,9.22061,300
20,100,9.85561,300
21,100,9.67933,300
22,100,7.11044,300
23,100,8.99817,300
24,100,9.66613,300
