node_id,initial_energy,remaining_energy,lifetime
0,100,7.05823,300
1,100,0,224.574
2,100,0,248.862
3,100,0,267.801
4,100,0.247478,300
5,100,0,235.643
6,100,0,215.171
7,100,0,243.275
8,100,6.28027,300
9,100,9.13461,300
10,100,0,254.662
11,100,0,272.962
12,100,0,282.62
13,100,0.80939,300
14,100,0,290.959
15,100,0,298.739
16,100,0,299.71
17,100,1.93108,300
18,100,7.66651,300
19,100,2.32086,300
20,100,0.121145,300
21,100,0.686913,300
22,100,4.31659,300
23,100,9.5372,300
24,100,9.41413,300
