node_id,initial_energy,remaining_energy,lifetime
0,100,6.86324,300
1,100,0,203.855
2,100,0,265.894
3,100,0,299.993
4,100,9.2352,300
5,100,0,205.242
6,100,0,206.949
7,100,0,246.908
8,100,0.708269,300
9,100,8.62116,300
10,100,0,253.862
11,100,0,281.269
12,100,0,273.115
13,100,8.95464,300
14,100,9.15951,300
15,100,0.665035,300
16,100,4.1365,300
17,100,0,276.775
18,100,8.967,300
19,100,9.07937,300
20,100,1.88771,300
21,100,9.42162,300
22,100,1.26075,300
23,100,9.13032,300
24,100,9.80189,300
