node_id,initial_energy,remaining_energy,lifetime
0,100,7.26706,300
1,100,0,219.205
2,100,0,247.705
3,100,0,252.562
4,100,0,293.676
5,100,0,247.801
6,100,0,266.165
7,100,2.05979,300
8,100,4.08899,300
9,100,6.17722,300
10,100,0,290.193
11,100,6.25229,300
12,100,6.47443,300
13,100,7.4679,300
14,100,6.55993,300
15,100,0,290.093
16,100,7.70047,300
17,100,8.75408,300
18,100,8.94653,300
19,100,7.67886,300
20,100,0,292.583
21,100,9.22273,300
22,100,9.38931,300
23,100,9.65576,300
24,100,8.39712,300
