node_id,initial_energy,remaining_energy,lifetime
0,100,6.32701,300
1,100,0,175.168
2,100,0,226.204
3,100,0,251.823
4,100,0,281.008
5,100,0,197.359
6,100,0,191.11
7,100,0,191.529
8,100,0,271.049
9,100,0,249.257
10,100,0,248.294
11,100,0,296.68
12,100,0,261.56
13,100,8.86527,300
14,100,0,278.015
15,100,0,298.084
16,100,8.68278,300
17,100,0,273.113
18,100,8.88088,300
19,100,0,278.239
20,100,0.403012,300
21,100,9.66313,300
22,100,1.19164,300
23,100,9.26975,300
24,100,1.5386,300
