node_id,initial_energy,remaining_energy,lifetime
0,100,6.16962,300
1,100,0,200.599
2,100,0,286.684
3,100,7.43175,300
4,100,8.06698,300
5,100,0,195.066
6,100,0,187.08
7,100,0,193.425
8,100,0,185.19
9,100,0,248.587
10,100,0,265.333
11,100,0,285.575
12,100,0,266.343
13,100,0,241.088
14,100,0,278.103
15,100,0,267.553
16,100,9.10902,300
17,100,0,268.695
18,100,0,271.593
19,100,2.67453,300
20,100,0.494298,300
21,100,9.74725,300
22,100,0.560845,300
23,100,0,273.476
24,100,0.54143,300
