node_id,initial_energy,remaining_energy,lifetime
0,100,5.99477,300
1,100,0,187.567
2,100,0,244.134
3,100,9.70905,300
4,100,9.79962,300
5,100,0,227.965
6,100,0,228.988
7,100,0,194.778
8,100,0,216.681
9,100,9.20596,300
10,100,0,247.356
11,100,0,210.205
12,100,0,245.127
13,100,0,196.546
14,100,0,230.59
15,100,0,292.125
16,100,0,285.895
17,100,0,255.71
18,100,0,276.015
19,100,0,270.193
20,100,9.84358,300
21,100,9.25385,300
22,100,0,295.332
23,100,0.954233,300
24,100,1.27167,300
