node_id,initial_energy,remaining_energy,lifetime
0,100,6.6084,300
1,100,0,185.58
2,100,0,231.173
3,100,0,267.764
4,100,0.98768,300
5,100,0,197.715
6,100,0,215.288
7,100,0,234.494
8,100,0,236.352
9,100,0,299.33
10,100,0,232.805
11,100,0,235.925
12,100,8.54571,300
13,100,0,267.368
14,100,1.9167,300
15,100,0,266.851
16,100,0,270.707
17,100,8.94801,300
18,100,0,271.349
19,100,2.08581,300
20,100,0.405684,300
21,100,1.46888,300
22,100,9.62214,300
23,100,1.20619,300
24,100,9.85473,300
