node_id,initial_energy,remaining_energy,lifetime
0,100,6.51407,300
1,100,0,201.271
2,100,0,229.36
3,100,0,268.459
4,100,0.591518,300
5,100,0,208.17
6,100,0,187.253
7,100,0,213.319
8,100,0,241.77
9,100,9.62311,300
10,100,0,257.07
11,100,0,238.668
12,100,0,294.288
13,100,0,270.221
14,100,0,272.747
15,100,0,293.487
16,100,0,266.877
17,100,9.25205,300
18,100,9.24706,300
19,100,0.564314,300
20,100,9.81633,300
21,100,0.162432,300
22,100,9.6464,300
23,100,9.69816,300
24,100,9.86996,300
