node_id,initial_energy,remaining_energy,lifetime
0,100,6.35418,300
1,100,0,199.475
2,100,0,200.366
3,100,0,260.726
4,100,0,299.51
5,100,0,217.326
6,100,0,191.611
7,100,0,179.216
8,100,0,266.256
9,100,9.27318,300
10,100,0,251.382
11,100,0,253.171
12,100,0,242.582
13,100,0,263.561
14,100,0,266.722
15,100,0,295.973
16,100,0,290.599
17,100,0,268.944
18,100,0,298.911
19,100,0,267.134
20,100,0,298.314
21,100,0,299.354
22,100,1.26413,300
23,100,0.436101,300
24,100,0.449905,300
