node_id,initial_energy,remaining_energy,lifetime
0,100,8.56506,300
1,100,0,275.882
2,100,0,285.212
3,100,0,287.357
4,100,9.85832,300
5,100,0,291.967
6,100,0,282.517
7,100,0,282.707
8,100,9.16838,300
9,100,9.18673,300
10,100,9.49251,300
11,100,9.11696,300
12,100,0,282.722
13,100,9.16886,300
14,100,9.62786,300
15,100,9.19495,300
16,100,9.12043,300
17,100,0,282.633
18,100,9.15761,300
19,100,9.66653,300
20,100,9.86067,300
21,100,9.66588,300
22,100,0,285.583
23,100,9.18708,300
24,100,9.84761,300
