node_id,initial_energy,remaining_energy,lifetime
0,100,8.96929,300
1,100,0,294.446
2,100,0,298.707
3,100,0,297.35
4,100,0,286.081
5,100,0,290.218
6,100,0,299.307
7,100,4.48489,300
8,100,4.4753,300
9,100,5.00474,300
10,100,1.61257,300
11,100,0,282.463
12,100,9.17804,300
13,100,9.17103,300
14,100,9.63154,300
15,100,9.64825,300
16,100,0,284.357
17,100,9.16335,300
18,100,9.16229,300
19,100,9.18067,300
20,100,9.85094,300
21,100,9.20419,300
22,100,9.62851,300
23,100,9.67521,300
24,100,9.85632,300
