node_id,initial_energy,remaining_energy,lifetime
0,100,9.16655,300
1,100,1.01984,300
2,100,8.90291,300
3,100,9.20117,300
4,100,9.84918,300
5,100,3.38105,300
6,100,0,283.838
7,100,0,282.21
8,100,0,282.45
9,100,0,286.055
10,100,9.62493,300
11,100,9.16624,300
12,100,8.97886,300
13,100,0,284.649
14,100,9.58657,300
15,100,9.18196,300
16,100,9.16317,300
17,100,9.17474,300
18,100,9.15069,300
19,100,9.17625,300
20,100,9.86388,300
21,100,9.731,300
22,100,9.72785,300
23,100,9.7444,300
24,100,9.84386,300
