node_id,initial_energy,remaining_energy,lifetime
0,100,8.53632,300
1,100,0,268.782
2,100,4.38614,300
3,100,9.71937,300
4,100,9.84212,300
5,100,0,299.356
6,100,0,299.368
7,100,0,281.667
8,100,0,284.636
9,100,9.20588,300
10,100,9.63588,300
11,100,9.16885,300
12,100,9.18782,300
13,100,9.1808,300
14,100,9.609,300
15,100,9.6644,300
16,100,9.174,300
17,100,9.1738,300
18,100,9.15325,300
19,100,9.66263,300
20,100,9.8722,300
21,100,9.19016,300
22,100,9.55121,300
23,100,9.18931,300
24,100,9.85879,300
