node_id,initial_energy,remaining_energy,lifetime
0,100,8.5378,300
1,100,0,288.689
2,100,6.70094,300
3,100,6.86619,300
4,100,9.84018,300
5,100,0,281.787
6,100,0,249.288
7,100,0,250.82
8,100,0,280.868
9,100,9.67069,300
10,100,9.24608,300
11,100,7.86103,300
12,100,0,286.262
13,100,0,280.668
14,100,9.65388,300
15,100,9.19192,300
16,100,9.11106,300
17,100,9.03719,300
18,100,0,283.485
19,100,9.22294,300
20,100,9.85963,300
21,100,9.71682,300
22,100,9.6525,300
23,100,0,287.069
24,100,9.86326,300
