node_id,initial_energy,remaining_energy,lifetime
0,100,8.86256,300
1,100,0,289.54
2,100,0,292.013
3,100,8.80765,300
4,100,8.935,300
5,100,0,299.125
6,100,0,296.241
7,100,0,259.505
8,100,0,261.368
9,100,0,292.37
10,100,9.63414,300
11,100,9.07131,300
12,100,9.10296,300
13,100,9.10309,300
14,100,0,293.062
15,100,9.6941,300
16,100,9.11185,300
17,100,9.11569,300
18,100,9.08112,300
19,100,0,291.706
20,100,9.86544,300
21,100,9.19741,300
22,100,9.61085,300
23,100,9.66728,300
24,100,0,295.715
