node_id,initial_energy,remaining_energy,lifetime
0,100,7.00196,300
1,100,0,225.751
2,100,0,214.383
3,100,0,263.955
4,100,0.376933,300
5,100,0,225.659
6,100,0,214.888
7,100,0,243.953
8,100,0,286.302
9,100,9.17005,300
10,100,0,242.291
11,100,0,273.623
12,100,0,283.91
13,100,2.42577,300
14,100,5.762,300
15,100,0,270.902
16,100,0,296.236
17,100,0,297.745
18,100,5.39524,300
19,100,7.46419,300
20,100,1.02352,300
21,100,1.89366,300
22,100,2.10089,300
23,100,9.30754,300
24,100,9.7651,300
