node_id,initial_energy,remaining_energy,lifetime
0,100,6.18813,300
1,100,0,201.53
2,100,0,254.959
3,100,0,289.494
4,100,2.34227,300
5,100,0,222.921
6,100,0,201.025
7,100,0,205.474
8,100,0,251.949
9,100,6.69461,300
10,100,0,250.33
11,100,0,263.572
12,100,0,254.34
13,100,0,281.612
14,100,0,291.111
15,100,0,294.208
16,100,0,292.452
17,100,0,298.619
18,100,0,296.773
19,100,3.47275,300
20,100,9.46927,300
21,100,2.67359,300
22,100,6.52563,300
23,100,4.28542,300
24,100,9.8715,300
