node_id,initial_energy,remaining_energy,lifetime
0,100,6.34141,300
1,100,0,213.743
2,100,0,249.665
3,100,0,295.018
4,100,6.61709,300
5,100,0,235.324
6,100,0,244.821
7,100,0,246.948
8,100,0,279.944
9,100,8.15176,300
10,100,0,245.112
11,100,0,258.839
12,100,0,293.672
13,100,0.0848646,300
14,100,9.5933,300
15,100,0,262.703
16,100,0,286.91
17,100,4.93605,300
18,100,3.95859,300
19,100,8.73217,300
20,100,0,298.575
21,100,3.04567,300
22,100,4.97002,300
23,100,6.45279,300
24,100,7.25558,300
