node_id,initial_energy,remaining_energy,lifetime
0,100,6.62691,300
1,100,0,204.67
2,100,0,260.497
3,100,0,294.34
4,100,4.83235,300
5,100,0,205.565
6,100,0,208.86
7,100,0,199.455
8,100,0,259.256
9,100,4.13686,300
10,100,0,251.644
11,100,0,290.715
12,100,0,253.389
13,100,0,285.172
14,100,7.41033,300
15,100,0.429107,300
16,100,5.84612,300
17,100,0,284.586
18,100,2.66958,300
19,100,7.38248,300
20,100,1.39782,300
21,100,9.42553,300
22,100,2.93712,300
23,100,9.163,300
24,100,7.92376,300
