node_id,initial_energy,remaining_energy,lifetime
0,100,6.13582,300
1,100,0,193.193
2,100,0,231.357
3,100,0,259.824
4,100,2.36823,300
5,100,0,196.684
6,100,0,224.485
7,100,0,244.906
8,100,0,246.201
9,100,2.16999,300
10,100,0,248.591
11,100,0,257.99
12,100,2.66204,300
13,100,0,250.011
14,100,1.17146,300
15,100,0,283.531
16,100,0,287.577
17,100,6.16222,300
18,100,0,295.137
19,100,1.39407,300
20,100,3.05364,300
21,100,1.84089,300
22,100,6.75819,300
23,100,4.01425,300
24,100,6.33596,300
