node_id,initial_energy,remaining_energy,lifetime
0,100,6.02382,300
1,100,0,194.688
2,100,0,253.491
3,100,0,299.867
4,100,9.78679,300
5,100,0,184.902
6,100,0,192.121
7,100,0,208.29
8,100,0,224.212
9,100,0,273.395
10,100,0,244.491
11,100,0,275.28
12,100,0,274.183
13,100,0,284.928
14,100,0,295.571
15,100,0,275.379
16,100,1.30143,300
17,100,0,275.438
18,100,2.60629,300
19,100,4.66515,300
20,100,1.96516,300
21,100,2.08776,300
22,100,0.837962,300
23,100,2.29239,300
24,100,6.03223,300
