node_id,initial_energy,remaining_energy,lifetime
0,100,7.92239,300
1,100,0,245.149
2,100,0,282.195
3,100,9.71418,300
4,100,9.832,300
5,100,0,278.409
6,100,0,292.542
7,100,0,288.527
8,100,0,282.545
9,100,9.18279,300
10,100,4.93555,300
11,100,1.91773,300
12,100,3.24375,300
13,100,2.6652,300
14,100,6.04288,300
15,100,9.68406,300
16,100,7.53964,300
17,100,9.09705,300
18,100,9.09705,300
19,100,6.21042,300
20,100,9.8722,300
21,100,9.20782,300
22,100,9.54516,300
23,100,9.19807,300
24,100,9.85879,300
