node_id,initial_energy,remaining_energy,lifetime
0,100,6.2792,300
1,100,0,183.342
2,100,0,239.968
3,100,0,267.399
4,100,1.26573,300
5,100,0,195.408
6,100,0,218.452
7,100,0,236.467
8,100,0,226.805
9,100,1.19287,300
10,100,0,239.466
11,100,0,255.309
12,100,3.2705,300
13,100,0,252.567
14,100,0,295.214
15,100,0,272.78
16,100,0,286.629
17,100,6.28387,300
18,100,0,280.504
19,100,0,295.818
20,100,1.35459,300
21,100,2.74887,300
22,100,7.04907,300
23,100,2.60646,300
24,100,4.80131,300
