node_id,initial_energy,remaining_energy,lifetime
0,100,7.01137,300
1,100,0,221.821
2,100,0,220.168
3,100,0,258.741
4,100,0,298.895
5,100,0,218.796
6,100,0,191.775
7,100,0,205.475
8,100,0,250.771
9,100,0.351609,300
10,100,0,221.131
11,100,0,271.688
12,100,0,240.916
13,100,4.99362,300
14,100,9.6042,300
15,100,0,273.282
16,100,0,281.938
17,100,0,273.182
18,100,5.77728,300
19,100,9.24632,300
20,100,0.0384614,300
21,100,6.65532,300
22,100,0.787389,300
23,100,5.1873,300
24,100,7.46035,300
