node_id,initial_energy,remaining_energy,lifetime
0,100,6.87966,300
1,100,0,199.871
2,100,0,257.702
3,100,0,289.467
4,100,6.43193,300
5,100,0,202.982
6,100,0,199.866
7,100,0,196.151
8,100,0,270.754
9,100,5.34133,300
10,100,0,241.602
11,100,0,286.561
12,100,0,254.263
13,100,0.0892502,300
14,100,8.93592,300
15,100,0,298.601
16,100,5.43724,300
17,100,0,272.22
18,100,0.401828,300
19,100,8.99842,300
20,100,0.578169,300
21,100,9.35602,300
22,100,1.07426,300
23,100,9.23839,300
24,100,9.49167,300
