node_id,initial_energy,remaining_energy,lifetime
0,100,6.18302,300
1,100,0,198.501
2,100,0,289.382
3,100,8.04807,300
4,100,8.76444,300
5,100,0,185.17
6,100,0,193.102
7,100,0,204.29
8,100,0,184.079
9,100,0,254.889
10,100,0,237.585
11,100,0,285.171
12,100,0,266.339
13,100,0,249.166
14,100,0,282.43
15,100,0,271.202
16,100,8.51712,300
17,100,0,271.102
18,100,2.15311,300
19,100,2.97515,300
20,100,1.05049,300
21,100,9.38788,300
22,100,0.802009,300
23,100,2.78954,300
24,100,4.43884,300
