node_id,initial_energy,remaining_energy,lifetime
0,100,6.23939,300
1,100,0,181.932
2,100,0,247.648
3,100,9.73401,300
4,100,9.81654,300
5,100,0,195.704
6,100,0,208.887
7,100,0,202.736
8,100,0,220.734
9,100,9.229,300
10,100,0,227.723
11,100,0,228.584
12,100,0,256.846
13,100,0,206.434
14,100,0,231.379
15,100,0.374728,300
16,100,0,299.696
17,100,0,271.54
18,100,0,284.605
19,100,0,268.004
20,100,9.84556,300
21,100,9.25674,300
22,100,0.66462,300
23,100,2.28844,300
24,100,2.17534,300
