node_id,initial_energy,remaining_energy,lifetime
0,100,7.47658,300
1,100,0,227.46
2,100,6.71297,300
3,100,7.0071,300
4,100,7.19175,300
5,100,0,224.09
6,100,0,259.872
7,100,4.1628,300
8,100,6.28352,300
9,100,6.4892,300
10,100,0,222.31
11,100,1.68838,300
12,100,7.21864,300
13,100,7.24399,300
14,100,7.76817,300
15,100,0,260.467
16,100,8.23036,300
17,100,7.27833,300
18,100,7.28311,300
19,100,8.43431,300
20,100,0,297.563
21,100,9.19141,300
22,100,8.70438,300
23,100,8.73251,300
24,100,9.86023,300
