node_id,initial_energy,remaining_energy,lifetime
0,100,6.36866,300
1,100,0,182.15
2,100,0,215.777
3,100,0,246.137
4,100,1.32099,300
5,100,0,193.112
6,100,0,203.978
7,100,0,224.142
8,100,0,214.866
9,100,0.537906,300
10,100,0,234.396
11,100,0,239.71
12,100,8.25577,300
13,100,0,214.118
14,100,0,283.579
15,100,0,268.268
16,100,0,273.987
17,100,8.86079,300
18,100,0,275.05
19,100,0,284.052
20,100,0.612442,300
21,100,1.93645,300
22,100,9.61818,300
23,100,1.67591,300
24,100,2.30638,300
