node_id,initial_energy,remaining_energy,lifetime
0,100,6.41887,300
1,100,0,201.462
2,100,0,227.777
3,100,0,264.833
4,100,0.614614,300
5,100,0,207.898
6,100,0,189.127
7,100,0,187.963
8,100,0,243.414
9,100,9.48801,300
10,100,0,256.863
11,100,0,237.931
12,100,0,256.43
13,100,0,270.706
14,100,0,276.332
15,100,0,294.603
16,100,0,268.259
17,100,0.287543,300
18,100,0,278.32
19,100,1.70366,300
20,100,9.8051,300
21,100,0.112324,300
22,100,9.62167,300
23,100,3.07796,300
24,100,9.85271,300
