node_id,initial_energy,remaining_energy,lifetime
0,100,7.5096,300
1,100,0,216.367
2,100,0,257.591
3,100,0,261.887
4,100,0,298.247
5,100,0,223.267
6,100,0,273.141
7,100,4.76635,300
8,100,4.43692,300
9,100,6.19582,300
10,100,0,294.68
11,100,4.5495,300
12,100,6.41772,300
13,100,7.5681,300
14,100,6.58347,300
15,100,0,294.58
16,100,6.21569,300
17,100,8.98463,300
18,100,9.04894,300
19,100,7.6905,300
20,100,0,296.825
21,100,7.74066,300
22,100,9.48633,300
23,100,9.65721,300
24,100,8.39738,300
