node_id,initial_energy,remaining_energy,lifetime
0,100,6.31953,300
1,100,0,195.895
2,100,0,259.447
3,100,0,298.213
4,100,9.47131,300
5,100,0,183.014
6,100,0,187.886
7,100,0,193.917
8,100,0,183.697
9,100,0,246.897
10,100,0,240.71
11,100,0,268.691
12,100,0,268.946
13,100,0,241.488
14,100,0,275.086
15,100,0,271.807
16,100,0.0835098,300
17,100,0,271.398
18,100,0,272.448
19,100,1.48165,300
20,100,1.1333,300
21,100,1.03784,300
22,100,0.980766,300
23,100,0,274.395
24,100,1.1347,300
