node_id,initial_energy,remaining_energy,lifetime
0,100,6.33388,300
1,100,0,174.502
2,100,0,191.274
3,100,0,224.165
4,100,0,247.942
5,100,0,197.888
6,100,0,193.667
7,100,0,190.733
8,100,0,234.623
9,100,0,250.211
10,100,0,240.941
11,100,0,295.514
12,100,0,262.936
13,100,0,278.213
14,100,0,280.013
15,100,0,298.135
16,100,8.60302,300
17,100,0,275.236
18,100,1.82055,300
19,100,0,280.023
20,100,0.403012,300
21,100,9.67377,300
22,100,1.43576,300
23,100,9.29914,300
24,100,1.58955,300
