node_id,initial_energy,remaining_energy,lifetime
0,100,6.34944,300
1,100,0,207.311
2,100,0,216.802
3,100,0,254.663
4,100,0,291.225
5,100,0,214.002
6,100,0,173.431
7,100,0,181.243
8,100,0,180.404
9,100,0,295.627
10,100,0,221.527
11,100,0,289.09
12,100,0,250.919
13,100,0,206.129
14,100,8.14891,300
15,100,0,261.661
16,100,0,292.766
17,100,0,279.927
18,100,0,249.648
19,100,8.22561,300
20,100,0,298.753
21,100,9.71143,300
22,100,2.38839,300
23,100,0,277.872
24,100,0.67607,300
