node_id,initial_energy,remaining_energy,lifetime
0,100,6.03074,300
1,100,0,189.132
2,100,0,204.157
3,100,0,245.121
4,100,0,277.461
5,100,0,209.235
6,100,0,221.519
7,100,0,178.469
8,100,0,191.165
9,100,0,297.712
10,100,0,241.411
11,100,0,221.945
12,100,0,257.242
13,100,0,210.067
14,100,8.12574,300
15,100,0,261.509
16,100,0,260.02
17,100,0,297.849
18,100,0,244.672
19,100,0.758971,300
20,100,0,299.089
21,100,0,297.959
22,100,0.0365809,300
23,100,0.349189,300
24,100,0.194903,300
