node_id,initial_energy,remaining_energy,lifetime
0,100,7.00106,300
1,100,0,215.508
2,100,0,258.982
3,100,1.15961,300
4,100,8.20524,300
5,100,0,222.7
6,100,0,267.913
7,100,0,258.697
8,100,0,288.003
9,100,9.26482,300
10,100,0,264.364
11,100,0,299.058
12,100,1.75633,300
13,100,2.4203,300
14,100,9.60028,300
15,100,0,271.975
16,100,1.75448,300
17,100,8.95104,300
18,100,2.86472,300
19,100,9.11604,300
20,100,1.07232,300
21,100,8.9438,300
22,100,9.49788,300
23,100,9.55329,300
24,100,9.79091,300
