node_id,initial_energy,remaining_energy,lifetime
0,100,6.56354,300
1,100,0,214.346
2,100,0,207.393
3,100,0,253.978
4,100,0,287.802
5,100,0,223.362
6,100,0,205.824
7,100,0,220.917
8,100,0,266.862
9,100,2.56109,300
10,100,0,235.899
11,100,0,265.103
12,100,0,270.639
13,100,0,267.282
14,100,0,291.411
15,100,0,270.635
16,100,0,294.038
17,100,0,280.388
18,100,4.31255,300
19,100,4.97989,300
20,100,0.830281,300
21,100,1.75228,300
22,100,2.42247,300
23,100,9.53031,300
24,100,9.77929,300
