node_id,initial_energy,remaining_energy,lifetime
0,100,6.53232,300
1,100,0,205.815
2,100,0,262.881
3,100,0,298.01
4,100,5.58451,300
5,100,0,203.263
6,100,0,202.153
7,100,0,191.77
8,100,0,261.139
9,100,5.21873,300
10,100,0,247.16
11,100,0,291.488
12,100,0,252.971
13,100,0,282.211
14,100,9.41823,300
15,100,0.682028,300
16,100,7.07112,300
17,100,0,289.895
18,100,1.38127,300
19,100,9.41652,300
20,100,1.70342,300
21,100,9.37201,300
22,100,3.85488,300
23,100,6.96029,300
24,100,9.71188,300
