node_id,initial_energy,remaining_energy,lifetime
0,100,6.02986,300
1,100,0,185.916
2,100,0,260.575
3,100,0.612254,300
4,100,9.75573,300
5,100,0,189.022
6,100,0,190.424
7,100,0,220.721
8,100,0,199.002
9,100,0,274.134
10,100,0,241.578
11,100,0,247.993
12,100,0,251.714
13,100,0,259.957
14,100,0,292.619
15,100,0,275.102
16,100,1.65603,300
17,100,0,280.773
18,100,3.72986,300
19,100,3.37128,300
20,100,1.60588,300
21,100,2.35367,300
22,100,2.15091,300
23,100,3.80157,300
24,100,6.52663,300
