node_id,initial_energy,remaining_energy,lifetime
0,100,6.8318,300
1,100,0,203.418
2,100,0,261.799
3,100,9.69189,300
4,100,9.82369,300
5,100,0,203.91
6,100,0,223.385
7,100,0,245.077
8,100,0,294.407
9,100,9.24664,300
10,100,0,232.447
11,100,0,261.137
12,100,0,281.209
13,100,0,291.876
14,100,0,289.077
15,100,0,273.822
16,100,1.53815,300
17,100,0,286.517
18,100,7.31386,300
19,100,3.3893,300
20,100,1.37521,300
21,100,9.04713,300
22,100,3.28957,300
23,100,9.13265,300
24,100,9.22301,300
