node_id,initial_energy,remaining_energy,lifetime
0,100,6.2194,300
1,100,0,189.555
2,100,0,236.188
3,100,0,264.254
4,100,2.95111,300
5,100,0,195.422
6,100,0,216.492
7,100,0,230.207
8,100,0,243.654
9,100,2.76848,300
10,100,0,244.616
11,100,0,248.549
12,100,0,291.265
13,100,0,249.057
14,100,2.45286,300
15,100,0,278.371
16,100,0,280.416
17,100,3.02158,300
18,100,1.08543,300
19,100,2.22315,300
20,100,2.15208,300
21,100,1.89868,300
22,100,1.82749,300
23,100,6.24827,300
24,100,6.76409,300
