node_id,initial_energy,remaining_energy,lifetime
0,100,6.26403,300
1,100,0,207.962
2,100,0,265.741
3,100,0.8724,300
4,100,5.53733,300
5,100,0,223.53
6,100,0,209.777
7,100,0,223.09
8,100,0,277.8
9,100,8.44452,300
10,100,0,236.44
11,100,0,277.795
12,100,0,268.596
13,100,1.15331,300
14,100,4.94522,300
15,100,0,267.193
16,100,0,284.729
17,100,3.92676,300
18,100,2.52548,300
19,100,9.05071,300
20,100,0.470235,300
21,100,3.38219,300
22,100,7.82482,300
23,100,8.38507,300
24,100,9.86153,300
