node_id,initial_energy,remaining_energy,lifetime
0,100,6.28824,300
1,100,0,214.107
2,100,0,235.255
3,100,0,277.75
4,100,2.30033,300
5,100,0,198.232
6,100,0,191.611
7,100,0,211.016
8,100,0,234.494
9,100,2.56728,300
10,100,0,223.029
11,100,0,275.083
12,100,0,256.98
13,100,0,267.594
14,100,9.53953,300
15,100,0,281.324
16,100,0,289.346
17,100,0,286.208
18,100,1.61805,300
19,100,9.19862,300
20,100,1.26056,300
21,100,6.62902,300
22,100,2.42066,300
23,100,5.62964,300
24,100,7.49741,300
