node_id,initial_energy,remaining_energy,lifetime
0,100,6.23162,300
1,100,0,200.061
2,100,0,228.64
3,100,0,284.962
4,100,3.30201,300
5,100,0,227.142
6,100,0,240.685
7,100,0,214.545
8,100,0,250.554
9,100,5.57559,300
10,100,0,239.437
11,100,0,244.644
12,100,0,280.809
13,100,0,277.824
14,100,9.52221,300
15,100,0,258.711
16,100,0,276.876
17,100,1.86212,300
18,100,0.882672,300
19,100,7.59247,300
20,100,0,296.653
21,100,1.45431,300
22,100,2.62071,300
23,100,2.8646,300
24,100,3.22359,300
