node_id,initial_energy,remaining_energy,lifetime
0,100,6.26481,300
1,100,0,201.872
2,100,0,285.547
3,100,7.57186,300
4,100,8.27285,300
5,100,0,186.604
6,100,0,196.031
7,100,0,211.302
8,100,0,187.39
9,100,0,261.712
10,100,0,239.868
11,100,0,264.61
12,100,0,274.335
13,100,0,245.957
14,100,0,287.406
15,100,0,271.961
16,100,0.480363,300
17,100,0,276.574
18,100,0.791352,300
19,100,4.06118,300
20,100,1.37901,300
21,100,1.4281,300
22,100,1.92829,300
23,100,1.42921,300
24,100,3.7547,300
