node_id,initial_energy,remaining_energy,lifetime
0,100,6.72509,300
1,100,0,197.879
2,100,0,244.542
3,100,0,274.543
4,100,0,293.28
5,100,0,201.927
6,100,0,202.695
7,100,0,194.577
8,100,0,270.58
9,100,1.28,300
10,100,0,232.883
11,100,0,282.098
12,100,0,253.999
13,100,0.0974077,300
14,100,7.60957,300
15,100,0,298.948
16,100,5.46716,300
17,100,0,275.039
18,100,0.336208,300
19,100,7.63469,300
20,100,0.646574,300
21,100,9.33038,300
22,100,1.28627,300
23,100,9.1824,300
24,100,8.20155,300
