node_id,initial_energy,remaining_energy,lifetime
0,100,6.1327,300
1,100,0,198.612
2,100,0,245.084
3,100,0,281.181
4,100,1.22216,300
5,100,0,222.081
6,100,0,191.245
7,100,0,187.489
8,100,0,240.033
9,100,6.5953,300
10,100,0,248.572
11,100,0,258.05
12,100,0,249.575
13,100,0,275.565
14,100,0,281.431
15,100,0,291.206
16,100,0,278.803
17,100,3.25258,300
18,100,0,291.003
19,100,2.52862,300
20,100,9.10798,300
21,100,0.737693,300
22,100,7.27001,300
23,100,4.67753,300
24,100,9.86287,300
