node_id,initial_energy,remaining_energy,lifetime
0,100,6.7021,300
1,100,0,216.357
2,100,0,210.781
3,100,0,269.081
4,100,0.353685,300
5,100,0,223.649
6,100,0,208.195
7,100,0,225.144
8,100,2.31954,300
9,100,9.1479,300
10,100,0,233.554
11,100,0,269.061
12,100,0,267.709
13,100,0,275.469
14,100,0,266.276
15,100,0,264.413
16,100,0,295.166
17,100,0,284.519
18,100,4.31544,300
19,100,0,295.472
20,100,0,299.898
21,100,1.33395,300
22,100,3.41082,300
23,100,7.5792,300
24,100,7.75952,300
