node_id,initial_energy,remaining_energy,lifetime
0,100,6.78198,300
1,100,0,199.051
2,100,0,259.562
3,100,9.71394,300
4,100,9.83877,300
5,100,0,208.416
6,100,0,250.237
7,100,0,243.877
8,100,0,282.657
9,100,9.24314,300
10,100,0,245.507
11,100,0,242.154
12,100,0,274.197
13,100,0,276.843
14,100,0,292.385
15,100,0.364684,300
16,100,0.261272,300
17,100,0,277.073
18,100,4.83818,300
19,100,3.85137,300
20,100,9.87305,300
21,100,8.96097,300
22,100,1.53102,300
23,100,7.05023,300
24,100,9.21038,300
