node_id,initial_energy,remaining_energy,lifetime
0,100,7.55404,300
1,100,0,225.81
2,100,0,263.181
3,100,0,265.005
4,100,0,299.153
5,100,0,235.311
6,100,0,277.359
7,100,7.81012,300
8,100,8.40551,300
9,100,8.63262,300
10,100,3.73175,300
11,100,0.335467,300
12,100,5.72744,300
13,100,8.69027,300
14,100,9.13831,300
15,100,3.89139,300
16,100,5.9017,300
17,100,9.14226,300
18,100,8.83936,300
19,100,8.99151,300
20,100,1.61376,300
21,100,6.35044,300
22,100,9.60807,300
23,100,9.677,300
24,100,9.66682,300
