node_id,initial_energy,remaining_energy,lifetime
0,100,7.57156,300
1,100,0,238.496
2,100,9.5517,300
3,100,9.51955,300
4,100,9.74108,300
5,100,0,223.84
6,100,0,240.055
7,100,2.22434,300
8,100,8.9319,300
9,100,9.13936,300
10,100,0,225.259
11,100,0,292.987
12,100,8.25222,300
13,100,9.0238,300
14,100,9.46008,300
15,100,0,261.733
16,100,7.88602,300
17,100,9.06551,300
18,100,9.00553,300
19,100,9.22018,300
20,100,0,297.695
21,100,9.02613,300
22,100,9.57785,300
23,100,9.59584,300
24,100,9.85529,300
