node_id,initial_energy,remaining_energy,lifetime
0,100,6.81986,300
1,100,0,220.038
2,100,0,274.042
3,100,0,262.137
4,100,0,298.017
5,100,0,204.916
6,100,0,256.362
7,100,8.63766,300
8,100,8.74196,300
9,100,0,296.116
10,100,0,257.143
11,100,0,292.568
12,100,9.14062,300
13,100,9.29457,300
14,100,9.64794,300
15,100,0,294.424
16,100,0,294.835
17,100,0,294.495
18,100,9.29065,300
19,100,9.71371,300
20,100,0,297.878
21,100,9.68488,300
22,100,0,297.236
23,100,9.30251,300
24,100,9.87771,300
