node_id,initial_energy,remaining_energy,lifetime
0,100,6.34397,300
1,100,0,208.688
2,100,0,260.014
3,100,9.71356,300
4,100,9.84094,300
5,100,0,235.425
6,100,0,250.543
7,100,0,231.427
8,100,0,264.582
9,100,9.18737,300
10,100,0,258.325
11,100,0,261.617
12,100,0,264.305
13,100,0,244.891
14,100,0,256.785
15,100,0,294.97
16,100,5.18713,300
17,100,0,264.14
18,100,0.37391,300
19,100,0,294.716
20,100,9.8722,300
21,100,8.83319,300
22,100,0,299.22
23,100,8.73526,300
24,100,8.30338,300
