node_id,initial_energy,remaining_energy,lifetime
0,100,7.20902,300
1,100,0,226.94
2,100,0,239.12
3,100,0,257.881
4,100,0,296.529
5,100,0,229.912
6,100,0,214.195
7,100,0,224.199
8,100,1.82645,300
9,100,9.08836,300
10,100,0,267.418
11,100,0,282.665
12,100,0,279.027
13,100,0,283.39
14,100,0,263.968
15,100,1.29136,300
16,100,4.66969,300
17,100,1.03004,300
18,100,6.78775,300
19,100,0,283.463
20,100,0,296.223
21,100,5.9314,300
22,100,1.77375,300
23,100,8.56385,300
24,100,3.80389,300
