node_id,initial_energy,remaining_energy,lifetime
0,100,7.16375,300
1,100,0,229.119
2,100,0,222.665
3,100,0,260.238
4,100,0,298.206
5,100,0,235.238
6,100,0,207.566
7,100,0,229.3
8,100,0,286.229
9,100,0,298.206
10,100,0,260.81
11,100,0,283.326
12,100,0,274.179
13,100,7.05275,300
14,100,9.59207,300
15,100,0,292.162
16,100,0,294.624
17,100,2.70245,300
18,100,7.35787,300
19,100,9.22127,300
20,100,9.84859,300
21,100,9.54954,300
22,100,2.70745,300
23,100,4.96828,300
24,100,6.29529,300
