node_id,initial_energy,remaining_energy,lifetime
0,100,6.93707,300
1,100,0,201.38
2,100,0,255.468
3,100,0,291.314
4,100,6.87606,300
5,100,0,204.31
6,100,0,203.686
7,100,0,240.089
8,100,0,297.749
9,100,5.87816,300
10,100,0,249.646
11,100,0,279.778
12,100,0,273.548
13,100,9.10489,300
14,100,9.64994,300
15,100,0,298.733
16,100,3.49005,300
17,100,0,270.053
18,100,9.13381,300
19,100,9.68274,300
20,100,0.6084,300
21,100,9.42934,300
22,100,0.426467,300
23,100,9.14134,300
24,100,9.86725,300
