node_id,initial_energy,remaining_energy,lifetime
0,100,6.11318,300
1,100,0,202.115
2,100,0,290.622
3,100,8.89076,300
4,100,9.65292,300
5,100,0,235.242
6,100,0,198.303
7,100,0,224.215
8,100,0,188.55
9,100,0,277.575
10,100,0,288.015
11,100,0,245.206
12,100,0,251.135
13,100,0,240.108
14,100,1.45176,300
15,100,0,292.688
16,100,8.50975,300
17,100,0,252.76
18,100,0,298.596
19,100,8.99623,300
20,100,0,296.45
21,100,9.36833,300
22,100,0.11568,300
23,100,0,299.296
24,100,2.50892,300
