node_id,initial_energy,remaining_energy,lifetime
0,100,6.79114,300
1,100,0,213.921
2,100,0,266.834
3,100,0,289.7
4,100,6.87259,300
5,100,0,225.423
6,100,0,236.874
7,100,0,212.552
8,100,0,264.941
9,100,8.78749,300
10,100,0,261.778
11,100,0,232.888
12,100,0,272.842
13,100,0,291.331
14,100,9.50382,300
15,100,9.58711,300
16,100,0,266.452
17,100,0,299.326
18,100,0,292.306
19,100,5.89866,300
20,100,9.77849,300
21,100,0.0488056,300
22,100,0.643167,300
23,100,1.41982,300
24,100,1.9187,300
