node_id,initial_energy,remaining_energy,lifetime
0,100,6.36956,300
1,100,0,187.972
2,100,0,246.69
3,100,0,274.568
4,100,2.78361,300
5,100,0,199.952
6,100,0,226.518
7,100,0,255.13
8,100,0,237.338
9,100,1.08766,300
10,100,0,239.194
11,100,0,253.613
12,100,5.22348,300
13,100,0,265.153
14,100,6.08194,300
15,100,0,275.922
16,100,0,285.022
17,100,5.60645,300
18,100,0,284.79
19,100,6.31323,300
20,100,1.77959,300
21,100,1.37971,300
22,100,6.30607,300
23,100,3.228,300
24,100,9.8404,300
