node_id,initial_energy,remaining_energy,lifetime
0,100,7.32823,300
1,100,0,225.9
2,100,0,228
3,100,0,267.196
4,100,1.41485,300
5,100,0,235.554
6,100,0,206.782
7,100,0,237.351
8,100,0,268.181
9,100,1.72016,300
10,100,0,223.576
11,100,0,281.087
12,100,0,296.974
13,100,8.76952,300
14,100,9.59065,300
15,100,0,274.481
16,100,0,285.129
17,100,8.9535,300
18,100,9.00046,300
19,100,9.24247,300
20,100,0,299.973
21,100,6.01906,300
22,100,9.08246,300
23,100,8.9953,300
24,100,9.66506,300
