node_id,initial_energy,remaining_energy,lifetime
0,100,6.3151,300
1,100,0,204.751
2,100,0,287.111
3,100,8.99266,300
4,100,9.78701,300
5,100,0,201.526
6,100,0,198.509
7,100,0,218.413
8,100,0,225.635
9,100,0,271.986
10,100,0,270.183
11,100,0,296.41
12,100,0,283.345
13,100,0,292.341
14,100,0,295.445
15,100,0,270.35
16,100,8.76788,300
17,100,0,284.796
18,100,6.23898,300
19,100,5.40369,300
20,100,1.15053,300
21,100,9.49268,300
22,100,1.83038,300
23,100,6.87647,300
24,100,9.76508,300
