node_id,initial_energy,remaining_energy,lifetime
0,100,6.77488,300
1,100,0,205.164
2,100,0,262.827
3,100,0,297.829
4,100,7.72051,300
5,100,0,203.19
6,100,0,201.69
7,100,0,215.893
8,100,0.183405,300
9,100,7.11287,300
10,100,0,255.597
11,100,0,282.88
12,100,0,272.664
13,100,8.93917,300
14,100,9.42194,300
15,100,0,299.594
16,100,4.37668,300
17,100,0,279.396
18,100,9.07035,300
19,100,9.40188,300
20,100,0.81396,300
21,100,9.39701,300
22,100,1.81379,300
23,100,9.15578,300
24,100,9.71128,300
