node_id,initial_energy,remaining_energy,lifetime
0,100,6.9902,300
1,100,0,219.892
2,100,0,219.123
3,100,0,271.609
4,100,0.818206,300
5,100,0,228.074
6,100,0,210.813
7,100,0,228.427
8,100,3.67359,300
9,100,9.10969,300
10,100,0,256.433
11,100,0,274.099
12,100,0,269.482
13,100,0,299.949
14,100,1.84737,300
15,100,0,297.484
16,100,0.515128,300
17,100,0,280.558
18,100,4.58578,300
19,100,5.35438,300
20,100,0,299.839
21,100,1.22049,300
22,100,2.30894,300
23,100,9.30732,300
24,100,9.58497,300
