node_id,initial_energy,remaining_energy,lifetime
0,100,6.59733,300
1,100,0,211.682
2,100,0,257.763
3,100,9.74074,300
4,100,9.82198,300
5,100,0,243.416
6,100,0,252.143
7,100,0,249.862
8,100,0.258221,300
9,100,9.18475,300
10,100,0,260.207
11,100,0,231.927
12,100,0,267.377
13,100,0,293.952
14,100,0,299.402
15,100,0,293.202
16,100,0,297.123
17,100,0,272.315
18,100,8.39974,300
19,100,6.48747,300
20,100,9.83646,300
21,100,9.10076,300
22,100,1.51911,300
23,100,8.84532,300
24,100,9.68423,300
