node_id,initial_energy,remaining_energy,lifetime
0,100,6.47671,300
1,100,0,189.546
2,100,0,227.352
3,100,0,252.37
4,100,2.46777,300
5,100,0,198.74
6,100,0,197.724
7,100,0,242.342
8,100,0,246.111
9,100,1.5694,300
10,100,0,239.71
11,100,0,248.737
12,100,0,293.251
13,100,0,252.407
14,100,5.98495,300
15,100,0,275.289
16,100,0,277.21
17,100,3.1473,300
18,100,0,296.742
19,100,6.24077,300
20,100,1.61832,300
21,100,1.59503,300
22,100,1.70977,300
23,100,6.41135,300
24,100,9.80801,300
