node_id,initial_energy,remaining_energy,lifetime
0,100,6.60065,300
1,100,0,197.879
2,100,0,244.817
3,100,0,282.435
4,100,2.86056,300
5,100,0,198.08
6,100,0,191.226
7,100,0,216.038
8,100,0,232.646
9,100,2.6026,300
10,100,0,235.757
11,100,0,281.834
12,100,0,265.119
13,100,0,266.254
14,100,9.50977,300
15,100,0,281.596
16,100,0,288.666
17,100,0,292.688
18,100,1.77755,300
19,100,9.1656,300
20,100,1.52625,300
21,100,7.03098,300
22,100,3.43974,300
23,100,5.42373,300
24,100,6.56807,300
