node_id,initial_energy,remaining_energy,lifetime
0,100,6.32263,300
1,100,0,193.507
2,100,0,246.384
3,100,0,277.021
4,100,0,274.029
5,100,0,197.232
6,100,0,193.102
7,100,0,189.873
8,100,0,247.726
9,100,0,282.115
10,100,0,252.346
11,100,0,288.061
12,100,0,261.834
13,100,0,274.179
14,100,4.64583,300
15,100,0.58217,300
16,100,6.28294,300
17,100,0,285.424
18,100,0,299.97
19,100,8.70826,300
20,100,1.50832,300
21,100,9.38281,300
22,100,2.92016,300
23,100,7.06116,300
24,100,9.35679,300
