node_id,initial_energy,remaining_energy,lifetime
0,100,6.14093,300
1,100,0,190.398
2,100,0,260.277
3,100,0.330407,300
4,100,9.75645,300
5,100,0,189.71
6,100,0,195.819
7,100,0,219.569
8,100,0,197.932
9,100,0,261.622
10,100,0,245.898
11,100,0,259.312
12,100,0,255.731
13,100,0,253.016
14,100,0,285.062
15,100,0,277.076
16,100,1.70265,300
17,100,0,285.927
18,100,1.56001,300
19,100,2.51581,300
20,100,1.90772,300
21,100,2.19767,300
22,100,1.89071,300
23,100,7.12055,300
24,100,9.75541,300
