node_id,initial_energy,remaining_energy,lifetime
0,100,6.17014,300
1,100,0,200.668
2,100,0,253.238
3,100,0,288.354
4,100,3.2748,300
5,100,0,217.304
6,100,0,194.3
7,100,0,199.456
8,100,0,252.699
9,100,7.07727,300
10,100,0,237.16
11,100,0,265.754
12,100,0,260.465
13,100,0,286.78
14,100,0,299.632
15,100,0,269.542
16,100,0,283.7
17,100,0.496498,300
18,100,3.017,300
19,100,4.53425,300
20,100,1.31398,300
21,100,2.72873,300
22,100,7.42948,300
23,100,8.62174,300
24,100,9.86028,300
