node_id,initial_energy,remaining_energy,lifetime
0,100,6.32559,300
1,100,0,199.456
2,100,0,240.509
3,100,0.631969,300
4,100,9.28675,300
5,100,0,200.522
6,100,0,202.898
7,100,0,207.839
8,100,0,230.064
9,100,8.95851,300
10,100,0,257.077
11,100,0,256.762
12,100,0,291.307
13,100,0,254.762
14,100,9.27975,300
15,100,0,274.661
16,100,0,283.778
17,100,5.29122,300
18,100,0,279.82
19,100,4.88255,300
20,100,1.66448,300
21,100,2.3519,300
22,100,5.81311,300
23,100,3.76935,300
24,100,4.43193,300
