node_id,initial_energy,remaining_energy,lifetime
0,100,6.89959,300
1,100,0,203.359
2,100,0,252.275
3,100,3.34443,300
4,100,3.46488,300
5,100,0,203.263
6,100,0,222.197
7,100,0,260.643
8,100,4.64411,300
9,100,2.32229,300
10,100,0,230.119
11,100,0,254.982
12,100,0,278.254
13,100,0.0467844,300
14,100,0,298.077
15,100,0,273.622
16,100,1.53857,300
17,100,0,283.141
18,100,7.88802,300
19,100,6.26978,300
20,100,1.30211,300
21,100,9.11808,300
22,100,2.67047,300
23,100,9.12779,300
24,100,9.56747,300
