node_id,initial_energy,remaining_energy,lifetime
0,100,6.97814,300
1,100,0,275.499
2,100,0,285.763
3,100,0,289.472
4,100,9.85522,300
5,100,0,213.675
6,100,0,245.745
7,100,6.17575,300
8,100,0,287.964
9,100,9.31544,300
10,100,0,254.364
11,100,0,245.476
12,100,5.61426,300
13,100,0,285.936
14,100,9.67105,300
15,100,0,294.257
16,100,0,281.676
17,100,6.1457,300
18,100,0,287.297
19,100,9.7168,300
20,100,0,289.089
21,100,6.79063,300
22,100,8.24896,300
23,100,9.28428,300
24,100,9.86087,300
