node_id,initial_energy,remaining_energy,lifetime
0,100,7.49471,300
1,100,0,259.03
2,100,9.66454,300
3,100,9.68768,300
4,100,9.84029,300
5,100,0,199.37
6,100,0,276.93
7,100,0,271.395
8,100,0,274.241
9,100,9.28309,300
10,100,0,278.754
11,100,0,263.946
12,100,0,255.396
13,100,0,248.971
14,100,9.53741,300
15,100,9.74501,300
16,100,8.70007,300
17,100,0,290.217
18,100,0,250.028
19,100,0,289.345
20,100,9.86363,300
21,100,8.7226,300
22,100,0,291.237
23,100,9.67926,300
24,100,0,292.849
