node_id,initial_energy,remaining_energy,lifetime
0,100,7.53127,300
1,100,0,249.551
2,100,0,250.228
3,100,0,290.104
4,100,0,292.31
5,100,0,240.547
6,100,0,284.785
7,100,0,261.904
8,100,8.7192,300
9,100,9.29359,300
10,100,0,249.766
11,100,0,290.026
12,100,0,252.001
13,100,8.73082,300
14,100,9.03422,300
15,100,0,290.778
16,100,9.04782,300
17,100,0,291.247
18,100,0,291.131
19,100,0,291.331
20,100,0,292.966
21,100,9.25895,300
22,100,9.65228,300
23,100,9.7036,300
24,100,9.86832,300
