node_id,initial_energy,remaining_energy,lifetime
0,100,7.45549,300
1,100,0,214.632
2,100,0,256.077
3,100,0,261.567
4,100,0,298.047
5,100,0,225.659
6,100,0,271.881
7,100,3.87863,300
8,100,4.17546,300
9,100,6.2043,300
10,100,0,294.246
11,100,4.66009,300
12,100,6.47982,300
13,100,7.48021,300
14,100,6.584,300
15,100,0,294.146
16,100,7.71767,300
17,100,8.76268,300
18,100,8.95302,300
19,100,7.68117,300
20,100,0,296.425
21,100,9.2254,300
22,100,9.39954,300
23,100,9.66495,300
24,100,8.39333,300
