node_id,initial_energy,remaining_energy,lifetime
0,100,6.29339,300
1,100,0,201.28
2,100,0,289.527
3,100,8.67991,300
4,100,9.42011,300
5,100,0,183.76
6,100,0,189.391
7,100,0,197.04
8,100,0,189.045
9,100,0,253.681
10,100,0,240.607
11,100,0,269.326
12,100,0,269.314
13,100,0,244.829
14,100,0,280.291
15,100,0,271.672
16,100,0.231979,300
17,100,0,272.079
18,100,0,274.195
19,100,2.68543,300
20,100,1.12431,300
21,100,1.17127,300
22,100,1.10461,300
23,100,0,276.115
24,100,1.28748,300
