node_id,initial_energy,remaining_energy,lifetime
0,100,6.27313,300
1,100,0,179.621
2,100,0,247.809
3,100,9.72063,300
4,100,9.8014,300
5,100,0,195.327
6,100,0,228.604
7,100,0,197.52
8,100,0,219.079
9,100,9.22839,300
10,100,0,229.775
11,100,0,222.937
12,100,0,255.036
13,100,0,202.003
14,100,0,234.489
15,100,0.376824,300
16,100,0,298.813
17,100,0,270.735
18,100,0,281.677
19,100,0,271.912
20,100,9.85389,300
21,100,9.27166,300
22,100,0.612277,300
23,100,2.1546,300
24,100,1.99596,300
