node_id,initial_energy,remaining_energy,lifetime
0,100,7.4538,300
1,100,0,222.898
2,100,6.35891,300
3,100,6.33237,300
4,100,6.54515,300
5,100,0,225.4
6,100,0,253.142
7,100,3.47482,300
8,100,5.61356,300
9,100,5.82551,300
10,100,0,221.52
11,100,0.928253,300
12,100,6.74726,300
13,100,6.7955,300
14,100,7.33677,300
15,100,0,260.091
16,100,8.00271,300
17,100,6.84815,300
18,100,6.86167,300
19,100,8.24049,300
20,100,0,297.346
21,100,9.20348,300
22,100,8.50574,300
23,100,8.54497,300
24,100,9.8634,300
