node_id,initial_energy,remaining_energy,lifetime
0,100,6.42772,300
1,100,0,198.49
2,100,0,226.233
3,100,0,266.755
4,100,0.447888,300
5,100,0,208.879
6,100,0,185.429
7,100,0,204.337
8,100,0,238.388
9,100,9.54095,300
10,100,0,255.754
11,100,0,237.556
12,100,0,288.623
13,100,0,266.892
14,100,0,274.977
15,100,0,292.279
16,100,0,265.703
17,100,9.16108,300
18,100,0,273.49
19,100,1.05463,300
20,100,9.81212,300
21,100,0,299.737
22,100,9.59348,300
23,100,1.86918,300
24,100,9.86069,300
