node_id,initial_energy,remaining_energy,lifetime
0,100,6.36578,300
1,100,0,176.22
2,100,0,196.378
3,100,0,231.705
4,100,0,256.071
5,100,0,197.146
6,100,0,189.127
7,100,0,184.192
8,100,0,242.036
9,100,0,249.352
10,100,0,241.901
11,100,0,296.478
12,100,0,260.744
13,100,0,299.585
14,100,0,278.878
15,100,0,298.164
16,100,8.63943,300
17,100,0,273.264
18,100,0.266691,300
19,100,0,278.959
20,100,0.407334,300
21,100,9.67018,300
22,100,1.10522,300
23,100,9.2851,300
24,100,1.29404,300
