node_id,initial_energy,remaining_energy,lifetime
0,100,6.43624,300
1,100,0,198.089
2,100,0,199.206
3,100,0,259.052
4,100,0,299.181
5,100,0,213.597
6,100,0,194.255
7,100,0,183.11
8,100,0,244.712
9,100,9.30335,300
10,100,0,218.566
11,100,0,255.925
12,100,0,242.985
13,100,0,232.217
14,100,0,256.258
15,100,0,262.812
16,100,0,291.137
17,100,0,269.127
18,100,0,297.271
19,100,0,265.939
20,100,0,298.77
21,100,0.2814,300
22,100,1.49531,300
23,100,0.3626,300
24,100,0.600726,300
