node_id,initial_energy,remaining_energy,lifetime
0,100,7.75004,300
1,100,0,244.695
2,100,0,296.616
3,100,0,297.495
4,100,0,299.548
5,100,0,262.188
6,100,0,262.797
7,100,7.2275,300
8,100,8.99107,300
9,100,9.03023,300
10,100,2.94966,300
11,100,0,293.95
12,100,5.66828,300
13,100,9.15316,300
14,100,9.51564,300
15,100,2.2325,300
16,100,3.84877,300
17,100,9.02406,300
18,100,9.15668,300
19,100,9.19269,300
20,100,0,296.935
21,100,5.2277,300
22,100,9.61624,300
23,100,9.67197,300
24,100,9.85708,300
