node_id,initial_energy,remaining_energy,lifetime
0,100,6.9896,300
1,100,0,225.741
2,100,0,257.202
3,100,0,262.012
4,100,0,299.657
5,100,0,243.633
6,100,0,203.013
7,100,0,225.896
8,100,0,288.373
9,100,0.280216,300
10,100,0,259.797
11,100,0,276.857
12,100,0,281.658
13,100,6.25157,300
14,100,9.51867,300
15,100,0,292.285
16,100,0,288.265
17,100,1.7337,300
18,100,6.93174,300
19,100,9.19658,300
20,100,9.85109,300
21,100,9.60595,300
22,100,0.876773,300
23,100,4.06405,300
24,100,6.18524,300
