node_id,initial_energy,remaining_energy,lifetime
0,100,6.53336,300
1,100,0,213.333
2,100,0,262.231
3,100,9.70865,300
4,100,9.83569,300
5,100,0,242.011
6,100,0,251.963
7,100,0,237.216
8,100,0,281.024
9,100,9.22301,300
10,100,0,265.831
11,100,0,270.778
12,100,0,263.584
13,100,0,276.627
14,100,0,291.034
15,100,0,294.272
16,100,6.95261,300
17,100,0,264.431
18,100,3.57361,300
19,100,5.29528,300
20,100,9.84871,300
21,100,8.97691,300
22,100,0,298.986
23,100,9.2299,300
24,100,9.83367,300
