node_id,initial_energy,remaining_energy,lifetime
0,100,6.25153,300
1,100,0,204.714
2,100,0,291.744
3,100,9.23944,300
4,100,9.69805,300
5,100,0,243.585
6,100,0,214.894
7,100,0,257.201
8,100,0,204.499
9,100,0,280.771
10,100,0,296.203
11,100,0,243.776
12,100,0,257.229
13,100,0,232.781
14,100,1.43852,300
15,100,0,295.251
16,100,8.69596,300
17,100,0,259.099
18,100,2.88696,300
19,100,8.99243,300
20,100,0,299.108
21,100,9.40032,300
22,100,0.578628,300
23,100,3.14049,300
24,100,4.19482,300
