node_id,initial_energy,remaining_energy,lifetime
0,100,7.20967,300
1,100,0,211.359
2,100,0,262.626
3,100,0,297.607
4,100,8.68467,300
5,100,0,207.311
6,100,0,214.653
7,100,0,264.512
8,100,0.269407,300
9,100,7.91605,300
10,100,0,256.148
11,100,0,293.302
12,100,0,294.165
13,100,9.11718,300
14,100,9.62433,300
15,100,0,298.988
16,100,7.87015,300
17,100,0.521239,300
18,100,9.16335,300
19,100,9.70634,300
20,100,0.68782,300
21,100,9.49173,300
22,100,1.26394,300
23,100,9.1871,300
24,100,9.86859,300
