node_id,initial_energy,remaining_energy,lifetime
0,100,6.83436,300
1,100,0,197.391
2,100,0,266.658
3,100,0,296.921
4,100,9.80479,300
5,100,0,203.914
6,100,0,236.9
7,100,0,288.766
8,100,0,248.858
9,100,2.04306,300
10,100,0,244.795
11,100,0,262.282
12,100,5.72159,300
13,100,0,274.512
14,100,4.88509,300
15,100,0,282.631
16,100,0,293.698
17,100,8.03549,300
18,100,1.23304,300
19,100,5.16075,300
20,100,1.48139,300
21,100,6.31946,300
22,100,8.45104,300
23,100,9.01438,300
24,100,9.86654,300
