node_id,initial_energy,remaining_energy,lifetime
0,100,7.27531,300
1,100,0,229.024
2,100,0,272.908
3,100,0,285.391
4,100,5.55745,300
5,100,0,242.984
6,100,0,263.219
7,100,0,269.986
8,100,0,290.501
9,100,9.27835,300
10,100,0,274.67
11,100,0,241.915
12,100,0,289.297
13,100,4.47849,300
14,100,9.59683,300
15,100,9.28422,300
16,100,0,273.272
17,100,3.59859,300
18,100,4.50891,300
19,100,8.56223,300
20,100,9.81375,300
21,100,0.868071,300
22,100,2.87273,300
23,100,3.56506,300
24,100,5.424,300
