node_id,initial_energy,remaining_energy,lifetime
0,100,7.05175,300
1,100,0,235.25
2,100,0,265.503
3,100,1.99755,300
4,100,1.98891,300
5,100,0,230.43
6,100,0,205.091
7,100,0,211.855
8,100,0,248.577
9,100,7.00707,300
10,100,0,252.457
11,100,0,297.19
12,100,0,296.781
13,100,0,291.478
14,100,0,293.669
15,100,0,292.208
16,100,0,284.818
17,100,3.90744,300
18,100,9.08313,300
19,100,4.77819,300
20,100,9.20329,300
21,100,1.85178,300
22,100,7.86798,300
23,100,9.68852,300
24,100,9.85764,300
