node_id,initial_energy,remaining_energy,lifetime
0,100,6.43249,300
1,100,0,198.555
2,100,0,237.123
3,100,0,297.51
4,100,7.71933,300
5,100,0,203.586
6,100,0,234.741
7,100,0,200.524
8,100,0,226.014
9,100,8.53985,300
10,100,0,254.604
11,100,0,254.373
12,100,0,282.288
13,100,0,253.262
14,100,9.33227,300
15,100,0,268.607
16,100,0,281.633
17,100,1.52087,300
18,100,0,280.109
19,100,3.91741,300
20,100,0.456696,300
21,100,1.55124,300
22,100,2.29451,300
23,100,5.77833,300
24,100,6.0853,300
