node_id,initial_energy,remaining_energy,lifetime
0,100,6.46051,300
1,100,0,218.154
2,100,0,220.046
3,100,0,260.717
4,100,0,298.666
5,100,0,196.107
6,100,0,189.088
7,100,0,204.854
8,100,0,213.624
9,100,0.685978,300
10,100,0,224.739
11,100,0,280.211
12,100,0,261.982
13,100,0,245.433
14,100,9.52132,300
15,100,0,275.767
16,100,0,291.449
17,100,0,293.888
18,100,0,297.161
19,100,9.23875,300
20,100,0.588883,300
21,100,7.1121,300
22,100,3.58293,300
23,100,6.52934,300
24,100,7.64539,300
