node_id,initial_energy,remaining_energy,lifetime
0,100,7.53062,300
1,100,0,241.515
2,100,9.28971,300
3,100,9.52053,300
4,100,9.73881,300
5,100,0,223.745
6,100,0,244.209
7,100,2.30131,300
8,100,8.92282,300
9,100,9.13641,300
10,100,0,230.777
11,100,0,295.023
12,100,8.24714,300
13,100,9.0134,300
14,100,9.458,300
15,100,0,267.264
16,100,7.98363,300
17,100,9.07603,300
18,100,9.018,300
19,100,9.2132,300
20,100,0.205656,300
21,100,8.93896,300
22,100,9.57469,300
23,100,9.59866,300
24,100,9.85529,300
