node_id,initial_energy,remaining_energy,lifetime
0,100,6.266,300
1,100,0,181.523
2,100,0,217.114
3,100,0,235.719
4,100,1.43363,300
5,100,0,193.694
6,100,0,209.424
7,100,0,225.857
8,100,0,224.591
9,100,0.358222,300
10,100,0,236.83
11,100,0,247.18
12,100,0,288.432
13,100,0,229.42
14,100,0,290.114
15,100,0,270.802
16,100,0,278.163
17,100,0.85933,300
18,100,0,282.046
19,100,0,290.653
20,100,1.16179,300
21,100,2.57311,300
22,100,1.60342,300
23,100,3.09913,300
24,100,3.54894,300
