node_id,initial_energy,remaining_energy,lifetime
0,100,5.97163,300
1,100,0,193.525
2,100,0,254.206
3,100,0,297.174
4,100,9.038,300
5,100,0,184.325
6,100,0,192.717
7,100,0,207.612
8,100,0,180.019
9,100,0,263.965
10,100,0,242.891
11,100,0,233.554
12,100,0,239.86
13,100,0,237.097
14,100,0,287.589
15,100,0,274.108
16,100,0.617182,300
17,100,0,270.131
18,100,0,292.711
19,100,3.52563,300
20,100,1.43551,300
21,100,1.59809,300
22,100,0.267988,300
23,100,0,292.035
24,100,3.20052,300
