node_id,initial_energy,remaining_energy,lifetime
0,100,6.67619,300
1,100,0,216.804
2,100,0,208.087
3,100,0,246.372
4,100,0,279.871
5,100,0,220.351
6,100,0,202.656
7,100,0,225.73
8,100,0,269.953
9,100,1.35959,300
10,100,0,229.12
11,100,0,261.497
12,100,0,267.756
13,100,0,282.881
14,100,0,284.901
15,100,0,263.692
16,100,0,293.859
17,100,0,285.185
18,100,4.26557,300
19,100,0,298.485
20,100,0,299.538
21,100,1.41441,300
22,100,2.99651,300
23,100,8.93561,300
24,100,8.48787,300
