node_id,initial_energy,remaining_energy,lifetime
0,100,6.79232,300
1,100,0,197.296
2,100,0,250.849
3,100,0,283.151
4,100,3.10777,300
5,100,0,203.017
6,100,0,203.217
7,100,0,192.734
8,100,0,245.767
9,100,4.63846,300
10,100,0,235.943
11,100,0,286.749
12,100,0,257.679
13,100,0,275.971
14,100,8.61957,300
15,100,0,299.055
16,100,5.42269,300
17,100,0,275.771
18,100,1.21738,300
19,100,8.62663,300
20,100,0.693705,300
21,100,9.35171,300
22,100,1.42123,300
23,100,8.9701,300
24,100,9.32552,300
