node_id,initial_energy,remaining_energy,lifetime
0,100,6.10718,300
1,100,0,203.586
2,100,0,251.841
3,100,0,288.459
4,100,2.90536,300
5,100,0,215.135
6,100,0,199.342
7,100,0,200.471
8,100,0,257.309
9,100,7.16347,300
10,100,0,223.63
11,100,0,260.455
12,100,0,254.964
13,100,0,287.896
14,100,0,294.238
15,100,0,264.083
16,100,0,286.104
17,100,0.189881,300
18,100,0,295.307
19,100,4.04231,300
20,100,0.0599996,300
21,100,2.34829,300
22,100,7.66876,300
23,100,4.17037,300
24,100,9.86028,300
