node_id,initial_energy,remaining_energy,lifetime
0,100,7.92897,300
1,100,0,237.139
2,100,0,264.563
3,100,1.42178,300
4,100,0,298.021
5,100,0,251.84
6,100,0,233.655
7,100,0,275.086
8,100,0,286.258
9,100,6.49648,300
10,100,0,287.444
11,100,2.07505,300
12,100,2.0213,300
13,100,0,296.947
14,100,0,299.331
15,100,9.59636,300
16,100,1.79044,300
17,100,5.32147,300
18,100,8.95456,300
19,100,0,299.447
20,100,9.84974,300
21,100,0,298.154
22,100,6.63753,300
23,100,9.67202,300
24,100,9.85204,300
