node_id,initial_energy,remaining_energy,lifetime
0,100,7.16979,300
1,100,0,240.081
2,100,0.961583,300
3,100,0,294.01
4,100,9.70063,300
5,100,0,211.928
6,100,0,234.41
7,100,0,272.766
8,100,6.03868,300
9,100,9.29153,300
10,100,0,253.219
11,100,4.19498,300
12,100,0,291.485
13,100,9.11112,300
14,100,9.6392,300
15,100,0,292.662
16,100,6.00434,300
17,100,0,294.062
18,100,9.09554,300
19,100,9.697,300
20,100,0,296.012
21,100,9.39012,300
22,100,0,296.205
23,100,9.12369,300
24,100,9.86547,300
