node_id,initial_energy,remaining_energy,lifetime
0,100,7.00831,300
1,100,0,197.41
2,100,0,280.252
3,100,0,271.644
4,100,1.0478,300
5,100,0,209.463
6,100,0,240.901
7,100,0,262.368
8,100,0,297.058
9,100,0.0374148,300
10,100,0,260.019
11,100,9.03095,300
12,100,0,298.627
13,100,9.19575,300
14,100,9.62437,300
15,100,0,295.771
16,100,8.9887,300
17,100,0,297.912
18,100,9.1978,300
19,100,9.67775,300
20,100,0,299.255
21,100,9.66929,300
22,100,0.171662,300
23,100,9.22694,300
24,100,9.85589,300
