node_id,initial_energy,remaining_energy,lifetime
0,100,7.60297,300
1,100,0,246.349
2,100,0,239.618
3,100,0,253.178
4,100,0,293.996
5,100,0,234.345
6,100,0,239.823
7,100,0,229.298
8,100,0,292.396
9,100,9.25118,300
10,100,0,251.165
11,100,0,290.108
12,100,0,297.369
13,100,0,288.445
14,100,0,290.243
15,100,0,292.308
16,100,9.19291,300
17,100,8.9405,300
18,100,0,297.009
19,100,0,293.96
20,100,0,294.673
21,100,9.22818,300
22,100,9.39721,300
23,100,0,299.498
24,100,9.8592,300
