node_id,initial_energy,remaining_energy,lifetime
0,100,8.15839,300
1,100,0,241.178
2,100,0,278.543
3,100,0,291.894
4,100,0,294.076
5,100,0,267.631
6,100,1.00125,300
7,100,0,296.89
8,100,0.0959984,300
9,100,6.06184,300
10,100,0,286.494
11,100,5.51579,300
12,100,5.51151,300
13,100,2.17724,300
14,100,6.48774,300
15,100,0,286.529
16,100,9.1744,300
17,100,8.9791,300
18,100,4.85227,300
19,100,7.59258,300
20,100,0,289.172
21,100,9.20276,300
22,100,9.62703,300
23,100,8.16189,300
24,100,8.348,300
