node_id,initial_energy,remaining_energy,lifetime
0,100,7.11766,300
1,100,0,220.467
2,100,0,249.835
3,100,0,253.339
4,100,0,296.108
5,100,0,238.144
6,100,0,188.704
7,100,0,208.524
8,100,0,292.198
9,100,9.23656,300
10,100,0,255.989
11,100,0,280.626
12,100,0,261.425
13,100,0,291.981
14,100,9.62377,300
15,100,0,291.785
16,100,0,285.476
17,100,0,292.234
18,100,0,294.391
19,100,9.24528,300
20,100,9.84612,300
21,100,9.71014,300
22,100,0,296.78
23,100,0,297.48
24,100,9.86296,300
