node_id,initial_energy,remaining_energy,lifetime
0,100,6.08082,300
1,100,0,209.212
2,100,0,289.221
3,100,8.70605,300
4,100,9.71894,300
5,100,0,213.67
6,100,0,194.811
7,100,0,211.346
8,100,0,202.885
9,100,0,267.166
10,100,0,293.961
11,100,0,297.589
12,100,8.30731,300
13,100,0,233.867
14,100,0,298.692
15,100,0,294.99
16,100,9.23961,300
17,100,8.81873,300
18,100,0,266.302
19,100,8.8334,300
20,100,0,298.554
21,100,9.73502,300
22,100,9.46229,300
23,100,0,268.159
24,100,0.179914,300
