node_id,initial_energy,remaining_energy,lifetime
0,100,6.38927,300
1,100,0,201.467
2,100,0,258.673
3,100,9.70201,300
4,100,9.80611,300
5,100,0,228.051
6,100,0,231.57
7,100,0,215.872
8,100,0,243.336
9,100,9.29495,300
10,100,0,260.4
11,100,0,269.334
12,100,0,259.484
13,100,0,223.711
14,100,0,262.293
15,100,0,295.092
16,100,8.33788,300
17,100,0,292.716
18,100,0,295.134
19,100,0,263.269
20,100,9.87001,300
21,100,9.29185,300
22,100,0,296.1
23,100,9.28414,300
24,100,0,298.173
