node_id,initial_energy,remaining_energy,lifetime
0,100,6.78843,300
1,100,0,221.921
2,100,0,267.335
3,100,0,294.036
4,100,0,297.319
5,100,0,222.858
6,100,0,237.316
7,100,0,233.059
8,100,0,224.304
9,100,9.034,300
10,100,0,267.159
11,100,0,223.372
12,100,0,294.702
13,100,0,260.064
14,100,8.99353,300
15,100,9.34762,300
16,100,0,259.207
17,100,9.21249,300
18,100,0,260.039
19,100,0,294.809
20,100,9.82078,300
21,100,0,295.862
22,100,9.62998,300
23,100,0,296.918
24,100,0,298.066
