node_id,initial_energy,remaining_energy,lifetime
0,100,7.85976,300
1,100,0,249.602
2,100,1.43137,300
3,100,5.40656,300
4,100,6.10526,300
5,100,0,276.13
6,100,0,279.148
7,100,0,283.293
8,100,0,288.033
9,100,9.20121,300
10,100,0,293.877
11,100,0,267.781
12,100,0,296.307
13,100,7.2358,300
14,100,9.53071,300
15,100,9.29992,300
16,100,0,269.537
17,100,8.86515,300
18,100,7.31747,300
19,100,7.50284,300
20,100,9.79039,300
21,100,0.607861,300
22,100,9.38999,300
23,100,9.42845,300
24,100,9.62634,300
