node_id,initial_energy,remaining_energy,lifetime
0,100,7.12284,300
1,100,0,229.944
2,100,0,274.806
3,100,9.69042,300
4,100,9.85409,300
5,100,0,257.297
6,100,0,258.789
7,100,0,257.456
8,100,0,292.577
9,100,9.22816,300
10,100,1.00588,300
11,100,0,278.472
12,100,0,288.408
13,100,0.097556,300
14,100,1.37753,300
15,100,9.61981,300
16,100,5.41203,300
17,100,0,291.636
18,100,6.42257,300
19,100,4.71165,300
20,100,9.84658,300
21,100,9.08632,300
22,100,0,294.897
23,100,9.19263,300
24,100,9.31343,300
