node_id,initial_energy,remaining_energy,lifetime
0,100,7.62088,300
1,100,0,252.184
2,100,0,274.032
3,100,0,294.84
4,100,0,297.597
5,100,0,247.473
6,100,0,251.193
7,100,0,256.515
8,100,6.3866,300
9,100,9.1118,300
10,100,0,269.822
11,100,0,278.978
12,100,0,293.049
13,100,3.60625,300
14,100,3.64613,300
15,100,2.22153,300
16,100,3.68738,300
17,100,6.52075,300
18,100,8.31574,300
19,100,6.11064,300
20,100,0,297.032
21,100,5.27453,300
22,100,9.28906,300
23,100,9.12306,300
24,100,9.8592,300
