node_id,initial_energy,remaining_energy,lifetime
0,100,6.64433,300
1,100,0,217.969
2,100,0,286.511
3,100,7.98308,300
4,100,8.3001,300
5,100,0,245.813
6,100,0,236.667
7,100,0,266.275
8,100,0,215.985
9,100,0,275.239
10,100,0,295.151
11,100,0,292.076
12,100,7.21456,300
13,100,0,245.916
14,100,1.0707,300
15,100,0,295.212
16,100,8.99486,300
17,100,8.53854,300
18,100,8.60506,300
19,100,9.21222,300
20,100,0,298.484
21,100,9.54343,300
22,100,9.21296,300
23,100,8.78889,300
24,100,9.85279,300
