node_id,initial_energy,remaining_energy,lifetime
0,100,7.53327,300
1,100,0,247.111
2,100,0,277.296
3,100,0,265.062
4,100,0,298.212
5,100,0,253.331
6,100,0,209.372
7,100,0,238.856
8,100,0,296.97
9,100,6.53714,300
10,100,0,273.039
11,100,0.283519,300
12,100,0,294.475
13,100,6.84866,300
14,100,9.64997,300
15,100,0,290.823
16,100,2.31863,300
17,100,9.06861,300
18,100,9.11307,300
19,100,9.20475,300
20,100,9.84859,300
21,100,9.7193,300
22,100,9.67766,300
23,100,9.58371,300
24,100,9.81373,300
