node_id,initial_energy,remaining_energy,lifetime
0,100,6.93244,300
1,100,0,215.398
2,100,0,297.603
3,100,0,290.96
4,100,9.80605,300
5,100,0,214.405
6,100,0,232.74
7,100,0,293.297
8,100,0,251.681
9,100,0.403887,300
10,100,0,273.958
11,100,0,254.524
12,100,5.12243,300
13,100,0,286.82
14,100,9.54594,300
15,100,3.10677,300
16,100,0,289.895
17,100,8.06659,300
18,100,0,298.898
19,100,9.66087,300
20,100,0.476911,300
21,100,5.79647,300
22,100,8.24617,300
23,100,8.7808,300
24,100,9.84503,300
