node_id,initial_energy,remaining_energy,lifetime
0,100,6.7289,300
1,100,0,203.264
2,100,0,246.954
3,100,3.22599,300
4,100,3.31419,300
5,100,0,199.862
6,100,0,218.124
7,100,0,235.006
8,100,0,291.649
9,100,2.13799,300
10,100,0,231.353
11,100,0,251.76
12,100,0,282.438
13,100,0,290.114
14,100,0,290.214
15,100,0,274.1
16,100,0,283.362
17,100,0,290.208
18,100,6.82976,300
19,100,3.62381,300
20,100,1.3727,300
21,100,2.94337,300
22,100,5.16556,300
23,100,9.1354,300
24,100,9.49334,300
