node_id,initial_energy,remaining_energy,lifetime
0,100,6.67432,300
1,100,0,197.551
2,100,0,215.427
3,100,0,268.529
4,100,0,294.74
5,100,0,205.617
6,100,0,211.424
7,100,0,228.13
8,100,0,286.023
9,100,3.19588,300
10,100,0,248.446
11,100,0,269.476
12,100,0,280.051
13,100,1.1165,300
14,100,1.69376,300
15,100,0,273.258
16,100,0,295.743
17,100,0,296.451
18,100,6.35592,300
19,100,4.86411,300
20,100,1.3223,300
21,100,1.49105,300
22,100,7.06421,300
23,100,9.61391,300
24,100,9.80105,300
