node_id,initial_energy,remaining_energy,lifetime
0,100,6.20779,300
1,100,0,187.472
2,100,0,228.177
3,100,0,254.78
4,100,0,248.684
5,100,0,195.168
6,100,0,194.243
7,100,0,188.619
8,100,0,244.925
9,100,0,256.386
10,100,0,230.814
11,100,0,288.272
12,100,0,262.471
13,100,0,274.588
14,100,1.86381,300
15,100,0,273.72
16,100,6.52211,300
17,100,0,285.612
18,100,0.753858,300
19,100,8.26458,300
20,100,1.92182,300
21,100,9.40057,300
22,100,3.05814,300
23,100,8.29565,300
24,100,8.91218,300
