node_id,initial_energy,remaining_energy,lifetime
0,100,6.40281,300
1,100,0,193.357
2,100,0,247.335
3,100,0,284.556
4,100,3.35804,300
5,100,0,197.96
6,100,0,188.904
7,100,0,211.412
8,100,0,225.637
9,100,0,290.576
10,100,0,236.278
11,100,0,293.854
12,100,0,274.32
13,100,0,271.143
14,100,3.8117,300
15,100,0,280.031
16,100,0,298.614
17,100,1.05261,300
18,100,2.69958,300
19,100,9.18755,300
20,100,1.41902,300
21,100,7.1879,300
22,100,5.23497,300
23,100,6.34268,300
24,100,7.67051,300
