node_id,initial_energy,remaining_energy,lifetime
0,100,6.4831,300
1,100,0,206.461
2,100,0,242.817
3,100,0.690867,300
4,100,9.33091,300
5,100,0,204.323
6,100,0,211.666
7,100,0,219.194
8,100,0,246.012
9,100,9.0391,300
10,100,0,259.027
11,100,0,258.764
12,100,0,298.597
13,100,0,270.861
14,100,9.35014,300
15,100,0,274.542
16,100,0,285.646
17,100,7.56085,300
18,100,0,294.006
19,100,5.00779,300
20,100,1.64895,300
21,100,2.52898,300
22,100,7.96346,300
23,100,7.97092,300
24,100,8.61597,300
