node_id,initial_energy,remaining_energy,lifetime
0,100,6.21662,300
1,100,0,193.093
2,100,0,265.999
3,100,0.678596,300
4,100,9.74375,300
5,100,0,191.36
6,100,0,198.488
7,100,0,200.968
8,100,0,205.328
9,100,0,285.911
10,100,0,248.667
11,100,0,255.07
12,100,0,251.867
13,100,0,237.804
14,100,2.34614,300
15,100,0,280.332
16,100,1.23157,300
17,100,0,280.521
18,100,0,288.31
19,100,9.049,300
20,100,2.32005,300
21,100,1.6629,300
22,100,2.03714,300
23,100,2.60561,300
24,100,5.71623,300
