node_id,initial_energy,remaining_energy,lifetime
0,100,6.00877,300
1,100,0,187.44
2,100,0,233.777
3,100,0,261.661
4,100,3.7094,300
5,100,0,197.396
6,100,0,195.404
7,100,0,229.531
8,100,0,245.704
9,100,2.60182,300
10,100,0,243.185
11,100,0,253.934
12,100,0,281.867
13,100,0,260.05
14,100,0,286.779
15,100,0,277.361
16,100,0,281.767
17,100,2.27556,300
18,100,0,297.198
19,100,2.04096,300
20,100,2.06137,300
21,100,2.33539,300
22,100,2.8494,300
23,100,5.5682,300
24,100,4.89778,300
