node_id,initial_energy,remaining_energy,lifetime
0,100,7.1884,300
1,100,0,214.432
2,100,0,272.495
3,100,0,275.596
4,100,1.95308,300
5,100,0,221.675
6,100,0,258.763
7,100,7.01758,300
8,100,8.66293,300
9,100,7.88614,300
10,100,0,261.665
11,100,0,296.67
12,100,7.51648,300
13,100,9.0605,300
14,100,8.3727,300
15,100,0,288.129
16,100,2.73076,300
17,100,8.75322,300
18,100,9.12148,300
19,100,9.05888,300
20,100,2.08905,300
21,100,6.40166,300
22,100,9.58784,300
23,100,9.64783,300
24,100,9.71815,300
