node_id,initial_energy,remaining_energy,lifetime
0,100,6.46755,300
1,100,0,201.849
2,100,0,253.2
3,100,0,290.848
4,100,3.22267,300
5,100,0,200.03
6,100,0,202.711
7,100,0,206.48
8,100,0,264.375
9,100,7.01763,300
10,100,0,253.513
11,100,0,278.546
12,100,0,259.111
13,100,0,297.886
14,100,1.51886,300
15,100,0,278.546
16,100,0.778011,300
17,100,0.490585,300
18,100,4.53049,300
19,100,5.31354,300
20,100,1.97474,300
21,100,3.18581,300
22,100,5.33353,300
23,100,9.24514,300
24,100,9.86028,300
