node_id,initial_energy,remaining_energy,lifetime
0,100,6.51169,300
1,100,0,195.814
2,100,0,221.981
3,100,0,264.082
4,100,0,292.308
5,100,0,202.282
6,100,0,215.013
7,100,0,242.792
8,100,0,286.965
9,100,2.13814,300
10,100,0,225.023
11,100,0,231.213
12,100,0,253.191
13,100,0,293.438
14,100,0,296.204
15,100,0,274.771
16,100,0,278.658
17,100,0,284.171
18,100,6.07337,300
19,100,4.36863,300
20,100,1.45674,300
21,100,1.90647,300
22,100,2.89376,300
23,100,8.25302,300
24,100,9.53542,300
