node_id,initial_energy,remaining_energy,lifetime
0,100,6.33533,300
1,100,0,200.129
2,100,0,256.538
3,100,0,290.433
4,100,0,290.733
5,100,0,197.551
6,100,0,202.746
7,100,0,204.77
8,100,0,284.537
9,100,0,288.749
10,100,0,233.062
11,100,0,250.47
12,100,0,237.369
13,100,0,286.894
14,100,6.24909,300
15,100,0,279.185
16,100,0,279.231
17,100,0,293.185
18,100,2.9818,300
19,100,8.4834,300
20,100,1.93978,300
21,100,2.87407,300
22,100,4.25264,300
23,100,9.14108,300
24,100,9.79299,300
