node_id,initial_energy,remaining_energy,lifetime
0,100,7.48937,300
1,100,0,220.572
2,100,0,261.218
3,100,0,295.265
4,100,5.77136,300
5,100,0,219.119
6,100,0,274.309
7,100,5.52929,300
8,100,7.14771,300
9,100,6.56371,300
10,100,0,235.88
11,100,5.22274,300
12,100,7.48087,300
13,100,8.73082,300
14,100,9.22766,300
15,100,0,276.749
16,100,8.61399,300
17,100,8.82294,300
18,100,8.99835,300
19,100,9.09345,300
20,100,1.79774,300
21,100,8.98964,300
22,100,9.47629,300
23,100,9.60553,300
24,100,9.81554,300
