node_id,initial_energy,remaining_energy,lifetime
0,100,6.01239,300
1,100,0,192.904
2,100,0,229.662
3,100,0,272.342
4,100,1.32233,300
5,100,0,186.704
6,100,0,178.316
7,100,0,198.142
8,100,0,228.794
9,100,0,265.546
10,100,0,249.975
11,100,0,249.553
12,100,0,255.199
13,100,0,264.981
14,100,0,287.895
15,100,0,281.675
16,100,0,278.475
17,100,0,283.868
18,100,0,289.158
19,100,3.13681,300
20,100,3.40745,300
21,100,2.2783,300
22,100,2.90038,300
23,100,3.22735,300
24,100,9.2981,300
