node_id,initial_energy,remaining_energy,lifetime
0,100,6.2749,300
1,100,0,194.372
2,100,0,241.008
3,100,0,280.933
4,100,2.62669,300
5,100,0,197.569
6,100,0,195.332
7,100,0,217.195
8,100,0,231.391
9,100,0.732235,300
10,100,0,230.64
11,100,0,257.788
12,100,0,276.424
13,100,0,274.198
14,100,5.64371,300
15,100,0,273.522
16,100,0,295.008
17,100,1.09387,300
18,100,1.92827,300
19,100,6.76711,300
20,100,1.48987,300
21,100,7.58816,300
22,100,5.69911,300
23,100,6.42011,300
24,100,8.50611,300
