node_id,initial_energy,remaining_energy,lifetime
0,100,6.33486,300
1,100,0,192.193
2,100,0,209.887
3,100,0,261.808
4,100,0,289.362
5,100,0,198.084
6,100,0,202.183
7,100,0,220.65
8,100,0,279.106
9,100,4.04995,300
10,100,0,244.835
11,100,0,256.022
12,100,0,273.485
13,100,0,253.678
14,100,0,265.235
15,100,0,278.515
16,100,0,280.144
17,100,0,288.636
18,100,5.38641,300
19,100,1.02788,300
20,100,2.21964,300
21,100,1.76745,300
22,100,3.79692,300
23,100,9.5924,300
24,100,8.77272,300
