node_id,initial_energy,remaining_energy,lifetime
0,100,6.12289,300
1,100,0,201.276
2,100,0,250.872
3,100,0,286.84
4,100,2.89461,300
5,100,0,195.75
6,100,0,196.487
7,100,0,202.865
8,100,0,256.892
9,100,4.12758,300
10,100,0,248.27
11,100,0,267.362
12,100,0,248.649
13,100,0,287.288
14,100,5.62651,300
15,100,0,279.349
16,100,0,288.142
17,100,0,299.827
18,100,1.75562,300
19,100,8.81521,300
20,100,1.94229,300
21,100,3.40779,300
22,100,6.0747,300
23,100,5.59853,300
24,100,7.9746,300
