node_id,initial_energy,remaining_energy,lifetime
0,100,6.29874,300
1,100,0,193.994
2,100,0,226.198
3,100,0,270.512
4,100,0,277.081
5,100,0,195.914
6,100,0,215.743
7,100,0,229.036
8,100,0,253.341
9,100,0,279.321
10,100,0,229.454
11,100,0,270.726
12,100,0,280.411
13,100,0,279.021
14,100,3.77806,300
15,100,0,278.494
16,100,0,298.576
17,100,0.770926,300
18,100,0,297.168
19,100,5.99276,300
20,100,2.30974,300
21,100,4.71622,300
22,100,5.80032,300
23,100,6.97173,300
24,100,8.43629,300
