node_id,initial_energy,remaining_energy,lifetime
0,100,7.28758,300
1,100,0,209.781
2,100,0,238.411
3,100,0,276.143
4,100,1.44486,300
5,100,0,217.873
6,100,0,263.59
7,100,7.38242,300
8,100,8.73432,300
9,100,8.84104,300
10,100,0,254.339
11,100,0,293.411
12,100,7.33218,300
13,100,9.09064,300
14,100,9.32114,300
15,100,0,282.564
16,100,1.95535,300
17,100,8.98194,300
18,100,9.16767,300
19,100,9.21889,300
20,100,1.1428,300
21,100,6.33425,300
22,100,9.6206,300
23,100,9.66958,300
24,100,9.85084,300
