node_id,initial_energy,remaining_energy,lifetime
0,100,6.18223,300
1,100,0,203.832
2,100,0,234.794
3,100,0,288.152
4,100,3.46126,300
5,100,0,231.436
6,100,0,247.845
7,100,0,225.577
8,100,0,240.76
9,100,5.72932,300
10,100,0,243.375
11,100,0,256.336
12,100,0,286.392
13,100,0,265.484
14,100,9.49172,300
15,100,0,261.836
16,100,0,284.626
17,100,2.67128,300
18,100,0,288.426
19,100,7.53739,300
20,100,0,298.128
21,100,2.35302,300
22,100,3.53889,300
23,100,4.24115,300
24,100,4.62169,300
