node_id,initial_energy,remaining_energy,lifetime
0,100,6.3572,300
1,100,0,194.999
2,100,0,262.084
3,100,0.306911,300
4,100,9.74028,300
5,100,0,187.572
6,100,0,198.018
7,100,0,212.562
8,100,0,193.27
9,100,0,259.153
10,100,0,242.236
11,100,0,260.939
12,100,0,270.896
13,100,0,260.978
14,100,0,284.21
15,100,0,273.705
16,100,0.0389613,300
17,100,0,272.829
18,100,3.2839,300
19,100,2.80166,300
20,100,1.40396,300
21,100,1.04473,300
22,100,1.2326,300
23,100,3.64839,300
24,100,6.19816,300
