node_id,initial_energy,remaining_energy,lifetime
0,100,6.67813,300
1,100,0,201.203
2,100,0,250.224
3,100,0,282.65
4,100,2.95116,300
5,100,0,200.914
6,100,0,200.567
7,100,0,193.921
8,100,0,255.175
9,100,4.50161,300
10,100,0,239.908
11,100,0,283.592
12,100,0,258.695
13,100,0,278.651
14,100,8.79489,300
15,100,0,298.985
16,100,5.29189,300
17,100,0,280.631
18,100,1.83363,300
19,100,8.84208,300
20,100,0.66518,300
21,100,9.38045,300
22,100,2.19902,300
23,100,9.28173,300
24,100,9.42009,300
