node_id,initial_energy,remaining_energy,lifetime
0,100,7.58485,300
1,100,0,237.48
2,100,9.43308,300
3,100,9.39436,300
4,100,9.61587,300
5,100,0,227.051
6,100,0,246.141
7,100,4.57892,300
8,100,9.08759,300
9,100,9.00828,300
10,100,0,227.224
11,100,0,295.621
12,100,8.58697,300
13,100,9.11099,300
14,100,9.35797,300
15,100,0,264.575
16,100,8.20848,300
17,100,9.07359,300
18,100,9.10069,300
19,100,9.03933,300
20,100,0,299.286
21,100,9.04139,300
22,100,9.56934,300
23,100,9.69213,300
24,100,9.77058,300
