node_id,initial_energy,remaining_energy,lifetime
0,100,6.17398,300
1,100,0,198.713
2,100,0,287.786
3,100,7.93626,300
4,100,8.60889,300
5,100,0,209.449
6,100,0,197.733
7,100,0,215.431
8,100,0,180.18
9,100,0,250.501
10,100,0,296.102
11,100,0,252.916
12,100,0,259.483
13,100,0,247.268
14,100,0,276.388
15,100,0,296.354
16,100,8.56926,300
17,100,0,261.769
18,100,2.58407,300
19,100,1.19586,300
20,100,0,299.893
21,100,9.38691,300
22,100,0.462074,300
23,100,3.322,300
24,100,6.90902,300
