node_id,initial_energy,remaining_energy,lifetime
0,100,6.60895,300
1,100,0,186.922
2,100,0,243.436
3,100,0,270.023
4,100,0.806779,300
5,100,0,199.452
6,100,0,224.214
7,100,0,247.533
8,100,0,225.891
9,100,0.216594,300
10,100,0,234.319
11,100,0,251.552
12,100,6.08151,300
13,100,0,257.945
14,100,3.64067,300
15,100,0,270.217
16,100,0,282.615
17,100,6.52765,300
18,100,0.438456,300
19,100,3.90581,300
20,100,0.816809,300
21,100,1.99922,300
22,100,7.23947,300
23,100,9.30456,300
24,100,9.85314,300
