node_id,initial_energy,remaining_energy,lifetime
0,100,6.18425,300
1,100,0,200.402
2,100,0,244.473
3,100,0,277.469
4,100,1.43702,300
5,100,0,223.194
6,100,0,199.37
7,100,0,189.705
8,100,0,237.842
9,100,6.58926,300
10,100,0,248.555
11,100,0,282.968
12,100,0,245.402
13,100,0,282.117
14,100,0,289.045
15,100,0,293.347
16,100,0,282.563
17,100,3.29833,300
18,100,9.01901,300
19,100,3.12821,300
20,100,9.23647,300
21,100,0.963396,300
22,100,7.33645,300
23,100,9.68314,300
24,100,9.86028,300
