node_id,initial_energy,remaining_energy,lifetime
0,100,6.92316,300
1,100,0,225.264
2,100,0,220.645
3,100,0,257.706
4,100,0,299.965
5,100,0,226.038
6,100,0,192.814
7,100,0,208.159
8,100,0,243.387
9,100,0,299.323
10,100,0,247.579
11,100,0,274.574
12,100,0,268.143
13,100,3.17639,300
14,100,9.56201,300
15,100,0,268.495
16,100,0,283.323
17,100,0.198604,300
18,100,5.71755,300
19,100,9.23515,300
20,100,0,297.161
21,100,6.24726,300
22,100,0,299.88
23,100,4.79138,300
24,100,7.07011,300
