node_id,initial_energy,remaining_energy,lifetime
0,100,6.8063,300
1,100,0,216.584
2,100,0,210.712
3,100,0,265.685
4,100,0,299.92
5,100,0,221.106
6,100,0,205.488
7,100,0,218.893
8,100,0,297.155
9,100,9.1022,300
10,100,0,255.64
11,100,0,273.209
12,100,0,275.065
13,100,0,279.359
14,100,0,275.089
15,100,0,295.906
16,100,0.659448,300
17,100,1.11462,300
18,100,3.44232,300
19,100,0,291.655
20,100,0,298.234
21,100,1.39193,300
22,100,1.94703,300
23,100,4.25412,300
24,100,7.1567,300
