node_id,initial_energy,remaining_energy,lifetime
0,100,6.35072,300
1,100,0,205.669
2,100,0,253.743
3,100,9.68011,300
4,100,9.81981,300
5,100,0,238.251
6,100,0,246.876
7,100,0,223.99
8,100,0,255.069
9,100,9.20686,300
10,100,0,266.102
11,100,0,244.126
12,100,0,271.438
13,100,0,237.096
14,100,0,257.161
15,100,0,295.092
16,100,5.01724,300
17,100,0,269.696
18,100,0.125084,300
19,100,0,293.865
20,100,9.8722,300
21,100,8.92658,300
22,100,0.993809,300
23,100,7.62235,300
24,100,7.9979,300
