node_id,initial_energy,remaining_energy,lifetime
0,100,7.80843,300
1,100,0,237.066
2,100,0,289.981
3,100,0,290.372
4,100,0,292.085
5,100,0,257.88
6,100,0,264.179
7,100,6.17047,300
8,100,8.93777,300
9,100,9.00538,300
10,100,1.01145,300
11,100,0.736643,300
12,100,6.07158,300
13,100,8.95575,300
14,100,9.53933,300
15,100,0.453863,300
16,100,3.79871,300
17,100,9.1636,300
18,100,9.15773,300
19,100,9.18148,300
20,100,0,292.312
21,100,5.6568,300
22,100,9.63276,300
23,100,9.65665,300
24,100,9.85551,300
