node_id,initial_energy,remaining_energy,lifetime
0,100,6.59222,300
1,100,0,211.268
2,100,0,258.083
3,100,0,289.786
4,100,6.79286,300
5,100,0,224.531
6,100,0,234.853
7,100,0,210.063
8,100,0,264.641
9,100,9.0418,300
10,100,0,242.568
11,100,0,234.431
12,100,0,271.667
13,100,0,289.885
14,100,9.51483,300
15,100,0,259.511
16,100,0,265.954
17,100,0,297.756
18,100,0,289.785
19,100,5.52586,300
20,100,0,297.431
21,100,0,299.946
22,100,0.20071,300
23,100,1.12219,300
24,100,1.67103,300
