node_id,initial_energy,remaining_energy,lifetime
0,100,6.93931,300
1,100,0,201.69
2,100,0,260.105
3,100,0,292.981
4,100,6.91943,300
5,100,0,203.582
6,100,0,202.049
7,100,0,210.382
8,100,0,298.299
9,100,5.57654,300
10,100,0,248.16
11,100,0,280.857
12,100,0,268.311
13,100,9.06807,300
14,100,9.31084,300
15,100,0,298.53
16,100,3.67937,300
17,100,0,271.926
18,100,9.11562,300
19,100,9.37881,300
20,100,0.518999,300
21,100,9.41583,300
22,100,0.978695,300
23,100,9.14665,300
24,100,9.85838,300
