node_id,initial_energy,remaining_energy,lifetime
0,100,6.68629,300
1,100,0,193.011
2,100,0,223.565
3,100,0,246.594
4,100,0,278.246
5,100,0,199.206
6,100,0,198.164
7,100,0,195.076
8,100,0,265.979
9,100,0.196748,300
10,100,0,245.546
11,100,0,286.688
12,100,0,259.05
13,100,0.0504839,300
14,100,8.90012,300
15,100,0,298.919
16,100,5.29123,300
17,100,0,276.328
18,100,0.324338,300
19,100,8.93985,300
20,100,0.680737,300
21,100,9.40049,300
22,100,1.48201,300
23,100,9.25212,300
24,100,9.49613,300
