node_id,initial_energy,remaining_energy,lifetime
0,100,7.55984,300
1,100,0,243.304
2,100,9.55803,300
3,100,9.5349,300
4,100,9.74738,300
5,100,0,225.805
6,100,0,246.98
7,100,1.3656,300
8,100,8.93388,300
9,100,9.1375,300
10,100,0,233.086
11,100,0,298.959
12,100,8.1485,300
13,100,9.01924,300
14,100,9.47051,300
15,100,0,271.412
16,100,8.62522,300
17,100,9.06144,300
18,100,9.00584,300
19,100,9.20233,300
20,100,0.997687,300
21,100,9.02221,300
22,100,9.5683,300
23,100,9.58774,300
24,100,9.84291,300
