node_id,initial_energy,remaining_energy,lifetime
0,100,6.06117,300
1,100,0,197.31
2,100,0,248.058
3,100,0,281.251
4,100,2.45497,300
5,100,0,223.18
6,100,0,192.63
7,100,0,193.132
8,100,0,245.301
9,100,7.68184,300
10,100,0,248.005
11,100,0,259.692
12,100,0,246.336
13,100,0,275.018
14,100,0,294.056
15,100,0,294.089
16,100,0,282.764
17,100,3.30709,300
18,100,0,293.044
19,100,5.38339,300
20,100,9.05322,300
21,100,1.41082,300
22,100,7.65739,300
23,100,5.72335,300
24,100,9.86996,300
