node_id,initial_energy,remaining_energy,lifetime
0,100,6.14649,300
1,100,0,197.177
2,100,0,215.947
3,100,0,263.14
4,100,0,297.239
5,100,0,169.812
6,100,0,210.19
7,100,0,219.755
8,100,0,251.538
9,100,0.221725,300
10,100,0,191.13
11,100,0,195.659
12,100,0,206.799
13,100,0,218.63
14,100,9.65348,300
15,100,0,219.853
16,100,0,269.63
17,100,0,299.168
18,100,0,245.626
19,100,1.40284,300
20,100,0,276.785
21,100,0.267734,300
22,100,0.46092,300
23,100,0.0699159,300
24,100,0.624414,300
