node_id,initial_energy,remaining_energy,lifetime
0,100,5.82182,300
1,100,0,161.938
2,100,0,173.112
3,100,0,273.197
4,100,1.31808,300
5,100,0,214.517
6,100,0,214.342
7,100,0,184.14
8,100,0,266.19
9,100,0.758884,300
10,100,0,223.546
11,100,0,244.082
12,100,0,193.753
13,100,0,293.734
14,100,8.87028,300
15,100,0,261.789
16,100,0,278.812
17,100,0,207.168
18,100,0,268.224
19,100,0,270.847
20,100,0,298.223
21,100,0,295.943
22,100,0,273.368
23,100,0.579288,300
24,100,0.44999,300
