node_id,initial_energy,remaining_energy,lifetime
0,100,6.17432,300
1,100,0,207.006
2,100,0,241.925
3,100,2.03446,300
4,100,9.27692,300
5,100,0,238.727
6,100,0,254.613
7,100,0,230.739
8,100,0,255.248
9,100,9.20129,300
10,100,0,250.541
11,100,0,261.911
12,100,0,293.837
13,100,0,273.147
14,100,9.4069,300
15,100,0,266.864
16,100,0,284.684
17,100,4.40328,300
18,100,0,291.006
19,100,4.47125,300
20,100,0.715487,300
21,100,2.44969,300
22,100,3.60331,300
23,100,7.92334,300
24,100,9.83381,300
