node_id,initial_energy,remaining_energy,lifetime
0,100,6.63014,300
1,100,0,201.849
2,100,0,260.172
3,100,9.70715,300
4,100,9.85538,300
5,100,0,207.876
6,100,0,219.031
7,100,0,245.839
8,100,0,286.585
9,100,9.31901,300
10,100,0,242.561
11,100,0,243.177
12,100,0,279.196
13,100,0,266.997
14,100,0,266.223
15,100,0.391072,300
16,100,0.911883,300
17,100,0,284.552
18,100,4.86029,300
19,100,0,299.047
20,100,9.85847,300
21,100,9.05151,300
22,100,3.20783,300
23,100,9.13353,300
24,100,9.27014,300
