node_id,initial_energy,remaining_energy,lifetime
0,100,6.44885,300
1,100,0,193.098
2,100,0,233.72
3,100,0,261.24
4,100,2.61742,300
5,100,0,200.29
6,100,0,228.156
7,100,0,258.772
8,100,0,245.47
9,100,1.93427,300
10,100,0,242.194
11,100,0,250.215
12,100,4.29137,300
13,100,0,270.05
14,100,9.36522,300
15,100,0,277.503
16,100,0,283.781
17,100,7.05031,300
18,100,0,293.068
19,100,9.42241,300
20,100,2.28522,300
21,100,1.76964,300
22,100,7.29912,300
23,100,4.12991,300
24,100,9.69618,300
