node_id,initial_energy,remaining_energy,lifetime
0,100,6.18791,300
1,100,0,192.4
2,100,0,264.73
3,100,0.471215,300
4,100,9.77482,300
5,100,0,191.02
6,100,0,195.487
7,100,0,215.215
8,100,0,199.175
9,100,0,259.753
10,100,0,244.413
11,100,0,268.494
12,100,0,277.294
13,100,0,268.388
14,100,0,283.521
15,100,0,277.049
16,100,1.06918,300
17,100,0,279.074
18,100,4.49868,300
19,100,2.05027,300
20,100,2.11424,300
21,100,1.70952,300
22,100,1.99663,300
23,100,4.7837,300
24,100,6.17533,300
