node_id,initial_energy,remaining_energy,lifetime
0,100,6.61484,300
1,100,0,217.969
2,100,0,212.68
3,100,0,273.33
4,100,1.22932,300
5,100,0,225.323
6,100,0,205.729
7,100,0,214.512
8,100,0,275.077
9,100,9.20334,300
10,100,0,241.082
11,100,0,268.476
12,100,0,266.168
13,100,0,274.877
14,100,0,291.826
15,100,0,271.259
16,100,0,295.518
17,100,0,282.173
18,100,4.20867,300
19,100,3.61306,300
20,100,1.28619,300
21,100,1.49573,300
22,100,2.96836,300
23,100,8.06158,300
24,100,9.16607,300
