node_id,initial_energy,remaining_energy,lifetime
0,100,6.34948,300
1,100,0,204.338
2,100,0,265.571
3,100,0.241217,300
4,100,4.92469,300
5,100,0,229.452
6,100,0,203.117
7,100,0,208.369
8,100,0,273.553
9,100,7.48487,300
10,100,0,255.824
11,100,0,278.87
12,100,0,256.833
13,100,0.12618,300
14,100,5.03062,300
15,100,0,299.183
16,100,0,299.683
17,100,2.87129,300
18,100,1.43879,300
19,100,9.13524,300
20,100,9.52569,300
21,100,4.15212,300
22,100,7.65585,300
23,100,7.1752,300
24,100,9.86153,300
