node_id,initial_energy,remaining_energy,lifetime
0,100,6.59895,300
1,100,0,214.84
2,100,0,231.861
3,100,0,276.254
4,100,2.70785,300
5,100,0,220.951
6,100,0,191.279
7,100,0,207.716
8,100,0,225.009
9,100,2.16538,300
10,100,0,216.675
11,100,0,271.091
12,100,0,252.058
13,100,0,260.26
14,100,9.46646,300
15,100,0,277.666
16,100,0,279.588
17,100,0,281.027
18,100,0.13409,300
19,100,9.16851,300
20,100,0.268563,300
21,100,5.81134,300
22,100,1.78252,300
23,100,4.66185,300
24,100,6.27248,300
