node_id,initial_energy,remaining_energy,lifetime
0,100,7.58384,300
1,100,0,242.435
2,100,9.67708,300
3,100,9.64635,300
4,100,9.83836,300
5,100,0,230.213
6,100,0,246.291
7,100,1.33883,300
8,100,9.19025,300
9,100,9.18666,300
10,100,0,237.492
11,100,0,297.63
12,100,8.09367,300
13,100,9.19509,300
14,100,9.52946,300
15,100,0,277.946
16,100,8.98776,300
17,100,9.17908,300
18,100,9.1926,300
19,100,9.20497,300
20,100,1.80975,300
21,100,9.07082,300
22,100,9.6488,300
23,100,9.67495,300
24,100,9.8626,300
