node_id,initial_energy,remaining_energy,lifetime
0,100,6.28722,300
1,100,0,174.838
2,100,0,230.397
3,100,2.6607,300
4,100,2.75775,300
5,100,0,190.096
6,100,0,194.382
7,100,0,193.96
8,100,0,219.952
9,100,1.41663,300
10,100,0,213.671
11,100,0,213.249
12,100,0,254.36
13,100,0,210.726
14,100,0,238.473
15,100,0,270.166
16,100,0,270.128
17,100,0,272.287
18,100,0,284.745
19,100,0,271.144
20,100,0.713066,300
21,100,0.555682,300
22,100,0.971773,300
23,100,2.43891,300
24,100,2.02612,300
