node_id,initial_energy,remaining_energy,lifetime
0,100,6.21491,300
1,100,0,194.988
2,100,0,258.021
3,100,0,296.92
4,100,9.26267,300
5,100,0,182.448
6,100,0,191.314
7,100,0,177.402
8,100,0,184.785
9,100,0,252.653
10,100,0,240.23
11,100,0,238.497
12,100,0,236.246
13,100,0,213.591
14,100,0,279.446
15,100,0,271.387
16,100,0,299.29
17,100,0,268.695
18,100,0,249.281
19,100,2.11392,300
20,100,1.01985,300
21,100,0.763558,300
22,100,0.435262,300
23,100,0,277.93
24,100,1.68762,300
