node_id,initial_energy,remaining_energy,lifetime
0,100,6.32059,300
1,100,0,179.881
2,100,0,203.755
3,100,0,248.224
4,100,0,280.737
5,100,0,190.384
6,100,0,189.459
7,100,0,182.059
8,100,0,215.651
9,100,1.10806,300
10,100,0,236.662
11,100,0,267.114
12,100,0,248.187
13,100,0,229.966
14,100,0,257.175
15,100,0,270.253
16,100,0,299.316
17,100,0,275.734
18,100,0.628803,300
19,100,0,268.598
20,100,0.737316,300
21,100,0.718743,300
22,100,1.95837,300
23,100,1.36284,300
24,100,1.35022,300
