node_id,initial_energy,remaining_energy,lifetime
0,100,7.45405,300
1,100,0,219.774
2,100,0,289.159
3,100,0,289.459
4,100,7.53496,300
5,100,0,220.574
6,100,0,265.932
7,100,4.8771,300
8,100,5.68451,300
9,100,6.87126,300
10,100,0,222.657
11,100,2.12807,300
12,100,7.94174,300
13,100,6.80367,300
14,100,8.36251,300
15,100,0,261.632
16,100,6.83745,300
17,100,9.17842,300
18,100,6.8476,300
19,100,9.2034,300
20,100,0,298.085
21,100,8.06714,300
22,100,9.63937,300
23,100,8.53086,300
24,100,9.85396,300
