node_id,initial_energy,remaining_energy,lifetime
0,100,6.57639,300
1,100,0,199.22
2,100,0,233.846
3,100,0,270.697
4,100,0.916732,300
5,100,0,193.594
6,100,0,191.201
7,100,0,198.52
8,100,0,256.403
9,100,9.56051,300
10,100,0,234.31
11,100,0,243.303
12,100,0,238.944
13,100,0,279.459
14,100,0,284.179
15,100,0,269.257
16,100,0,273.041
17,100,0,280.793
18,100,0,285.406
19,100,2.30067,300
20,100,0.602961,300
21,100,0.838259,300
22,100,2.2358,300
23,100,3.58527,300
24,100,9.85366,300
