node_id,initial_energy,remaining_energy,lifetime
0,100,7.49952,300
1,100,0,218.005
2,100,0,256.886
3,100,0,265.073
4,100,0.563613,300
5,100,0,210.06
6,100,0,275.811
7,100,2.88749,300
8,100,4.61103,300
9,100,6.2092,300
10,100,0,226.029
11,100,3.46389,300
12,100,6.30709,300
13,100,8.84705,300
14,100,6.57468,300
15,100,0,263.303
16,100,6.12604,300
17,100,6.58829,300
18,100,8.95927,300
19,100,7.69175,300
20,100,0,298.839
21,100,7.68727,300
22,100,8.31408,300
23,100,9.55232,300
24,100,8.40774,300
