node_id,initial_energy,remaining_energy,lifetime
0,100,6.27946,300
1,100,0,188.195
2,100,0,235.356
3,100,0,269.201
4,100,0.514205,300
5,100,0,195.49
6,100,0,175.109
7,100,0,182.398
8,100,0,188.572
9,100,0,280.95
10,100,0,233.932
11,100,0,295.086
12,100,0,249.188
13,100,0,218.211
14,100,2.02617,300
15,100,0,268.071
16,100,0,297.642
17,100,0,277.324
18,100,0,260.821
19,100,9.18606,300
20,100,0.557377,300
21,100,9.70337,300
22,100,1.68899,300
23,100,0,284.843
24,100,2.79775,300
