node_id,initial_energy,remaining_energy,lifetime
0,100,6.12124,300
1,100,0,161.064
2,100,0,172.875
3,100,0,278.391
4,100,1.83672,300
5,100,0,195.604
6,100,0,228.063
7,100,0,184.735
8,100,0,243.368
9,100,1.69265,300
10,100,0,234.294
11,100,0,254.494
12,100,0,195.499
13,100,0,270.218
14,100,0.527882,300
15,100,0,268.97
16,100,0,287.991
17,100,0,220.819
18,100,0,252.251
19,100,0,276.577
20,100,0.512372,300
21,100,0.0291745,300
22,100,0,281.338
23,100,1.97958,300
24,100,1.44897,300
