node_id,initial_energy,remaining_energy,lifetime
0,100,6.82034,300
1,100,0,222.354
2,100,0,271.514
3,100,0,296.978
4,100,9.53845,300
5,100,0,239.213
6,100,0,246.4
7,100,0,238.698
8,100,0,280.742
9,100,9.44818,300
10,100,0,248.794
11,100,0,249.467
12,100,0,290.048
13,100,2.52066,300
14,100,9.446,300
15,100,0,263.686
16,100,0,284.068
17,100,4.96203,300
18,100,2.57253,300
19,100,5.85272,300
20,100,0,299.692
21,100,2.61136,300
22,100,5.48516,300
23,100,6.08206,300
24,100,6.58827,300
