node_id,initial_energy,remaining_energy,lifetime
0,100,7.01427,300
1,100,0,215.507
2,100,0,288.725
3,100,9.14379,300
4,100,9.81713,300
5,100,0,224.598
6,100,0,229.908
7,100,0,251.942
8,100,0,260.807
9,100,4.95539,300
10,100,0,297.326
11,100,0,293.791
12,100,1.34223,300
13,100,2.51427,300
14,100,5.0939,300
15,100,0,296.3
16,100,8.86698,300
17,100,1.54226,300
18,100,7.18429,300
19,100,9.19395,300
20,100,0,299.797
21,100,9.55447,300
22,100,5.5069,300
23,100,7.7062,300
24,100,9.35985,300
