node_id,initial_energy,remaining_energy,lifetime
0,100,6.4411,300
1,100,0,192.636
2,100,0,249.881
3,100,0,273.357
4,100,2.07824,300
5,100,0,201.927
6,100,0,232.793
7,100,0,260.415
8,100,0,237.68
9,100,1.17488,300
10,100,0,245.719
11,100,0,253.902
12,100,7.40044,300
13,100,0,267.262
14,100,3.57037,300
15,100,0,279.394
16,100,0,284.11
17,100,8.17495,300
18,100,0.975403,300
19,100,3.87777,300
20,100,2.53875,300
21,100,2.34851,300
22,100,7.84785,300
23,100,8.23328,300
24,100,9.8377,300
