node_id,initial_energy,remaining_energy,lifetime
0,100,6.68435,300
1,100,0,213.907
2,100,0,262.376
3,100,9.70044,300
4,100,9.80882,300
5,100,0,247.386
6,100,0,250.51
7,100,0,247.782
8,100,0,297.237
9,100,9.16982,300
10,100,0,267.759
11,100,0,245.028
12,100,0,278.091
13,100,6.19884,300
14,100,5.41734,300
15,100,0,294.326
16,100,3.8095,300
17,100,0,269.652
18,100,9.01869,300
19,100,7.41529,300
20,100,9.8722,300
21,100,9.10957,300
22,100,0.480505,300
23,100,9.2233,300
24,100,9.80357,300
