node_id,initial_energy,remaining_energy,lifetime
0,100,6.567,300
1,100,0,203.914
2,100,0,256.235
3,100,0,293.551
4,100,4.34351,300
5,100,0,229.118
6,100,0,202.548
7,100,0,210.931
8,100,0,272.44
9,100,8.46406,300
10,100,0,256.166
11,100,0,295.457
12,100,0,255.035
13,100,1.70368,300
14,100,2.50991,300
15,100,0,297.733
16,100,0,287.56
17,100,3.12185,300
18,100,9.21033,300
19,100,9.10378,300
20,100,9.2587,300
21,100,2.30136,300
22,100,7.48884,300
23,100,9.68046,300
24,100,9.84598,300
