node_id,initial_energy,remaining_energy,lifetime
0,100,6.82953,300
1,100,0,221.766
2,100,0,220.063
3,100,0,270.278
4,100,1.39854,300
5,100,0,232.223
6,100,0,215.14
7,100,0,244.369
8,100,5.44118,300
9,100,9.12621,300
10,100,0,260.406
11,100,0,271.091
12,100,0,279.501
13,100,1.29014,300
14,100,0,296.798
15,100,0.603675,300
16,100,0.514969,300
17,100,0.688934,300
18,100,6.21868,300
19,100,2.54254,300
20,100,1.12533,300
21,100,1.58169,300
22,100,1.7667,300
23,100,7.81919,300
24,100,9.74712,300
