node_id,initial_energy,remaining_energy,lifetime
0,100,6.81456,300
1,100,0,203.022
2,100,0,262.063
3,100,0,296.46
4,100,6.78321,300
5,100,0,204.716
6,100,0,202.882
7,100,0,211.11
8,100,0.332815,300
9,100,6.16391,300
10,100,0,256.109
11,100,0,286.614
12,100,0,266.443
13,100,8.92646,300
14,100,9.42407,300
15,100,0.304403,300
16,100,5.46407,300
17,100,0,282.285
18,100,9.07749,300
19,100,9.4827,300
20,100,1.32107,300
21,100,9.44997,300
22,100,2.21051,300
23,100,9.14594,300
24,100,9.84502,300
