node_id,initial_energy,remaining_energy,lifetime
0,100,6.83308,300
1,100,0,218.619
2,100,0,232.779
3,100,0,278.539
4,100,2.63424,300
5,100,0,229.889
6,100,0,193.853
7,100,0,218.144
8,100,0,245.845
9,100,2.26903,300
10,100,0,245.612
11,100,0,272.048
12,100,0,273.989
13,100,0,297.709
14,100,9.50486,300
15,100,0,271.522
16,100,0,282.202
17,100,1.75001,300
18,100,6.81276,300
19,100,9.20798,300
20,100,0,298.173
21,100,5.96466,300
22,100,0.711044,300
23,100,3.98122,300
24,100,6.46153,300
