node_id,initial_energy,remaining_energy,lifetime
0,100,6.61394,300
1,100,0,183.037
2,100,0,247.484
3,100,0,280.224
4,100,9.79592,300
5,100,0,200.575
6,100,0,221.962
7,100,0,252.768
8,100,0,235.661
9,100,0,299.858
10,100,0,231.133
11,100,0,236.331
12,100,8.91605,300
13,100,0,267.831
14,100,0.65841,300
15,100,0,265.836
16,100,0,270.279
17,100,9.19186,300
18,100,0,298.602
19,100,0.735478,300
20,100,0.24492,300
21,100,1.37724,300
22,100,9.605,300
23,100,9.30155,300
24,100,9.83442,300
