node_id,initial_energy,remaining_energy,lifetime
0,100,6.59474,300
1,100,0,209.8
2,100,0,233.776
3,100,0,262.685
4,100,0,299.205
5,100,0,219.451
6,100,0,196.291
7,100,0,198.704
8,100,0,271.823
9,100,9.33874,300
10,100,0,252.754
11,100,0,263.852
12,100,0,280.032
13,100,0,268.932
14,100,0,270.348
15,100,0,295.123
16,100,0,296.579
17,100,1.2323,300
18,100,0.278325,300
19,100,0,272.445
20,100,0,297.579
21,100,0,299.068
22,100,2.01951,300
23,100,0.985102,300
24,100,1.33075,300
