node_id,initial_energy,remaining_energy,lifetime
0,100,7.36024,300
1,100,0,220.598
2,100,5.00443,300
3,100,4.99763,300
4,100,5.1978,300
5,100,0,224.313
6,100,0,252.613
7,100,4.05217,300
8,100,6.0212,300
9,100,4.47441,300
10,100,0,221.516
11,100,1.57725,300
12,100,5.93935,300
13,100,7.5429,300
14,100,6.28405,300
15,100,0,259.997
16,100,9.16668,300
17,100,6.00789,300
18,100,7.63111,300
19,100,6.04275,300
20,100,0,297.301
21,100,9.1996,300
22,100,8.09415,300
23,100,9.68345,300
24,100,8.30412,300
