node_id,initial_energy,remaining_energy,lifetime
0,100,6.72112,300
1,100,0,221.476
2,100,0,218.781
3,100,0,259.935
4,100,0,298.682
5,100,0,211.209
6,100,0,187.808
7,100,0,205.569
8,100,0,235.674
9,100,9.58135,300
10,100,0,252.862
11,100,0,268.927
12,100,0,287.781
13,100,0,265.383
14,100,0,268.066
15,100,0,291.305
16,100,0,265.918
17,100,9.21245,300
18,100,9.20366,300
19,100,0,299.567
20,100,9.80514,300
21,100,0,299.495
22,100,9.61125,300
23,100,9.67539,300
24,100,9.85428,300
