node_id,initial_energy,remaining_energy,lifetime
0,100,7.81314,300
1,100,0,238.273
2,100,0,283.695
3,100,0,296.053
4,100,0,298.248
5,100,0,247.377
6,100,0,276.366
7,100,3.33318,300
8,100,3.73915,300
9,100,8.09214,300
10,100,0,290.132
11,100,6.34157,300
12,100,7.91772,300
13,100,5.42584,300
14,100,8.4765,300
15,100,0,290.232
16,100,7.48163,300
17,100,8.2269,300
18,100,7.06384,300
19,100,8.44644,300
20,100,0,292.629
21,100,9.20792,300
22,100,9.18418,300
23,100,9.24225,300
24,100,9.17106,300
