node_id,initial_energy,remaining_energy,lifetime
0,100,5.82043,300
1,100,0,203.855
2,100,0,282.055
3,100,5.98034,300
4,100,7.4871,300
5,100,0,213.529
6,100,0,187.067
7,100,0,195.427
8,100,0,185.912
9,100,0,247.655
10,100,0,286.187
11,100,0,258.869
12,100,0,257.837
13,100,0,241.245
14,100,0,276.521
15,100,0,294.828
16,100,8.98883,300
17,100,0,261.08
18,100,0,269.961
19,100,2.34949,300
20,100,0,298.628
21,100,9.71694,300
22,100,0,299.325
23,100,0,271.858
24,100,0.661758,300
