node_id,initial_energy,remaining_energy,lifetime
0,100,6.66342,300
1,100,0,186.007
2,100,0,237.119
3,100,0,264.952
4,100,0,294.987
5,100,0,201.358
6,100,0,191.542
7,100,0,220.54
8,100,0,277.23
9,100,0,271.382
10,100,0,250.166
11,100,0,297.696
12,100,0,262.468
13,100,9.1902,300
14,100,0.573455,300
15,100,0,297.396
16,100,8.70954,300
17,100,0,268.974
18,100,9.20756,300
19,100,1.01021,300
20,100,0.196101,300
21,100,9.65795,300
22,100,0.449874,300
23,100,9.26377,300
24,100,9.85477,300
