node_id,initial_energy,remaining_energy,lifetime
0,100,7.60312,300
1,100,0,253.268
2,100,1.33549,300
3,100,0,297.989
4,100,9.86357,300
5,100,0,242.981
6,100,0,237.885
7,100,0,299.943
8,100,0,285.944
9,100,9.28355,300
10,100,0.947217,300
11,100,0,244.029
12,100,2.60273,300
13,100,0,291.446
14,100,9.6486,300
15,100,0.783888,300
16,100,0,282.013
17,100,8.77957,300
18,100,0,292.59
19,100,9.69871,300
20,100,0,294.824
21,100,6.13917,300
22,100,9.45442,300
23,100,9.21437,300
24,100,9.86146,300
