node_id,initial_energy,remaining_energy,lifetime
0,100,7.73765,300
1,100,0,264.506
2,100,7.0676,300
3,100,9.21497,300
4,100,9.85142,300
5,100,0,263.988
6,100,0,235.16
7,100,0,274.63
8,100,4.73871,300
9,100,9.68997,300
10,100,0,265.818
11,100,0,287.416
12,100,0,283.056
13,100,4.71376,300
14,100,9.65976,300
15,100,0,287.416
16,100,0,289.443
17,100,7.59068,300
18,100,5.51564,300
19,100,9.19543,300
20,100,9.84859,300
21,100,9.72077,300
22,100,8.39196,300
23,100,4.74513,300
24,100,9.60572,300
