node_id,initial_energy,remaining_energy,lifetime
0,100,8.37543,300
1,100,0,279.506
2,100,0,299.545
3,100,5.78299,300
4,100,5.59165,300
5,100,0,272.673
6,100,0,261.509
7,100,0,270.548
8,100,4.89477,300
9,100,8.55277,300
10,100,0,293.595
11,100,0,254.82
12,100,0,285.038
13,100,6.00978,300
14,100,9.59522,300
15,100,8.93152,300
16,100,0,255.637
17,100,7.94385,300
18,100,5.9977,300
19,100,9.1656,300
20,100,9.22924,300
21,100,0,292.766
22,100,8.47883,300
23,100,5.50864,300
24,100,5.86711,300
