node_id,initial_energy,remaining_energy,lifetime
0,100,7.10647,300
1,100,0,255.035
2,100,0.99652,300
3,100,0,294.538
4,100,9.58831,300
5,100,0,217.709
6,100,0,270.643
7,100,0,279.732
8,100,6.1007,300
9,100,9.22031,300
10,100,0,251.262
11,100,2.28234,300
12,100,0,291.6
13,100,9.09125,300
14,100,9.63962,300
15,100,0,291.058
16,100,5.15695,300
17,100,0,289.563
18,100,9.07905,300
19,100,9.66298,300
20,100,0,294.485
21,100,9.34878,300
22,100,0,292.034
23,100,9.09305,300
24,100,9.85682,300
