node_id,initial_energy,remaining_energy,lifetime
0,100,7.94224,300
1,100,0,239.136
2,100,0,263.445
3,100,1.22519,300
4,100,0,296.533
5,100,0,246.922
6,100,0,265.456
7,100,0,273.085
8,100,0,282.567
9,100,6.19425,300
10,100,0,289.778
11,100,1.75079,300
12,100,1.90316,300
13,100,0,293.29
14,100,0,295.842
15,100,9.6563,300
16,100,1.22261,300
17,100,4.56103,300
18,100,8.92272,300
19,100,0,295.419
20,100,9.87165,300
21,100,0,294.188
22,100,6.02137,300
23,100,9.67325,300
24,100,9.86028,300
