node_id,initial_energy,remaining_energy,lifetime
0,100,7.47956,300
1,100,0,233.173
2,100,0,279.982
3,100,9.73515,300
4,100,9.84879,300
5,100,0,264.893
6,100,0,280.926
7,100,0,285.662
8,100,0,288.404
9,100,9.18195,300
10,100,1.3806,300
11,100,0,281.83
12,100,0,285.958
13,100,1.72351,300
14,100,3.03674,300
15,100,9.67704,300
16,100,5.21649,300
17,100,0,287.587
18,100,9.0517,300
19,100,3.82519,300
20,100,9.8722,300
21,100,9.03543,300
22,100,0,290.6
23,100,9.22275,300
24,100,9.87424,300
