node_id,initial_energy,remaining_energy,lifetime
0,100,7.74365,300
1,100,0,249.538
2,100,0,287.057
3,100,0,290.917
4,100,0,292.609
5,100,0,250.797
6,100,0,262.847
7,100,4.2327,300
8,100,6.19426,300
9,100,9.05079,300
10,100,0,264.303
11,100,0,275.935
12,100,8.011,300
13,100,5.42296,300
14,100,5.65821,300
15,100,0.792342,300
16,100,3.78335,300
17,100,8.08353,300
18,100,9.11348,300
19,100,6.32638,300
20,100,0,292.079
21,100,5.29914,300
22,100,9.64148,300
23,100,9.67745,300
24,100,9.8592,300
