node_id,initial_energy,remaining_energy,lifetime
0,100,7.9655,300
1,100,0,262.53
2,100,0,284.371
3,100,9.2013,300
4,100,9.86063,300
5,100,0,275.063
6,100,0,255.529
7,100,0,285.661
8,100,0,292.562
9,100,1.09234,300
10,100,9.08268,300
11,100,0,287.282
12,100,8.0383,300
13,100,0,294.359
14,100,9.61155,300
15,100,9.19447,300
16,100,9.16646,300
17,100,8.34708,300
18,100,7.00779,300
19,100,9.20198,300
20,100,9.85959,300
21,100,9.72031,300
22,100,8.92164,300
23,100,6.89098,300
24,100,9.86417,300
