node_id,initial_energy,remaining_energy,lifetime
0,100,6.68418,300
1,100,0,195.736
2,100,0,252.524
3,100,0,278.761
4,100,1.96723,300
5,100,0,201.621
6,100,0,235.125
7,100,0,265.21
8,100,0,257.374
9,100,1.53877,300
10,100,0,245.749
11,100,0,257.79
12,100,6.46693,300
13,100,0,286.029
14,100,8.20658,300
15,100,0,281.175
16,100,0,285.99
17,100,6.8045,300
18,100,1.35306,300
19,100,8.347,300
20,100,2.06479,300
21,100,1.36428,300
22,100,6.54309,300
23,100,8.37613,300
24,100,9.85294,300
