node_id,initial_energy,remaining_energy,lifetime
0,100,6.85522,300
1,100,0,222.974
2,100,0,229.107
3,100,0,270.449
4,100,1.65781,300
5,100,0,235.898
6,100,0,200.403
7,100,0,219.542
8,100,0,264.265
9,100,1.88295,300
10,100,0,244.006
11,100,0,270.024
12,100,0,277.892
13,100,7.45384,300
14,100,9.5586,300
15,100,0,268.105
16,100,0,278.202
17,100,3.10591,300
18,100,7.74549,300
19,100,9.24009,300
20,100,0,296.569
21,100,5.87352,300
22,100,2.18659,300
23,100,6.38411,300
24,100,8.26466,300
