node_id,initial_energy,remaining_energy,lifetime
0,100,6.82121,300
1,100,0,223.763
2,100,0,272.946
3,100,0,295.761
4,100,8.49834,300
5,100,0,239.29
6,100,0,246.136
7,100,0,240.533
8,100,0,285.07
9,100,9.12379,300
10,100,0,251.725
11,100,0,252.981
12,100,0,286.467
13,100,2.50207,300
14,100,9.51328,300
15,100,0,272.224
16,100,0,284.932
17,100,2.89382,300
18,100,2.57494,300
19,100,5.89445,300
20,100,2.25627,300
21,100,2.60788,300
22,100,3.49664,300
23,100,6.2199,300
24,100,6.77171,300
