node_id,initial_energy,remaining_energy,lifetime
0,100,7.73215,300
1,100,0,241.178
2,100,0,295.113
3,100,0,296.353
4,100,0,298.348
5,100,0,263.333
6,100,0,261.254
7,100,7.28302,300
8,100,8.60892,300
9,100,8.903,300
10,100,2.10395,300
11,100,0,293.329
12,100,5.72402,300
13,100,8.89745,300
14,100,9.40087,300
15,100,1.39504,300
16,100,4.22472,300
17,100,8.67839,300
18,100,8.90985,300
19,100,9.10618,300
20,100,0,295.302
21,100,5.58974,300
22,100,9.404,300
23,100,9.42508,300
24,100,9.76554,300
