node_id,initial_energy,remaining_energy,lifetime
0,100,6.43659,300
1,100,0,201.763
2,100,0,249.324
3,100,0,283.718
4,100,2.79994,300
5,100,0,224.022
6,100,0,199.211
7,100,0,201.499
8,100,0,242.876
9,100,7.4269,300
10,100,0,254.396
11,100,0,292.074
12,100,0,258.162
13,100,0,282.188
14,100,0,285.689
15,100,0,297.703
16,100,0,288.423
17,100,3.46747,300
18,100,9.01134,300
19,100,2.55434,300
20,100,9.86181,300
21,100,2.7614,300
22,100,7.27788,300
23,100,9.67382,300
24,100,9.86028,300
