node_id,initial_energy,remaining_energy,lifetime
0,100,6.83235,300
1,100,0,207.061
2,100,0,265.127
3,100,0.346195,300
4,100,9.17697,300
5,100,0,203.263
6,100,0,207.049
7,100,0,219.083
8,100,1.71039,300
9,100,8.50003,300
10,100,0,255.731
11,100,0,286.538
12,100,0,266.611
13,100,8.64881,300
14,100,9.39292,300
15,100,0.342094,300
16,100,5.59625,300
17,100,0,282.152
18,100,8.83556,300
19,100,9.18847,300
20,100,1.58776,300
21,100,9.46163,300
22,100,2.39075,300
23,100,9.16469,300
24,100,9.85656,300
