node_id,initial_energy,remaining_energy,lifetime
0,100,6.99888,300
1,100,0,223.681
2,100,0,261.713
3,100,9.72975,300
4,100,9.80635,300
5,100,0,249.693
6,100,0,261.242
7,100,0,260.942
8,100,6.24008,300
9,100,9.19166,300
10,100,0,271.232
11,100,0,253.907
12,100,0,283.088
13,100,3.65499,300
14,100,4.3866,300
15,100,0,293.337
16,100,5.35595,300
17,100,0,276.441
18,100,9.07304,300
19,100,7.43043,300
20,100,9.86807,300
21,100,9.1502,300
22,100,1.96102,300
23,100,9.16623,300
24,100,9.79476,300
