node_id,initial_energy,remaining_energy,lifetime
0,100,7.04146,300
1,100,0,221.712
2,100,0,219.706
3,100,0,270.332
4,100,0.657155,300
5,100,0,229.371
6,100,0,211.76
7,100,0,244.14
8,100,5.54926,300
9,100,9.11837,300
10,100,0,257.416
11,100,0,271.709
12,100,0,283.389
13,100,1.05262,300
14,100,0,282.418
15,100,0,298.639
16,100,0,297.691
17,100,0.449046,300
18,100,7.01083,300
19,100,0,295.627
20,100,0.313626,300
21,100,1.37253,300
22,100,2.17293,300
23,100,8.81939,300
24,100,8.70908,300
