node_id,initial_energy,remaining_energy,lifetime
0,100,6.39739,300
1,100,0,204.97
2,100,0,258.468
3,100,0,291.509
4,100,0,299.771
5,100,0,198.54
6,100,0,207.781
7,100,0,203.832
8,100,0,262.123
9,100,0.195728,300
10,100,0,231.659
11,100,0,284.646
12,100,0,257.295
13,100,0,285.792
14,100,8.55573,300
15,100,0,275.058
16,100,5.64679,300
17,100,0,283.835
18,100,2.61719,300
19,100,9.66985,300
20,100,1.79865,300
21,100,9.41786,300
22,100,2.95141,300
23,100,9.1927,300
24,100,9.84064,300
