node_id,initial_energy,remaining_energy,lifetime
0,100,7.5696,300
1,100,0,240.236
2,100,6.89182,300
3,100,6.49599,300
4,100,9.7108,300
5,100,0,231.59
6,100,0,246.079
7,100,3.11758,300
8,100,8.73793,300
9,100,9.24536,300
10,100,0,235.705
11,100,0,292.685
12,100,7.65611,300
13,100,9.19102,300
14,100,9.54046,300
15,100,0,275.696
16,100,8.86437,300
17,100,9.18687,300
18,100,9.19402,300
19,100,9.21533,300
20,100,1.39016,300
21,100,9.02105,300
22,100,9.6616,300
23,100,9.68762,300
24,100,9.86068,300
