node_id,initial_energy,remaining_energy,lifetime
0,100,6.72414,300
1,100,0,194.765
2,100,0,224.986
3,100,0,268
4,100,0,294.94
5,100,0,204.821
6,100,0,210.128
7,100,0,244.069
8,100,0,292.033
9,100,3.8302,300
10,100,0,250.078
11,100,0,271.721
12,100,0,286.485
13,100,4.44873,300
14,100,5.97409,300
15,100,0,273.486
16,100,0,297.547
17,100,1.19369,300
18,100,7.30031,300
19,100,7.47144,300
20,100,0.904205,300
21,100,2.52902,300
22,100,3.35038,300
23,100,9.50295,300
24,100,9.7651,300
