node_id,initial_energy,remaining_energy,lifetime
0,100,6.77637,300
1,100,0,197.806
2,100,0,240.316
3,100,2.03339,300
4,100,2.09395,300
5,100,0,201.025
6,100,0,226.708
7,100,0,250.199
8,100,1.20345,300
9,100,1.50228,300
10,100,0,220.371
11,100,0,236.062
12,100,0,278.006
13,100,1.73582,300
14,100,0.118527,300
15,100,0,269.963
16,100,0,276.606
17,100,0,282.116
18,100,8.68109,300
19,100,4.2914,300
20,100,0.678913,300
21,100,1.21933,300
22,100,2.96154,300
23,100,9.02551,300
24,100,9.52861,300
