node_id,initial_energy,remaining_energy,lifetime
0,100,6.51324,300
1,100,0,195.909
2,100,0,240.872
3,100,0,278.888
4,100,2.56282,300
5,100,0,195.485
6,100,0,185.666
7,100,0,207.481
8,100,0,213.1
9,100,0,281.323
10,100,0,241.506
11,100,0,287.328
12,100,0,289.363
13,100,0,281.526
14,100,1.99133,300
15,100,0,285.296
16,100,0,291.348
17,100,5.773,300
18,100,5.42941,300
19,100,9.21979,300
20,100,3.68403,300
21,100,7.57572,300
22,100,7.75187,300
23,100,8.345,300
24,100,9.05132,300
