node_id,initial_energy,remaining_energy,lifetime
0,100,6.28075,300
1,100,0,199.88
2,100,0,238.113
3,100,0.216294,300
4,100,8.99121,300
5,100,0,201.94
6,100,0,202.98
7,100,0,205.135
8,100,0,231.82
9,100,8.67514,300
10,100,0,258.13
11,100,0,260.167
12,100,0,283.62
13,100,0,258.926
14,100,9.36553,300
15,100,0,272.661
16,100,0,289.122
17,100,3.02338,300
18,100,0,287.581
19,100,4.41739,300
20,100,1.29131,300
21,100,2.76261,300
22,100,2.8207,300
23,100,5.5526,300
24,100,8.22719,300
