node_id,initial_energy,remaining_energy,lifetime
0,100,7.35074,300
1,100,0,221.02
2,100,0,277.972
3,100,0,282.552
4,100,3.82114,300
5,100,0,219.05
6,100,0,263.423
7,100,6.96238,300
8,100,8.53305,300
9,100,8.08077,300
10,100,0,256.43
11,100,0,292.272
12,100,5.72828,300
13,100,9.17333,300
14,100,8.5079,300
15,100,0,280.914
16,100,1.83358,300
17,100,8.79059,300
18,100,9.17995,300
19,100,8.98119,300
20,100,1.53993,300
21,100,6.67186,300
22,100,9.60856,300
23,100,9.6572,300
24,100,9.66645,300
