node_id,initial_energy,remaining_energy,lifetime
0,100,6.12707,300
1,100,0,194.677
2,100,0,253.076
3,100,0,296.895
4,100,9.79397,300
5,100,0,187.39
6,100,0,196.205
7,100,0,190.899
8,100,0,224.668
9,100,0,275.302
10,100,0,245.168
11,100,0,271.37
12,100,0,252.714
13,100,0,269.624
14,100,0,298.092
15,100,0,276.397
16,100,1.00303,300
17,100,0,279.907
18,100,0,293.109
19,100,5.86007,300
20,100,2.15078,300
21,100,1.73253,300
22,100,1.71165,300
23,100,4.51885,300
24,100,7.00473,300
