node_id,initial_energy,remaining_energy,lifetime
0,100,6.69244,300
1,100,0,207.552
2,100,0,264.072
3,100,0,299.965
4,100,8.4695,300
5,100,0,203.5
6,100,0,213.117
7,100,0,199.013
8,100,0,273.233
9,100,8.03209,300
10,100,0,246.496
11,100,0,288.705
12,100,0,249.097
13,100,0,291.914
14,100,9.58484,300
15,100,1.22113,300
16,100,6.18141,300
17,100,0,293.394
18,100,3.47842,300
19,100,9.63344,300
20,100,2.20622,300
21,100,9.39245,300
22,100,3.8715,300
23,100,9.22847,300
24,100,9.84877,300
