node_id,initial_energy,remaining_energy,lifetime
0,100,6.59738,300
1,100,0,214.668
2,100,0,214.783
3,100,0,260.902
4,100,0,293.888
5,100,0,230.043
6,100,0,212.131
7,100,0,262.424
8,100,0,286.341
9,100,4.75717,300
10,100,0,237.571
11,100,0,268.87
12,100,0,282.263
13,100,0,275.716
14,100,0,287.841
15,100,0,269.57
16,100,0,295.978
17,100,0,298.319
18,100,5.9542,300
19,100,2.78013,300
20,100,0.302603,300
21,100,2.34732,300
22,100,6.74282,300
23,100,9.58082,300
24,100,9.72601,300
