node_id,initial_energy,remaining_energy,lifetime
0,100,6.30073,300
1,100,0,177.247
2,100,0,206.438
3,100,0,224.386
4,100,1.39042,300
5,100,0,192.966
6,100,0,182.825
7,100,0,198.394
8,100,0,214.031
9,100,0.38126,300
10,100,0,233.449
11,100,0,238.685
12,100,0,263.104
13,100,0,218.336
14,100,0,258.207
15,100,0,268.246
16,100,0,271.954
17,100,0.0689924,300
18,100,0,279.329
19,100,0,287.393
20,100,0.607397,300
21,100,0.987447,300
22,100,0.99835,300
23,100,1.73347,300
24,100,2.67049,300
