node_id,initial_energy,remaining_energy,lifetime
0,100,6.38452,300
1,100,0,187.636
2,100,0,207.055
3,100,0,249.818
4,100,0,281.094
5,100,0,183.528
6,100,0,193.246
7,100,0,180.087
8,100,0,195.572
9,100,0.827939,300
10,100,0,229.364
11,100,0,241.763
12,100,0,270.352
13,100,0,223.177
14,100,9.21134,300
15,100,0,272.859
16,100,0,273.162
17,100,0.490857,300
18,100,0,250.714
19,100,2.16808,300
20,100,1.12082,300
21,100,0.787803,300
22,100,1.25217,300
23,100,0,280.869
24,100,1.52211,300
