node_id,initial_energy,remaining_energy,lifetime
0,100,6.28197,300
1,100,0,190.607
2,100,0,233.797
3,100,0,268.484
4,100,0.612115,300
5,100,0,192.299
6,100,0,175.328
7,100,0,181.855
8,100,0,188.413
9,100,0,279.279
10,100,0,232.739
11,100,0,261.449
12,100,0,249.425
13,100,0,215.195
14,100,1.72122,300
15,100,0,268.319
16,100,0,295.56
17,100,0,275.052
18,100,0,254.174
19,100,9.15826,300
20,100,0.613018,300
21,100,9.70768,300
22,100,1.37308,300
23,100,0,280.434
24,100,2.10816,300
