node_id,initial_energy,remaining_energy,lifetime
0,100,6.33657,300
1,100,0,177.57
2,100,0,222.469
3,100,0,281.362
4,100,0,282.92
5,100,0,188.069
6,100,0,194.311
7,100,0,202.114
8,100,0,227.508
9,100,1.21266,300
10,100,0,211.394
11,100,0,212.194
12,100,0,253.179
13,100,0,212.954
14,100,0,241.308
15,100,0,270.944
16,100,0,271.981
17,100,0,273.901
18,100,0,283.337
19,100,0,274.337
20,100,0.814965,300
21,100,0.834032,300
22,100,1.16975,300
23,100,2.21129,300
24,100,1.77057,300
