node_id,initial_energy,remaining_energy,lifetime
0,100,6.27787,300
1,100,0,171.53
2,100,0,194.002
3,100,0,218.069
4,100,0,233.655
5,100,0,192.238
6,100,0,190.838
7,100,0,183.428
8,100,0,218.93
9,100,0,231.584
10,100,0,227.092
11,100,0,292.339
12,100,0,230.716
13,100,0,251.506
14,100,0,262.963
15,100,0,268.358
16,100,8.40841,300
17,100,0,276.663
18,100,0,283.19
19,100,0,288.221
20,100,0.611475,300
21,100,9.67302,300
22,100,1.78327,300
23,100,2.48621,300
24,100,2.55488,300
