node_id,initial_energy,remaining_energy,lifetime
0,100,7.25416,300
1,100,0,217.964
2,100,0,254.131
3,100,0,265.701
4,100,0.65808,300
5,100,0,208.551
6,100,0,269.764
7,100,0.247889,300
8,100,2.24241,300
9,100,3.9131,300
10,100,0,226.71
11,100,2.07518,300
12,100,5.66471,300
13,100,9.165,300
14,100,4.23387,300
15,100,0,263.751
16,100,4.76043,300
17,100,5.71409,300
18,100,9.18908,300
19,100,5.62974,300
20,100,0,298.739
21,100,6.99563,300
22,100,7.93547,300
23,100,9.67044,300
24,100,8.10834,300
