node_id,initial_energy,remaining_energy,lifetime
0,100,6.31032,300
1,100,0,199.065
2,100,0,257.17
3,100,0,296.972
4,100,9.57248,300
5,100,0,181.777
6,100,0,174.676
7,100,0,175.819
8,100,0,191.174
9,100,0,251.727
10,100,0,238.827
11,100,0,252.054
12,100,0,248.583
13,100,0,221.564
14,100,0,279.26
15,100,0,272.574
16,100,0.521501,300
17,100,0,273.816
18,100,0,250.149
19,100,1.70143,300
20,100,1.21936,300
21,100,1.42934,300
22,100,1.20551,300
23,100,0,278.667
24,100,1.75013,300
