node_id,initial_energy,remaining_energy,lifetime
0,100,6.20162,300
1,100,0,193.09
2,100,0,229.505
3,100,0,265.216
4,100,0.948324,300
5,100,0,183.178
6,100,0,179.549
7,100,0,171.612
8,100,0,218.35
9,100,9.45118,300
10,100,0,239.045
11,100,0,244.97
12,100,0,235.887
13,100,0,244.135
14,100,0,276.218
15,100,0,273.113
16,100,0,275.699
17,100,0,279.406
18,100,0,255.962
19,100,1.04867,300
20,100,1.19289,300
21,100,1.3147,300
22,100,2.06004,300
23,100,0,283.723
24,100,1.86198,300
