node_id,initial_energy,remaining_energy,lifetime
0,100,6.43147,300
1,100,0,181.85
2,100,0,209.495
3,100,0,250.669
4,100,0,280.557
5,100,0,192.233
6,100,0,195.442
7,100,0,187.775
8,100,0,200.412
9,100,1.18297,300
10,100,0,235.413
11,100,0,271.958
12,100,0,251.104
13,100,0,207.678
14,100,0,264.07
15,100,0,269.47
16,100,0.356407,300
17,100,0,278.91
18,100,0,280.704
19,100,0,280.328
20,100,0.616404,300
21,100,1.10256,300
22,100,2.4428,300
23,100,2.77069,300
24,100,3.25636,300
