node_id,initial_energy,remaining_energy,lifetime
0,100,7.97325,300
1,100,0,261.946
2,100,1.92556,300
3,100,1.02863,300
4,100,9.85805,300
5,100,0,246.126
6,100,0,266.471
7,100,0.931408,300
8,100,0,285.668
9,100,9.20956,300
10,100,0.282743,300
11,100,0,274.975
12,100,5.16841,300
13,100,0,287.706
14,100,9.62697,300
15,100,0.1981,300
16,100,0,277.991
17,100,7.98229,300
18,100,0,288.907
19,100,9.67764,300
20,100,0,290.438
21,100,5.37304,300
22,100,8.6779,300
23,100,9.21563,300
24,100,9.86625,300
