node_id,initial_energy,remaining_energy,lifetime
0,100,8.37694,300
1,100,0,282.004
2,100,8.04529,300
3,100,8.81108,300
4,100,9.4391,300
5,100,0,279.307
6,100,0,253.654
7,100,0,276.278
8,100,0,263.979
9,100,0,288.837
10,100,8.72378,300
11,100,0,286.277
12,100,8.33292,300
13,100,0,266.674
14,100,9.54829,300
15,100,9.19115,300
16,100,9.15725,300
17,100,8.86852,300
18,100,5.7901,300
19,100,9.20234,300
20,100,9.84529,300
21,100,9.71935,300
22,100,9.5395,300
23,100,6.31999,300
24,100,9.85019,300
