node_id,initial_energy,remaining_energy,lifetime
0,100,8.79972,300
1,100,0,286.758
2,100,0,297.891
3,100,4.94667,300
4,100,4.39344,300
5,100,0,286.318
6,100,0,278.467
7,100,0,264.437
8,100,3.74036,300
9,100,8.10313,300
10,100,0.356349,300
11,100,0,283.982
12,100,0,281.355
13,100,4.94178,300
14,100,9.5922,300
15,100,9.65759,300
16,100,0,286.307
17,100,7.52498,300
18,100,4.89296,300
19,100,9.07916,300
20,100,9.84812,300
21,100,9.19225,300
22,100,8.08434,300
23,100,3.75144,300
24,100,4.12293,300
