node_id,initial_energy,remaining_energy,lifetime
0,100,8.31757,300
1,100,0,287.772
2,100,9.17968,300
3,100,9.20011,300
4,100,9.84362,300
5,100,0,266.442
6,100,0,267.217
7,100,0,272.829
8,100,4.27517,300
9,100,9.67996,300
10,100,0,272.751
11,100,0,284.137
12,100,0,282.054
13,100,4.25696,300
14,100,9.64708,300
15,100,0,286.756
16,100,0,286.594
17,100,7.62382,300
18,100,5.52732,300
19,100,9.19706,300
20,100,9.84878,300
21,100,9.72402,300
22,100,8.41007,300
23,100,4.75803,300
24,100,9.61814,300
