node_id,initial_energy,remaining_energy,lifetime
0,100,7.95929,300
1,100,0,244.66
2,100,0,281.012
3,100,9.75328,300
4,100,9.87028,300
5,100,0,285.145
6,100,0,296.685
7,100,0,291.947
8,100,0,292.121
9,100,9.16534,300
10,100,5.39828,300
11,100,1.78199,300
12,100,3.82486,300
13,100,3.40346,300
14,100,6.21354,300
15,100,9.66099,300
16,100,7.06696,300
17,100,9.0919,300
18,100,9.06768,300
19,100,6.39772,300
20,100,9.87054,300
21,100,9.1856,300
22,100,9.54121,300
23,100,9.18805,300
24,100,9.84838,300
