node_id,initial_energy,remaining_energy,lifetime
0,100,7.90005,300
1,100,0,262.696
2,100,0,285.583
3,100,0,288.472
4,100,0,290.265
5,100,0,265.131
6,100,0,276.288
7,100,5.01894,300
8,100,6.21011,300
9,100,9.03892,300
10,100,0,286.688
11,100,0,288.787
12,100,9.07309,300
13,100,5.43575,300
14,100,5.68311,300
15,100,9.69561,300
16,100,9.18795,300
17,100,9.14546,300
18,100,9.10256,300
19,100,6.31489,300
20,100,9.86283,300
21,100,9.22054,300
22,100,9.62995,300
23,100,9.67647,300
24,100,9.8592,300
