node_id,initial_energy,remaining_energy,lifetime
0,100,6.62967,300
1,100,0,223.021
2,100,0,282.304
3,100,5.55056,300
4,100,6.35181,300
5,100,0,231.272
6,100,0,242.566
7,100,0,223.189
8,100,0,248.852
9,100,8.89188,300
10,100,0,268.013
11,100,0,231.341
12,100,0,264.268
13,100,0,281.853
14,100,9.37677,300
15,100,9.19665,300
16,100,0,263.9
17,100,0,296.609
18,100,0,283.043
19,100,3.74683,300
20,100,9.82564,300
21,100,0,298.817
22,100,0,299.722
23,100,0.797281,300
24,100,1.3262,300
