node_id,initial_energy,remaining_energy,lifetime
0,100,7.11013,300
1,100,0,230.717
2,100,0,251.909
3,100,0,252.677
4,100,0,296.758
5,100,0,235.402
6,100,0,197.816
7,100,0,212.495
8,100,0,277.014
9,100,0.0163184,300
10,100,0,254.854
11,100,0,288.3
12,100,0,276.906
13,100,3.59961,300
14,100,9.56508,300
15,100,0,292.082
16,100,0,292.257
17,100,3.07672,300
18,100,5.11954,300
19,100,9.23796,300
20,100,9.85561,300
21,100,9.58615,300
22,100,2.85502,300
23,100,3.79098,300
24,100,7.95908,300
