node_id,initial_energy,remaining_energy,lifetime
0,100,6.39071,300
1,100,0,208.981
2,100,0,290.584
3,100,9.25706,300
4,100,9.76439,300
5,100,0,234.751
6,100,0,218.643
7,100,0,248.435
8,100,0,220.833
9,100,0,269.846
10,100,0,292.955
11,100,0,270.982
12,100,0,291.412
13,100,0,253.011
14,100,0.276259,300
15,100,0,291.497
16,100,8.89139,300
17,100,0,293.857
18,100,2.41909,300
19,100,9.04101,300
20,100,0,295.16
21,100,9.70707,300
22,100,6.53225,300
23,100,0,299.927
24,100,3.46001,300
