node_id,initial_energy,remaining_energy,lifetime
0,100,7.05597,300
1,100,0,201.353
2,100,0,254.095
3,100,0,284.232
4,100,4.9057,300
5,100,0,204.325
6,100,0,233.189
7,100,0,249.886
8,100,0,289.012
9,100,1.38432,300
10,100,0,258.599
11,100,6.44959,300
12,100,0,290.406
13,100,9.10096,300
14,100,9.63202,300
15,100,0,297.504
16,100,6.56168,300
17,100,0,298.197
18,100,9.16541,300
19,100,9.69208,300
20,100,0.25058,300
21,100,9.46468,300
22,100,0.0910877,300
23,100,9.19112,300
24,100,9.86734,300
