node_id,initial_energy,remaining_energy,lifetime
0,100,6.99648,300
1,100,0,194.898
2,100,0,265.668
3,100,0.895559,300
4,100,9.82651,300
5,100,0,207.165
6,100,0,234.577
7,100,0,285.351
8,100,0,262.285
9,100,0.0605883,300
10,100,0,238.397
11,100,0,253.685
12,100,5.34338,300
13,100,0,292.844
14,100,9.61897,300
15,100,0,274.663
16,100,0,289.195
17,100,8.99023,300
18,100,0.0260194,300
19,100,9.68634,300
20,100,0.150224,300
21,100,6.71857,300
22,100,9.60977,300
23,100,9.24925,300
24,100,9.86438,300
