node_id,initial_energy,remaining_energy,lifetime
0,100,6.81092,300
1,100,0,215.972
2,100,0,266.46
3,100,9.71308,300
4,100,9.828,300
5,100,0,245.321
6,100,0,258.579
7,100,0,242.164
8,100,0,265.235
9,100,9.16389,300
10,100,0,271.724
11,100,0,293.055
12,100,0,289.49
13,100,0,251.31
14,100,0,263.12
15,100,0,292.85
16,100,8.26174,300
17,100,0,297.624
18,100,0.0837556,300
19,100,0,293.198
20,100,9.86514,300
21,100,8.88451,300
22,100,0.046343,300
23,100,9.1397,300
24,100,7.83006,300
