node_id,initial_energy,remaining_energy,lifetime
0,100,7.49865,300
1,100,0,237.717
2,100,0,244.981
3,100,0,256.59
4,100,0,295.68
5,100,0,239.614
6,100,0,226.454
7,100,0,261.875
8,100,6.58005,300
9,100,9.03151,300
10,100,0,265.765
11,100,0,286.223
12,100,0.410653,300
13,100,5.47783,300
14,100,6.36335,300
15,100,1.47815,300
16,100,4.29659,300
17,100,8.14593,300
18,100,7.24005,300
19,100,7.29443,300
20,100,0,295.605
21,100,5.73018,300
22,100,9.34549,300
23,100,7.61946,300
24,100,9.8592,300
