node_id,initial_energy,remaining_energy,lifetime
0,100,6.89401,300
1,100,0,225.917
2,100,0,256.167
3,100,0.623235,300
4,100,0.584256,300
5,100,0,230.012
6,100,0,196.355
7,100,0,215.644
8,100,0,261.028
9,100,7.08014,300
10,100,0,252.546
11,100,0,292.971
12,100,0,289.677
13,100,0,268.279
14,100,0,270.73
15,100,0,293.772
16,100,0,278.305
17,100,2.7778,300
18,100,8.9234,300
19,100,0.172921,300
20,100,9.81749,300
21,100,1.10915,300
22,100,7.37592,300
23,100,9.6805,300
24,100,9.846,300
