node_id,initial_energy,remaining_energy,lifetime
0,100,6.34509,300
1,100,0,179.54
2,100,0,236.091
3,100,0,265.661
4,100,0.839882,300
5,100,0,193.297
6,100,0,208.761
7,100,0,230.867
8,100,0,215.679
9,100,0,298.201
10,100,0,234.717
11,100,0,241.577
12,100,8.50916,300
13,100,0,245.631
14,100,0,284.826
15,100,0,268.268
16,100,0,273.857
17,100,8.85411,300
18,100,0,272.929
19,100,0,285.258
20,100,0.601833,300
21,100,1.91161,300
22,100,9.60394,300
23,100,1.30231,300
24,100,2.54565,300
