node_id,initial_energy,remaining_energy,lifetime
0,100,6.44104,300
1,100,0,199.862
2,100,0,229.389
3,100,0,266.601
4,100,0.298684,300
5,100,0,208.681
6,100,0,187.308
7,100,0,209.303
8,100,0,240.404
9,100,9.59461,300
10,100,0,254.792
11,100,0,236.86
12,100,0,287.65
13,100,0,268.796
14,100,0,275.094
15,100,0,293.003
16,100,0,266.842
17,100,9.22341,300
18,100,0,299.877
19,100,0.920063,300
20,100,9.82305,300
21,100,0.0970476,300
22,100,9.62862,300
23,100,9.68036,300
24,100,9.85129,300
