node_id,initial_energy,remaining_energy,lifetime
0,100,6.25131,300
1,100,0,173.763
2,100,0,219.368
3,100,0,243.483
4,100,0,272.557
5,100,0,197.555
6,100,0,193.753
7,100,0,193.831
8,100,0,253.67
9,100,0,248.746
10,100,0,242.78
11,100,0,295.558
12,100,0,260.036
13,100,0,299.464
14,100,0,277.427
15,100,0,298.081
16,100,8.61019,300
17,100,0,272.565
18,100,0.231452,300
19,100,0,277.627
20,100,0.403012,300
21,100,9.66474,300
22,100,1.09858,300
23,100,9.27935,300
24,100,1.37565,300
