node_id,initial_energy,remaining_energy,lifetime
0,100,6.02282,300
1,100,0,193.93
2,100,0,212.643
3,100,0,265.141
4,100,0.216502,300
5,100,0,211.368
6,100,0,216.517
7,100,0,181.036
8,100,0,211.023
9,100,8.21748,300
10,100,0,242.682
11,100,0,227.35
12,100,0,262.805
13,100,0,237.398
14,100,9.03264,300
15,100,0,261.814
16,100,0,263.216
17,100,0,299.246
18,100,0,269.358
19,100,0,299.677
20,100,0,298.775
21,100,0,298.975
22,100,0.495868,300
23,100,0.356366,300
24,100,0.69694,300
