node_id,initial_energy,remaining_energy,lifetime
0,100,6.51943,300
1,100,0,201.29
2,100,0,203.961
3,100,0,265.132
4,100,0.0964516,300
5,100,0,216.77
6,100,0,193.927
7,100,0,181.956
8,100,0,250.018
9,100,9.30189,300
10,100,0,252.062
11,100,0,261.367
12,100,0,243.593
13,100,0,235.151
14,100,0,256.358
15,100,0,295.566
16,100,0,296.003
17,100,0,272.992
18,100,0,299.987
19,100,0,266.174
20,100,0,297.85
21,100,0.752144,300
22,100,1.85145,300
23,100,1.01579,300
24,100,1.07645,300
