node_id,initial_energy,remaining_energy,lifetime
0,100,6.18252,300
1,100,0,184.002
2,100,0,243.249
3,100,9.68681,300
4,100,9.79809,300
5,100,0,205.569
6,100,0,233.072
7,100,0,197.059
8,100,0,221.843
9,100,9.24365,300
10,100,0,254.971
11,100,0,215.886
12,100,0,249.145
13,100,0,206.987
14,100,0,237.7
15,100,0,299.61
16,100,0,297.685
17,100,0,267.682
18,100,0,282.136
19,100,0,270.232
20,100,9.87021,300
21,100,9.29574,300
22,100,0.172219,300
23,100,2.38439,300
24,100,1.88537,300
