node_id,initial_energy,remaining_energy,lifetime
0,100,7.42853,300
1,100,0,213.911
2,100,0,255.542
3,100,0,261.004
4,100,0,297.717
5,100,0,227.897
6,100,0,275.237
7,100,3.51411,300
8,100,4.17018,300
9,100,6.20476,300
10,100,0,293.584
11,100,6.08633,300
12,100,6.5039,300
13,100,7.48441,300
14,100,6.58226,300
15,100,0,293.823
16,100,7.71253,300
17,100,8.7684,300
18,100,8.98065,300
19,100,7.68047,300
20,100,0,296.06
21,100,9.22694,300
22,100,9.4068,300
23,100,9.66438,300
24,100,8.40774,300
