node_id,initial_energy,remaining_energy,lifetime
0,100,6.27862,300
1,100,0,199.62
2,100,0,289.444
3,100,8.24439,300
4,100,8.92793,300
5,100,0,184.654
6,100,0,186.787
7,100,0,193.936
8,100,0,185.243
9,100,0,251.47
10,100,0,237.781
11,100,0,296.978
12,100,0,266.743
13,100,0,242.008
14,100,0,280.813
15,100,0,271.091
16,100,9.1203,300
17,100,0,269.489
18,100,0,271.647
19,100,2.79508,300
20,100,1.01216,300
21,100,9.74765,300
22,100,0.671913,300
23,100,0,273.601
24,100,0.65567,300
