node_id,initial_energy,remaining_energy,lifetime
0,100,6.40083,300
1,100,0,203.773
2,100,0,219.637
3,100,0,256.344
4,100,0,299.148
5,100,0,214.994
6,100,0,174.731
7,100,0,183.692
8,100,0,204.274
9,100,0,298.548
10,100,0,219.07
11,100,0,286.723
12,100,0,251.487
13,100,0,263.524
14,100,8.89869,300
15,100,0,261.241
16,100,0,290.058
17,100,0,279.488
18,100,0,266.382
19,100,9.05738,300
20,100,0,298.547
21,100,9.71696,300
22,100,2.17037,300
23,100,0,268.009
24,100,0.184498,300
