node_id,initial_energy,remaining_energy,lifetime
0,100,7.16104,300
1,100,0,225.723
2,100,0,273.45
3,100,9.70226,300
4,100,9.8232,300
5,100,0,255.806
6,100,0,266.454
7,100,0,263.916
8,100,0,293.888
9,100,9.22165,300
10,100,0,280.499
11,100,0.0335991,300
12,100,1.22959,300
13,100,0,291.658
14,100,0,297.187
15,100,0,294.7
16,100,7.4646,300
17,100,0.872753,300
18,100,5.70583,300
19,100,4.34257,300
20,100,9.86299,300
21,100,9.0478,300
22,100,1.79048,300
23,100,9.19781,300
24,100,9.73773,300
