node_id,initial_energy,remaining_energy,lifetime
0,100,7.2691,300
1,100,0,236.107
2,100,0,263.099
3,100,3.15377,300
4,100,1.88586,300
5,100,0,232.476
6,100,0,210.612
7,100,0,247.717
8,100,0,293.467
9,100,7.2254,300
10,100,0,252.844
11,100,0,297.047
12,100,0.431242,300
13,100,2.01439,300
14,100,2.66877,300
15,100,0,294.038
16,100,0,285.271
17,100,3.53221,300
18,100,9.05588,300
19,100,2.55404,300
20,100,9.34935,300
21,100,1.63791,300
22,100,7.44548,300
23,100,9.67295,300
24,100,9.86028,300
