node_id,initial_energy,remaining_energy,lifetime
0,100,6.38916,300
1,100,0,213.579
2,100,0,286.054
3,100,7.63039,300
4,100,8.10053,300
5,100,0,237.307
6,100,0,229.02
7,100,0,262.084
8,100,0,196.123
9,100,0,279.306
10,100,0,292.5
11,100,0,284.487
12,100,3.7698,300
13,100,0,220.707
14,100,1.56072,300
15,100,0,292.187
16,100,8.93092,300
17,100,4.85066,300
18,100,4.81198,300
19,100,9.13554,300
20,100,0,295.518
21,100,9.61724,300
22,100,7.3898,300
23,100,3.32688,300
24,100,7.84147,300
