node_id,initial_energy,remaining_energy,lifetime
0,100,7.30176,300
1,100,0,240.946
2,100,1.12265,300
3,100,8.66922,300
4,100,9.29636,300
5,100,0,253.997
6,100,0,262.632
7,100,0,273.314
8,100,0,274.584
9,100,9.13525,300
10,100,0,278.812
11,100,0,239.946
12,100,0,299.202
13,100,1.65136,300
14,100,9.45639,300
15,100,8.66156,300
16,100,0,271.997
17,100,8.69077,300
18,100,1.7107,300
19,100,2.28111,300
20,100,9.36931,300
21,100,0.417264,300
22,100,9.23563,300
23,100,9.18167,300
24,100,9.40631,300
