node_id,initial_energy,remaining_energy,lifetime
0,100,7.47789,300
1,100,0,253.302
2,100,0,251.244
3,100,0,259.23
4,100,0,297.297
5,100,0,242.002
6,100,0,248.503
7,100,0,251.269
8,100,6.41385,300
9,100,9.07214,300
10,100,0,270.149
11,100,0,280.996
12,100,0,295.501
13,100,4.75992,300
14,100,3.87955,300
15,100,1.96712,300
16,100,3.57132,300
17,100,7.46363,300
18,100,8.44448,300
19,100,5.31517,300
20,100,0,295.552
21,100,5.22369,300
22,100,9.38217,300
23,100,8.83627,300
24,100,9.8592,300
