node_id,initial_energy,remaining_energy,lifetime
0,100,7.00125,300
1,100,0,203.186
2,100,0,270.58
3,100,0.318359,300
4,100,9.81248,300
5,100,0,210.456
6,100,0,234.039
7,100,0,288.975
8,100,0,260.604
9,100,0.674766,300
10,100,0,276.091
11,100,0,257.089
12,100,6.01303,300
13,100,0,292.904
14,100,9.54407,300
15,100,3.47576,300
16,100,0,291.694
17,100,8.04742,300
18,100,0.241306,300
19,100,9.66141,300
20,100,0.802984,300
21,100,5.81809,300
22,100,8.27331,300
23,100,8.83298,300
24,100,9.86438,300
