node_id,initial_energy,remaining_energy,lifetime
0,100,7.30198,300
1,100,0,215.239
2,100,0,295.555
3,100,0,296.871
4,100,8.71615,300
5,100,0,211.928
6,100,0,248.974
7,100,0,263.48
8,100,0.907621,300
9,100,7.74742,300
10,100,0,261.353
11,100,7.44826,300
12,100,0,290.902
13,100,9.07676,300
14,100,9.65405,300
15,100,0,299.655
16,100,7.82275,300
17,100,2.33677,300
18,100,9.12861,300
19,100,9.69423,300
20,100,0.904637,300
21,100,9.45914,300
22,100,3.07579,300
23,100,9.15199,300
24,100,9.86517,300
