node_id,initial_energy,remaining_energy,lifetime
0,100,7.47333,300
1,100,0,238.591
2,100,0,292.776
3,100,0,296.368
4,100,9.44967,300
5,100,0,253.194
6,100,0,207.398
7,100,0,233.483
8,100,2.91508,300
9,100,9.3957,300
10,100,0,262.328
11,100,0,288.532
12,100,0,276.098
13,100,4.47453,300
14,100,9.63922,300
15,100,0,292.182
16,100,0,294.796
17,100,2.34453,300
18,100,6.43254,300
19,100,9.2183,300
20,100,9.84859,300
21,100,9.62777,300
22,100,0.882102,300
23,100,4.35099,300
24,100,7.17133,300
