node_id,initial_energy,remaining_energy,lifetime
0,100,8.26116,300
1,100,0,250.049
2,100,0,289.608
3,100,0,290.29
4,100,0,292.166
5,100,0,287.716
6,100,2.78587,300
7,100,7.30408,300
8,100,8.88809,300
9,100,8.93227,300
10,100,3.22633,300
11,100,1.29828,300
12,100,6.84526,300
13,100,9.14134,300
14,100,9.49222,300
15,100,2.03701,300
16,100,3.0178,300
17,100,8.90037,300
18,100,9.16757,300
19,100,9.1923,300
20,100,0,293.971
21,100,4.6143,300
22,100,9.6325,300
23,100,9.67334,300
24,100,9.85551,300
