node_id,initial_energy,remaining_energy,lifetime
0,100,9.17841,300
1,100,0,298.418
2,100,8.91291,300
3,100,9.20212,300
4,100,9.82922,300
5,100,4.85699,300
6,100,0,284.584
7,100,0,282.46
8,100,0,282.599
9,100,9.64369,300
10,100,9.62568,300
11,100,9.15668,300
12,100,9.13297,300
13,100,0,284.272
14,100,9.58874,300
15,100,9.18126,300
16,100,9.15931,300
17,100,9.1676,300
18,100,9.1553,300
19,100,9.17973,300
20,100,9.86073,300
21,100,9.731,300
22,100,9.72785,300
23,100,9.72828,300
24,100,9.84805,300
