node_id,initial_energy,remaining_energy,lifetime
0,100,6.65075,300
1,100,0,213.597
2,100,0,269.466
3,100,9.73968,300
4,100,9.83824,300
5,100,0,242.029
6,100,0,243.724
7,100,0,243.724
8,100,0,244.235
9,100,8.41408,300
10,100,0,295.875
11,100,0,266.758
12,100,0,249.148
13,100,0,224.534
14,100,0,256.7
15,100,9.63492,300
16,100,8.6343,300
17,100,0,289.652
18,100,0,292.509
19,100,0,257.806
20,100,9.8722,300
21,100,9.25002,300
22,100,0,293.709
23,100,9.26241,300
24,100,0,297.208
