node_id,initial_energy,remaining_energy,lifetime
0,100,7.53804,300
1,100,0,235.016
2,100,0,281.676
3,100,0,288.073
4,100,0,293.667
5,100,0,251.107
6,100,0,200.341
7,100,0,226.459
8,100,0,291.336
9,100,9.39018,300
10,100,0,263.549
11,100,0,285.941
12,100,0,292.187
13,100,0,291.13
14,100,9.64056,300
15,100,0,289.899
16,100,0,288.999
17,100,8.85169,300
18,100,0,291.756
19,100,9.21983,300
20,100,9.85561,300
21,100,9.72672,300
22,100,9.6421,300
23,100,0,294.936
24,100,9.85698,300
