node_id,initial_energy,remaining_energy,lifetime
0,100,6.68541,300
1,100,0,237.976
2,100,0,285.779
3,100,8.84646,300
4,100,9.34894,300
5,100,0,229.207
6,100,0,213.342
7,100,0,222.441
8,100,0,223.094
9,100,0,259.149
10,100,0,289.605
11,100,0,292.845
12,100,8.37809,300
13,100,0,258.488
14,100,0,295.79
15,100,0,291.956
16,100,9.2056,300
17,100,8.9429,300
18,100,0,294.741
19,100,9.23518,300
20,100,0,295.76
21,100,9.71906,300
22,100,9.46054,300
23,100,0,297.157
24,100,9.83709,300
