node_id,initial_energy,remaining_energy,lifetime
0,100,6.75487,300
1,100,0,225.323
2,100,0,287.268
3,100,0,287.653
4,100,9.79446,300
5,100,0,217.627
6,100,0,232.821
7,100,0,298.748
8,100,0,257.173
9,100,0,295.209
10,100,0,257.532
11,100,0,258.232
12,100,8.80539,300
13,100,0,293.435
14,100,9.61477,300
15,100,0,293.646
16,100,0,294.907
17,100,9.21077,300
18,100,0,295.157
19,100,9.66233,300
20,100,0,297.122
21,100,9.62253,300
22,100,9.61059,300
23,100,9.25393,300
24,100,9.85441,300
