node_id,initial_energy,remaining_energy,lifetime
0,100,7.63369,300
1,100,0,240.597
2,100,0,256.568
3,100,0,288.966
4,100,0,293.64
5,100,0,238.874
6,100,0,250.415
7,100,0,230.321
8,100,0,292.543
9,100,9.27409,300
10,100,0,251.718
11,100,0,292.159
12,100,0,294.281
13,100,0,292.343
14,100,0,293.68
15,100,0,292.466
16,100,9.175,300
17,100,9.2086,300
18,100,9.18895,300
19,100,0,294.289
20,100,0,294.673
21,100,9.19631,300
22,100,9.62961,300
23,100,9.68379,300
24,100,9.8592,300
