node_id,initial_energy,remaining_energy,lifetime
0,100,8.63849,300
1,100,0,271.347
2,100,0,276.065
3,100,0,290.401
4,100,0,292.676
5,100,0,264.895
6,100,0,292.77
7,100,0,293.37
8,100,0,290.872
9,100,4.07125,300
10,100,0,286.855
11,100,4.94312,300
12,100,4.62311,300
13,100,1.72469,300
14,100,4.49234,300
15,100,0,286.929
16,100,9.15939,300
17,100,9.01916,300
18,100,5.24331,300
19,100,6.60231,300
20,100,0,289.402
21,100,9.19139,300
22,100,9.61669,300
23,100,5.94487,300
24,100,7.3898,300
