node_id,initial_energy,remaining_energy,lifetime
0,100,7.25599,300
1,100,0,223.003
2,100,0,268.878
3,100,0,294.523
4,100,0,297.566
5,100,0,240.658
6,100,0,245.627
7,100,0,231.749
8,100,0,251.85
9,100,8.80857,300
10,100,0,280.324
11,100,0,252.567
12,100,0,293.91
13,100,0,254.031
14,100,8.88902,300
15,100,9.57847,300
16,100,0,254.595
17,100,9.22386,300
18,100,0,259.91
19,100,0,294.418
20,100,9.78552,300
21,100,0,293.412
22,100,9.62901,300
23,100,0,296.463
24,100,0,297.385
