node_id,initial_energy,remaining_energy,lifetime
0,100,7.17829,300
1,100,0,231.841
2,100,0,249.762
3,100,0,291.538
4,100,0,295.371
5,100,0,235.251
6,100,0,215.822
7,100,0,257.313
8,100,0,293.605
9,100,9.69136,300
10,100,0,288.953
11,100,0,294.534
12,100,9.17521,300
13,100,0,293.581
14,100,0,295.063
15,100,8.68134,300
16,100,0,291.401
17,100,9.20237,300
18,100,9.19258,300
19,100,0,295.427
20,100,9.83503,300
21,100,0,293.746
22,100,9.63383,300
23,100,9.67796,300
24,100,9.86028,300
