node_id,initial_energy,remaining_energy,lifetime
0,100,6.10361,300
1,100,0,198.678
2,100,0,291.977
3,100,9.02146,300
4,100,9.688,300
5,100,0,187.722
6,100,0,195.658
7,100,0,215.747
8,100,0,183.506
9,100,0,262.764
10,100,0,238.968
11,100,0,264.41
12,100,0,266.49
13,100,0,247.384
14,100,0,287.42
15,100,0,271.059
16,100,8.44838,300
17,100,0,268.694
18,100,1.52855,300
19,100,3.58559,300
20,100,0.99578,300
21,100,9.34522,300
22,100,0.304902,300
23,100,2.01013,300
24,100,4.58097,300
