node_id,initial_energy,remaining_energy,lifetime
0,100,6.23649,300
1,100,0,176.001
2,100,0,222.523
3,100,0,257.658
4,100,1.32006,300
5,100,0,194.003
6,100,0,211.925
7,100,0,229.9
8,100,0,215.005
9,100,0.300626,300
10,100,0,236.783
11,100,0,249.95
12,100,3.80764,300
13,100,0,242.454
14,100,0,293.463
15,100,0,270.935
16,100,0,282.577
17,100,6.26612,300
18,100,0,277.579
19,100,0,293.652
20,100,0.960931,300
21,100,2.22332,300
22,100,7.03648,300
23,100,2.17899,300
24,100,2.88176,300
