node_id,initial_energy,remaining_energy,lifetime
0,100,6.81969,300
1,100,0,220.461
2,100,0,211.437
3,100,0,267.732
4,100,0.176281,300
5,100,0,225.323
6,100,0,208.936
7,100,0,221.927
8,100,1.34164,300
9,100,9.17142,300
10,100,0,257.909
11,100,0,275.19
12,100,0,268.412
13,100,0,274.347
14,100,0,256.682
15,100,0,297.047
16,100,0.708055,300
17,100,0,284.81
18,100,4.14648,300
19,100,0,283.566
20,100,0,299.439
21,100,1.52146,300
22,100,3.49573,300
23,100,7.5757,300
24,100,7.76947,300
