node_id,initial_energy,remaining_energy,lifetime
0,100,6.88442,300
1,100,0,221.97
2,100,0,219.537
3,100,0,258.949
4,100,0,299.122
5,100,0,216.825
6,100,0,190.235
7,100,0,203.837
8,100,0,247.08
9,100,0,299.759
10,100,0,217.149
11,100,0,266.104
12,100,0,239.246
13,100,3.30802,300
14,100,9.60082,300
15,100,0,270.691
16,100,0,277.688
17,100,0,270.787
18,100,5.60192,300
19,100,9.25295,300
20,100,0,298.175
21,100,6.34223,300
22,100,0.352472,300
23,100,3.95169,300
24,100,6.38466,300
