node_id,initial_energy,remaining_energy,lifetime
0,100,7.51791,300
1,100,0,223.754
2,100,0,261.886
3,100,0,263.223
4,100,0,298.942
5,100,0,228.967
6,100,0,277.103
7,100,8.28706,300
8,100,8.64011,300
9,100,8.7975,300
10,100,2.28616,300
11,100,0.828334,300
12,100,5.74598,300
13,100,8.96819,300
14,100,9.34292,300
15,100,1.9079,300
16,100,4.9245,300
17,100,9.17655,300
18,100,9.19008,300
19,100,9.21872,300
20,100,0,297.825
21,100,5.93489,300
22,100,9.61633,300
23,100,9.66159,300
24,100,9.8638,300
