node_id,initial_energy,remaining_energy,lifetime
0,100,6.84641,300
1,100,0,207.794
2,100,0,258.566
3,100,9.72768,300
4,100,9.82215,300
5,100,0,223.999
6,100,0,256.311
7,100,0,242.745
8,100,0,296.596
9,100,9.20411,300
10,100,0,268.51
11,100,0,236.623
12,100,0,272.35
13,100,1.99336,300
14,100,2.11299,300
15,100,0,298.745
16,100,0.203406,300
17,100,0,275.781
18,100,8.62915,300
19,100,7.49711,300
20,100,9.8722,300
21,100,9.0894,300
22,100,1.78609,300
23,100,8.915,300
24,100,9.63906,300
