node_id,initial_energy,remaining_energy,lifetime
0,100,6.81531,300
1,100,0,201.198
2,100,0,258.168
3,100,0,290.592
4,100,6.47047,300
5,100,0,202.782
6,100,0,201.927
7,100,0,199.716
8,100,0,274.118
9,100,5.31755,300
10,100,0,241.596
11,100,0,284.415
12,100,0,257.488
13,100,0.718423,300
14,100,8.60301,300
15,100,0,299.79
16,100,5.1288,300
17,100,0,275.384
18,100,1.02728,300
19,100,8.65658,300
20,100,0.917171,300
21,100,9.36348,300
22,100,1.56214,300
23,100,9.23846,300
24,100,9.16559,300
