node_id,initial_energy,remaining_energy,lifetime
0,100,7.57412,300
1,100,0,238.395
2,100,9.5045,300
3,100,9.45275,300
4,100,9.67901,300
5,100,0,223.84
6,100,0,240.055
7,100,2.22901,300
8,100,8.93824,300
9,100,9.07909,300
10,100,0,225.259
11,100,0,292.987
12,100,8.2523,300
13,100,9.02388,300
14,100,9.4517,300
15,100,0,261.733
16,100,7.8861,300
17,100,9.06559,300
18,100,9.00561,300
19,100,9.13985,300
20,100,0,297.695
21,100,9.0262,300
22,100,9.57785,300
23,100,9.59584,300
24,100,9.85529,300
