node_id,initial_energy,remaining_energy,lifetime
0,100,6.24462,300
1,100,0,196.283
2,100,0,238.304
3,100,0,276.141
4,100,0.290519,300
5,100,0,219.545
6,100,0,187.523
7,100,0,192.207
8,100,0,238.942
9,100,6.43921,300
10,100,0,249.355
11,100,0,255.921
12,100,0,255.976
13,100,0,274.127
14,100,0,277.441
15,100,0,291.106
16,100,0,278.191
17,100,2.85235,300
18,100,0.83135,300
19,100,1.84256,300
20,100,8.85495,300
21,100,0.330333,300
22,100,7.47231,300
23,100,9.67675,300
24,100,9.85983,300
