node_id,initial_energy,remaining_energy,lifetime
0,100,6.23344,300
1,100,0,199.042
2,100,0,229.155
3,100,0,283.558
4,100,3.56842,300
5,100,0,224.279
6,100,0,232.177
7,100,0,209.303
8,100,0,247.697
9,100,7.98932,300
10,100,0,240.762
11,100,0,241.382
12,100,0,279.442
13,100,0,276.357
14,100,9.4997,300
15,100,0,259.864
16,100,0,275.294
17,100,1.58574,300
18,100,0,299.78
19,100,6.64305,300
20,100,0,297.567
21,100,1.38043,300
22,100,2.39387,300
23,100,2.94196,300
24,100,3.37634,300
