node_id,initial_energy,remaining_energy,lifetime
0,100,6.12608,300
1,100,0,161.064
2,100,0,172.875
3,100,0,278.391
4,100,1.8318,300
5,100,0,195.636
6,100,0,200.902
7,100,0,184.735
8,100,0,243.431
9,100,1.69104,300
10,100,0,234.294
11,100,0,225.412
12,100,0,195.499
13,100,0,270.221
14,100,0.508772,300
15,100,0,268.872
16,100,0,257.302
17,100,0,220.901
18,100,0,252.228
19,100,0,276.597
20,100,0.494696,300
21,100,0.0426207,300
22,100,0,281.4
23,100,1.98315,300
24,100,1.44496,300
