node_id,initial_energy,remaining_energy,lifetime
0,100,6.28653,300
1,100,0,210.897
2,100,0,241.844
3,100,0,292.761
4,100,7.02774,300
5,100,0,231.927
6,100,0,234.416
7,100,0,231.536
8,100,0,270.884
9,100,8.91706,300
10,100,0,247.836
11,100,0,255.464
12,100,0,292.599
13,100,0,295.142
14,100,9.53119,300
15,100,0,264.574
16,100,0,285.664
17,100,4.57396,300
18,100,3.85488,300
19,100,7.11309,300
20,100,0,299.375
21,100,3.04633,300
22,100,3.67476,300
23,100,5.94005,300
24,100,7.88407,300
