node_id,initial_energy,remaining_energy,lifetime
0,100,6.2341,300
1,100,0,201.517
2,100,0,285.416
3,100,8.96718,300
4,100,9.79863,300
5,100,0,187.235
6,100,0,194.113
7,100,0,214.674
8,100,0,235.658
9,100,0,282.293
10,100,0,244.648
11,100,0,273.036
12,100,0,274.188
13,100,0,295.607
14,100,0.0614995,300
15,100,0,275.856
16,100,0.968516,300
17,100,0,275.356
18,100,4.36056,300
19,100,7.20333,300
20,100,2.11517,300
21,100,1.84245,300
22,100,0.731246,300
23,100,4.08386,300
24,100,7.51433,300
