node_id,initial_energy,remaining_energy,lifetime
0,100,7.00788,300
1,100,0,209.449
2,100,0,259.974
3,100,9.72549,300
4,100,9.81252,300
5,100,0,211.104
6,100,0,249.082
7,100,0,246.07
8,100,0.439129,300
9,100,9.21991,300
10,100,0,243.891
11,100,0,241.157
12,100,0,280.299
13,100,8.00154,300
14,100,7.68781,300
15,100,0.236604,300
16,100,0.623247,300
17,100,0,282.799
18,100,9.19271,300
19,100,8.55366,300
20,100,9.87103,300
21,100,9.1796,300
22,100,3.01401,300
23,100,9.2423,300
24,100,9.85738,300
