node_id,initial_energy,remaining_energy,lifetime
0,100,6.56084,300
1,100,0,214.668
2,100,0,215.157
3,100,0,275.935
4,100,1.60716,300
5,100,0,223.913
6,100,0,207.521
7,100,0,219.993
8,100,0,296.972
9,100,9.18892,300
10,100,0,235.518
11,100,0,268.592
12,100,0,272.191
13,100,0,269.692
14,100,0,262.667
15,100,0,269.57
16,100,0,296.425
17,100,0,284.126
18,100,3.91027,300
19,100,0,288.176
20,100,0.745456,300
21,100,1.26758,300
22,100,2.98902,300
23,100,8.3994,300
24,100,7.26953,300
