node_id,initial_energy,remaining_energy,lifetime
0,100,6.75988,300
1,100,0,221.193
2,100,0,232.347
3,100,0,275.447
4,100,3.65724,300
5,100,0,224.171
6,100,0,194.438
7,100,0,210.841
8,100,0,255.021
9,100,1.41918,300
10,100,0,222.838
11,100,0,273.343
12,100,0,247.804
13,100,0,291.088
14,100,9.61084,300
15,100,0,275.531
16,100,0,279.16
17,100,0,277.759
18,100,6.7232,300
19,100,9.24276,300
20,100,0.057429,300
21,100,5.90248,300
22,100,1.54261,300
23,100,4.07401,300
24,100,6.44447,300
