node_id,initial_energy,remaining_energy,lifetime
0,100,6.09293,300
1,100,0,185.093
2,100,0,224.704
3,100,0,252.561
4,100,3.02678,300
5,100,0,195.65
6,100,0,222.435
7,100,0,230.939
8,100,0,230.673
9,100,1.40492,300
10,100,0,243.897
11,100,0,256.664
12,100,0.705052,300
13,100,0,255.422
14,100,0.606739,300
15,100,0,280.405
16,100,0,286.032
17,100,6.3978,300
18,100,0,284.753
19,100,0.808063,300
20,100,2.60173,300
21,100,1.89792,300
22,100,7.13467,300
23,100,2.96185,300
24,100,5.58859,300
