node_id,initial_energy,remaining_energy,lifetime
0,100,6.7353,300
1,100,0,205.237
2,100,0,261.075
3,100,0,294.555
4,100,5.04793,300
5,100,0,199.862
6,100,0,201.767
7,100,0,203.423
8,100,0,274.8
9,100,4.5527,300
10,100,0,252.306
11,100,0,289.212
12,100,0,261.966
13,100,1.07467,300
14,100,9.04327,300
15,100,0.435392,300
16,100,5.83588,300
17,100,0,280.864
18,100,1.34509,300
19,100,9.09372,300
20,100,1.42497,300
21,100,9.36793,300
22,100,1.8327,300
23,100,9.19357,300
24,100,9.54203,300
