node_id,initial_energy,remaining_energy,lifetime
0,100,6.9752,300
1,100,0,215.912
2,100,0,258.694
3,100,0,297.667
4,100,4.29865,300
5,100,0,236.59
6,100,0,223.913
7,100,0,260.231
8,100,0,290.495
9,100,8.04264,300
10,100,0,253.348
11,100,0,282.792
12,100,3.19384,300
13,100,5.11015,300
14,100,5.86719,300
15,100,0,293.473
16,100,0,297.423
17,100,5.11351,300
18,100,8.75065,300
19,100,5.96349,300
20,100,9.71752,300
21,100,3.60999,300
22,100,7.31241,300
23,100,9.6678,300
24,100,9.84862,300
