node_id,initial_energy,remaining_energy,lifetime
0,100,7.75948,300
1,100,0,243.743
2,100,0,297.722
3,100,0,298.642
4,100,0.132674,300
5,100,0,264.795
6,100,0,268.331
7,100,8.31428,300
8,100,8.97145,300
9,100,9.04712,300
10,100,2.93672,300
11,100,0,296.919
12,100,6.13152,300
13,100,9.14697,300
14,100,9.51347,300
15,100,2.407,300
16,100,3.56479,300
17,100,8.91415,300
18,100,9.14954,300
19,100,9.18882,300
20,100,0,297.356
21,100,5.17279,300
22,100,9.62171,300
23,100,9.67169,300
24,100,9.85508,300
