node_id,initial_energy,remaining_energy,lifetime
0,100,6.88276,300
1,100,0,199.479
2,100,0,271.563
3,100,1.76574,300
4,100,9.81593,300
5,100,0,207.794
6,100,0,240.823
7,100,0,293.083
8,100,0,263.096
9,100,1.27422,300
10,100,0,247.454
11,100,0,261.064
12,100,5.47048,300
13,100,0,288.984
14,100,9.6043,300
15,100,0,284.182
16,100,0,294.571
17,100,8.17478,300
18,100,0.555169,300
19,100,9.68322,300
20,100,2.2787,300
21,100,6.3773,300
22,100,8.39487,300
23,100,8.87105,300
24,100,9.86438,300
