node_id,initial_energy,remaining_energy,lifetime
0,100,7.12576,300
1,100,0,207.63
2,100,0,254.997
3,100,0,288.512
4,100,4.49138,300
5,100,0,211.764
6,100,0,245.685
7,100,0,260.328
8,100,0,299.994
9,100,2.35994,300
10,100,0,264.014
11,100,7.93332,300
12,100,0,291.278
13,100,9.07269,300
14,100,9.61435,300
15,100,1.0217,300
16,100,8.17444,300
17,100,2.13139,300
18,100,9.12479,300
19,100,9.7019,300
20,100,2.02799,300
21,100,9.51916,300
22,100,2.94664,300
23,100,9.15997,300
24,100,9.86976,300
