node_id,initial_energy,remaining_energy,lifetime
0,100,6.6227,300
1,100,0,218.209
2,100,0,288.067
3,100,8.28678,300
4,100,8.79294,300
5,100,0,243.834
6,100,0,235.653
7,100,0,267.064
8,100,0,217.481
9,100,0,280.6
10,100,0,291.437
11,100,0,284
12,100,3.69465,300
13,100,0,244.493
14,100,1.88242,300
15,100,0,292.851
16,100,9.0373,300
17,100,5.33873,300
18,100,8.54097,300
19,100,9.18483,300
20,100,0,296.27
21,100,9.62487,300
22,100,9.08785,300
23,100,8.44164,300
24,100,9.29927,300
