node_id,initial_energy,remaining_energy,lifetime
0,100,7.14639,300
1,100,0,231.845
2,100,0,258.21
3,100,0,259.293
4,100,0,297.303
5,100,0,248.084
6,100,0,209.212
7,100,0,232.841
8,100,0,287.91
9,100,0.980803,300
10,100,0,269.051
11,100,0,285.702
12,100,0,279.787
13,100,5.85888,300
14,100,9.49546,300
15,100,0,292.319
16,100,3.71441,300
17,100,3.82601,300
18,100,7.60678,300
19,100,9.23174,300
20,100,9.84859,300
21,100,9.63804,300
22,100,3.10618,300
23,100,5.49106,300
24,100,7.17262,300
