node_id,initial_energy,remaining_energy,lifetime
0,100,6.62264,300
1,100,0,231.103
2,100,0,291.886
3,100,8.4283,300
4,100,9.19333,300
5,100,0,246.168
6,100,0,252.214
7,100,0,238.257
8,100,0,260.81
9,100,9.24621,300
10,100,0,278.212
11,100,0,246.404
12,100,0,281.189
13,100,0,284.515
14,100,9.29118,300
15,100,8.70389,300
16,100,0,278.001
17,100,1.29655,300
18,100,0,286.458
19,100,2.43887,300
20,100,9.79565,300
21,100,1.42342,300
22,100,2.04246,300
23,100,1.76392,300
24,100,2.45217,300
