node_id,initial_energy,remaining_energy,lifetime
0,100,7.27845,300
1,100,0,239.151
2,100,0,271.802
3,100,4.57045,300
4,100,2.72444,300
5,100,0,234.289
6,100,0,213.825
7,100,0,250.641
8,100,0,284.048
9,100,6.49966,300
10,100,0,255.798
11,100,0,298.607
12,100,1.10025,300
13,100,0,296.474
14,100,0,299.037
15,100,0.263325,300
16,100,0,294.959
17,100,4.2819,300
18,100,9.02758,300
19,100,4.75727,300
20,100,9.84659,300
21,100,3.12594,300
22,100,7.46433,300
23,100,9.6709,300
24,100,9.8471,300
