node_id,initial_energy,remaining_energy,lifetime
0,100,7.54435,300
1,100,0,235.402
2,100,0,249.253
3,100,0,263.225
4,100,0,299.122
5,100,0,245.572
6,100,0,223.412
7,100,0,256.675
8,100,7.1197,300
9,100,9.12629,300
10,100,0,269.39
11,100,0,280.721
12,100,0,297.391
13,100,4.62252,300
14,100,5.13135,300
15,100,2.47014,300
16,100,3.11924,300
17,100,7.47867,300
18,100,8.7331,300
19,100,7.28539,300
20,100,0,297.455
21,100,5.2478,300
22,100,9.54286,300
23,100,9.21465,300
24,100,9.8592,300
