node_id,initial_energy,remaining_energy,lifetime
0,100,6.71812,300
1,100,0,217.8
2,100,0,215.489
3,100,0,266.9
4,100,0.796609,300
5,100,0,229.202
6,100,0,210.103
7,100,0,252.492
8,100,0,285.198
9,100,9.14657,300
10,100,0,245.971
11,100,0,273.208
12,100,0,275.652
13,100,0,273.863
14,100,0,282.029
15,100,0,276.783
16,100,1.33249,300
17,100,0,285.841
18,100,4.34223,300
19,100,3.06351,300
20,100,0.295633,300
21,100,5.79876,300
22,100,3.67728,300
23,100,9.58341,300
24,100,9.72696,300
