node_id,initial_energy,remaining_energy,lifetime
0,100,7.00462,300
1,100,0,213.993
2,100,0,260.331
3,100,9.71835,300
4,100,9.83032,300
5,100,0,210.659
6,100,0,234.469
7,100,0,260.197
8,100,1.60279,300
9,100,9.21309,300
10,100,0,246.084
11,100,0,250.589
12,100,0,280.65
13,100,2.89156,300
14,100,2.68233,300
15,100,0.816656,300
16,100,0.0146049,300
17,100,0,282.003
18,100,8.685,300
19,100,6.97886,300
20,100,9.84597,300
21,100,9.05132,300
22,100,2.47643,300
23,100,9.2037,300
24,100,9.60567,300
