node_id,initial_energy,remaining_energy,lifetime
0,100,6.67926,300
1,100,0,215.908
2,100,0,225.947
3,100,0,270.278
4,100,1.57948,300
5,100,0,218.635
6,100,0,190.495
7,100,0,211.268
8,100,0,232.141
9,100,4.21623,300
10,100,0,217.491
11,100,0,277.799
12,100,0,262.565
13,100,0,268.05
14,100,9.42839,300
15,100,0,272.313
16,100,0,287.175
17,100,0,294.641
18,100,1.95935,300
19,100,9.12144,300
20,100,0,298.763
21,100,6.35099,300
22,100,4.06845,300
23,100,4.45264,300
24,100,5.69313,300
