node_id,initial_energy,remaining_energy,lifetime
0,100,5.96849,300
1,100,0,191.201
2,100,0,259.527
3,100,0.179416,300
4,100,9.68732,300
5,100,0,186.038
6,100,0,188.668
7,100,0,207.626
8,100,0,181.941
9,100,0,262.625
10,100,0,247.542
11,100,0,261.31
12,100,0,274.729
13,100,0,248.135
14,100,0,284.606
15,100,0,279.858
16,100,0.949976,300
17,100,0,276.652
18,100,1.85938,300
19,100,2.33001,300
20,100,2.50789,300
21,100,1.75221,300
22,100,1.79262,300
23,100,1.99787,300
24,100,3.42531,300
