node_id,initial_energy,remaining_energy,lifetime
0,100,6.02683,300
1,100,0,185.689
2,100,0,226.417
3,100,0,254.186
4,100,2.83103,300
5,100,0,193.999
6,100,0,225.104
7,100,0,244.881
8,100,0,233.947
9,100,2.36646,300
10,100,0,242.196
11,100,0,256.081
12,100,0.486037,300
13,100,0,236.368
14,100,0,295.827
15,100,0,276.949
16,100,0,285.364
17,100,6.07414,300
18,100,0,291.79
19,100,0,295.933
20,100,1.78035,300
21,100,2.11031,300
22,100,6.70056,300
23,100,3.8618,300
24,100,4.16999,300
