node_id,initial_energy,remaining_energy,lifetime
0,100,6.20926,300
1,100,0,200.025
2,100,0,252.024
3,100,0,290.864
4,100,2.70768,300
5,100,0,223.435
6,100,0,193.999
7,100,0,207.365
8,100,0,259.912
9,100,6.41145,300
10,100,0,258.637
11,100,0,264.035
12,100,0,264.135
13,100,0,291.136
14,100,0.701105,300
15,100,0.218243,300
16,100,0,294.243
17,100,0.361008,300
18,100,2.66032,300
19,100,5.44871,300
20,100,9.83852,300
21,100,4.37877,300
22,100,7.02202,300
23,100,7.03267,300
24,100,9.8471,300
